village_id,year,month,depth_m,change_from_prev_year_m,quality,data_source
RKT001,2019,1,19.4,0.0,moderate,estimated
RKT001,2019,2,19.4,0.0,moderate,estimated
RKT001,2019,3,19.4,0.0,moderate,estimated
RKT001,2019,4,21.0,0.0,moderate,estimated
RKT001,2019,5,21.0,0.0,moderate,estimated
RKT001,2019,6,21.0,0.0,moderate,estimated
RKT001,2019,7,19.4,0.0,moderate,estimated
RKT001,2019,8,19.4,0.0,moderate,estimated
RKT001,2019,9,18.0,0.0,moderate,estimated
RKT001,2019,10,18.0,0.0,moderate,estimated
RKT001,2019,11,18.0,0.0,moderate,estimated
RKT001,2019,12,19.4,0.0,moderate,estimated
RKT001,2020,1,19.75,0.35,moderate,estimated
RKT001,2020,2,19.75,0.35,moderate,estimated
RKT001,2020,3,19.75,0.35,moderate,estimated
RKT001,2020,4,21.35,0.35,moderate,estimated
RKT001,2020,5,21.35,0.35,moderate,estimated
RKT001,2020,6,21.35,0.35,moderate,estimated
RKT001,2020,7,19.75,0.35,moderate,estimated
RKT001,2020,8,19.75,0.35,moderate,estimated
RKT001,2020,9,18.35,0.35,moderate,estimated
RKT001,2020,10,18.35,0.35,moderate,estimated
RKT001,2020,11,18.35,0.35,moderate,estimated
RKT001,2020,12,19.75,0.35,moderate,estimated
RKT001,2021,1,20.1,0.35,moderate,estimated
RKT001,2021,2,20.1,0.35,moderate,estimated
RKT001,2021,3,20.1,0.35,moderate,estimated
RKT001,2021,4,21.7,0.35,moderate,estimated
RKT001,2021,5,21.7,0.35,moderate,estimated
RKT001,2021,6,21.7,0.35,moderate,estimated
RKT001,2021,7,20.1,0.35,moderate,estimated
RKT001,2021,8,20.1,0.35,moderate,estimated
RKT001,2021,9,18.7,0.35,moderate,estimated
RKT001,2021,10,18.7,0.35,moderate,estimated
RKT001,2021,11,18.7,0.35,moderate,estimated
RKT001,2021,12,20.1,0.35,moderate,estimated
RKT001,2022,1,20.45,0.35,moderate,estimated
RKT001,2022,2,20.45,0.35,moderate,estimated
RKT001,2022,3,20.45,0.35,moderate,estimated
RKT001,2022,4,22.05,0.35,moderate,estimated
RKT001,2022,5,22.05,0.35,moderate,estimated
RKT001,2022,6,22.05,0.35,moderate,estimated
RKT001,2022,7,20.45,0.35,moderate,estimated
RKT001,2022,8,20.45,0.35,moderate,estimated
RKT001,2022,9,19.05,0.35,moderate,estimated
RKT001,2022,10,19.05,0.35,moderate,estimated
RKT001,2022,11,19.05,0.35,moderate,estimated
RKT001,2022,12,20.45,0.35,moderate,estimated
RKT001,2023,1,20.8,0.35,moderate,estimated
RKT001,2023,2,20.8,0.35,moderate,estimated
RKT001,2023,3,20.8,0.35,moderate,estimated
RKT001,2023,4,22.4,0.35,moderate,estimated
RKT001,2023,5,22.4,0.35,moderate,estimated
RKT001,2023,6,22.4,0.35,moderate,estimated
RKT001,2023,7,20.8,0.35,moderate,estimated
RKT001,2023,8,20.8,0.35,moderate,estimated
RKT001,2023,9,19.4,0.35,moderate,estimated
RKT001,2023,10,19.4,0.35,moderate,estimated
RKT001,2023,11,19.4,0.35,moderate,estimated
RKT001,2023,12,20.8,0.35,moderate,estimated
RKT001,2024,1,21.15,0.35,moderate,estimated
RKT001,2024,2,21.15,0.35,moderate,estimated
RKT001,2024,3,21.15,0.35,moderate,estimated
RKT001,2024,4,22.75,0.35,moderate,estimated
RKT001,2024,5,22.75,0.35,moderate,estimated
RKT001,2024,6,22.75,0.35,moderate,estimated
RKT001,2024,7,21.15,0.35,moderate,estimated
RKT001,2024,8,21.15,0.35,moderate,estimated
RKT001,2024,9,19.75,0.35,moderate,estimated
RKT001,2024,10,19.75,0.35,moderate,estimated
RKT001,2024,11,19.75,0.35,moderate,estimated
RKT001,2024,12,21.15,0.35,moderate,estimated
RKT002,2019,1,18.0,0.0,moderate,estimated
RKT002,2019,2,18.0,0.0,moderate,estimated
RKT002,2019,3,18.0,0.0,moderate,estimated
RKT002,2019,4,19.6,0.0,moderate,estimated
RKT002,2019,5,19.6,0.0,moderate,estimated
RKT002,2019,6,19.6,0.0,moderate,estimated
RKT002,2019,7,18.0,0.0,moderate,estimated
RKT002,2019,8,18.0,0.0,moderate,estimated
RKT002,2019,9,16.6,0.0,good,estimated
RKT002,2019,10,16.6,0.0,good,estimated
RKT002,2019,11,16.6,0.0,good,estimated
RKT002,2019,12,18.0,0.0,moderate,estimated
RKT002,2020,1,18.35,0.35,moderate,estimated
RKT002,2020,2,18.35,0.35,moderate,estimated
RKT002,2020,3,18.35,0.35,moderate,estimated
RKT002,2020,4,19.95,0.35,moderate,estimated
RKT002,2020,5,19.95,0.35,moderate,estimated
RKT002,2020,6,19.95,0.35,moderate,estimated
RKT002,2020,7,18.35,0.35,moderate,estimated
RKT002,2020,8,18.35,0.35,moderate,estimated
RKT002,2020,9,16.95,0.35,good,estimated
RKT002,2020,10,16.95,0.35,good,estimated
RKT002,2020,11,16.95,0.35,good,estimated
RKT002,2020,12,18.35,0.35,moderate,estimated
RKT002,2021,1,18.7,0.35,moderate,estimated
RKT002,2021,2,18.7,0.35,moderate,estimated
RKT002,2021,3,18.7,0.35,moderate,estimated
RKT002,2021,4,20.3,0.35,moderate,estimated
RKT002,2021,5,20.3,0.35,moderate,estimated
RKT002,2021,6,20.3,0.35,moderate,estimated
RKT002,2021,7,18.7,0.35,moderate,estimated
RKT002,2021,8,18.7,0.35,moderate,estimated
RKT002,2021,9,17.3,0.35,good,estimated
RKT002,2021,10,17.3,0.35,good,estimated
RKT002,2021,11,17.3,0.35,good,estimated
RKT002,2021,12,18.7,0.35,moderate,estimated
RKT002,2022,1,19.05,0.35,moderate,estimated
RKT002,2022,2,19.05,0.35,moderate,estimated
RKT002,2022,3,19.05,0.35,moderate,estimated
RKT002,2022,4,20.65,0.35,moderate,estimated
RKT002,2022,5,20.65,0.35,moderate,estimated
RKT002,2022,6,20.65,0.35,moderate,estimated
RKT002,2022,7,19.05,0.35,moderate,estimated
RKT002,2022,8,19.05,0.35,moderate,estimated
RKT002,2022,9,17.65,0.35,good,estimated
RKT002,2022,10,17.65,0.35,good,estimated
RKT002,2022,11,17.65,0.35,good,estimated
RKT002,2022,12,19.05,0.35,moderate,estimated
RKT002,2023,1,19.4,0.35,moderate,estimated
RKT002,2023,2,19.4,0.35,moderate,estimated
RKT002,2023,3,19.4,0.35,moderate,estimated
RKT002,2023,4,21.0,0.35,moderate,estimated
RKT002,2023,5,21.0,0.35,moderate,estimated
RKT002,2023,6,21.0,0.35,moderate,estimated
RKT002,2023,7,19.4,0.35,moderate,estimated
RKT002,2023,8,19.4,0.35,moderate,estimated
RKT002,2023,9,18.0,0.35,moderate,estimated
RKT002,2023,10,18.0,0.35,moderate,estimated
RKT002,2023,11,18.0,0.35,moderate,estimated
RKT002,2023,12,19.4,0.35,moderate,estimated
RKT002,2024,1,19.75,0.35,moderate,estimated
RKT002,2024,2,19.75,0.35,moderate,estimated
RKT002,2024,3,19.75,0.35,moderate,estimated
RKT002,2024,4,21.35,0.35,moderate,estimated
RKT002,2024,5,21.35,0.35,moderate,estimated
RKT002,2024,6,21.35,0.35,moderate,estimated
RKT002,2024,7,19.75,0.35,moderate,estimated
RKT002,2024,8,19.75,0.35,moderate,estimated
RKT002,2024,9,18.35,0.35,moderate,estimated
RKT002,2024,10,18.35,0.35,moderate,estimated
RKT002,2024,11,18.35,0.35,moderate,estimated
RKT002,2024,12,19.75,0.35,moderate,estimated
RKT003,2019,1,20.7,0.0,moderate,estimated
RKT003,2019,2,20.7,0.0,moderate,estimated
RKT003,2019,3,20.7,0.0,moderate,estimated
RKT003,2019,4,22.3,0.0,moderate,estimated
RKT003,2019,5,22.3,0.0,moderate,estimated
RKT003,2019,6,22.3,0.0,moderate,estimated
RKT003,2019,7,20.7,0.0,moderate,estimated
RKT003,2019,8,20.7,0.0,moderate,estimated
RKT003,2019,9,19.3,0.0,moderate,estimated
RKT003,2019,10,19.3,0.0,moderate,estimated
RKT003,2019,11,19.3,0.0,moderate,estimated
RKT003,2019,12,20.7,0.0,moderate,estimated
RKT003,2020,1,21.05,0.35,moderate,estimated
RKT003,2020,2,21.05,0.35,moderate,estimated
RKT003,2020,3,21.05,0.35,moderate,estimated
RKT003,2020,4,22.65,0.35,moderate,estimated
RKT003,2020,5,22.65,0.35,moderate,estimated
RKT003,2020,6,22.65,0.35,moderate,estimated
RKT003,2020,7,21.05,0.35,moderate,estimated
RKT003,2020,8,21.05,0.35,moderate,estimated
RKT003,2020,9,19.65,0.35,moderate,estimated
RKT003,2020,10,19.65,0.35,moderate,estimated
RKT003,2020,11,19.65,0.35,moderate,estimated
RKT003,2020,12,21.05,0.35,moderate,estimated
RKT003,2021,1,21.4,0.35,moderate,estimated
RKT003,2021,2,21.4,0.35,moderate,estimated
RKT003,2021,3,21.4,0.35,moderate,estimated
RKT003,2021,4,23.0,0.35,moderate,estimated
RKT003,2021,5,23.0,0.35,moderate,estimated
RKT003,2021,6,23.0,0.35,moderate,estimated
RKT003,2021,7,21.4,0.35,moderate,estimated
RKT003,2021,8,21.4,0.35,moderate,estimated
RKT003,2021,9,20.0,0.35,moderate,estimated
RKT003,2021,10,20.0,0.35,moderate,estimated
RKT003,2021,11,20.0,0.35,moderate,estimated
RKT003,2021,12,21.4,0.35,moderate,estimated
RKT003,2022,1,21.75,0.35,moderate,estimated
RKT003,2022,2,21.75,0.35,moderate,estimated
RKT003,2022,3,21.75,0.35,moderate,estimated
RKT003,2022,4,23.35,0.35,moderate,estimated
RKT003,2022,5,23.35,0.35,moderate,estimated
RKT003,2022,6,23.35,0.35,moderate,estimated
RKT003,2022,7,21.75,0.35,moderate,estimated
RKT003,2022,8,21.75,0.35,moderate,estimated
RKT003,2022,9,20.35,0.35,moderate,estimated
RKT003,2022,10,20.35,0.35,moderate,estimated
RKT003,2022,11,20.35,0.35,moderate,estimated
RKT003,2022,12,21.75,0.35,moderate,estimated
RKT003,2023,1,22.1,0.35,moderate,estimated
RKT003,2023,2,22.1,0.35,moderate,estimated
RKT003,2023,3,22.1,0.35,moderate,estimated
RKT003,2023,4,23.7,0.35,moderate,estimated
RKT003,2023,5,23.7,0.35,moderate,estimated
RKT003,2023,6,23.7,0.35,moderate,estimated
RKT003,2023,7,22.1,0.35,moderate,estimated
RKT003,2023,8,22.1,0.35,moderate,estimated
RKT003,2023,9,20.7,0.35,moderate,estimated
RKT003,2023,10,20.7,0.35,moderate,estimated
RKT003,2023,11,20.7,0.35,moderate,estimated
RKT003,2023,12,22.1,0.35,moderate,estimated
RKT003,2024,1,22.45,0.35,moderate,estimated
RKT003,2024,2,22.45,0.35,moderate,estimated
RKT003,2024,3,22.45,0.35,moderate,estimated
RKT003,2024,4,24.05,0.35,moderate,estimated
RKT003,2024,5,24.05,0.35,moderate,estimated
RKT003,2024,6,24.05,0.35,moderate,estimated
RKT003,2024,7,22.45,0.35,moderate,estimated
RKT003,2024,8,22.45,0.35,moderate,estimated
RKT003,2024,9,21.05,0.35,moderate,estimated
RKT003,2024,10,21.05,0.35,moderate,estimated
RKT003,2024,11,21.05,0.35,moderate,estimated
RKT003,2024,12,22.45,0.35,moderate,estimated
RKT004,2019,1,19.1,0.0,moderate,estimated
RKT004,2019,2,19.1,0.0,moderate,estimated
RKT004,2019,3,19.1,0.0,moderate,estimated
RKT004,2019,4,20.7,0.0,moderate,estimated
RKT004,2019,5,20.7,0.0,moderate,estimated
RKT004,2019,6,20.7,0.0,moderate,estimated
RKT004,2019,7,19.1,0.0,moderate,estimated
RKT004,2019,8,19.1,0.0,moderate,estimated
RKT004,2019,9,17.7,0.0,good,estimated
RKT004,2019,10,17.7,0.0,good,estimated
RKT004,2019,11,17.7,0.0,good,estimated
RKT004,2019,12,19.1,0.0,moderate,estimated
RKT004,2020,1,19.45,0.35,moderate,estimated
RKT004,2020,2,19.45,0.35,moderate,estimated
RKT004,2020,3,19.45,0.35,moderate,estimated
RKT004,2020,4,21.05,0.35,moderate,estimated
RKT004,2020,5,21.05,0.35,moderate,estimated
RKT004,2020,6,21.05,0.35,moderate,estimated
RKT004,2020,7,19.45,0.35,moderate,estimated
RKT004,2020,8,19.45,0.35,moderate,estimated
RKT004,2020,9,18.05,0.35,moderate,estimated
RKT004,2020,10,18.05,0.35,moderate,estimated
RKT004,2020,11,18.05,0.35,moderate,estimated
RKT004,2020,12,19.45,0.35,moderate,estimated
RKT004,2021,1,19.8,0.35,moderate,estimated
RKT004,2021,2,19.8,0.35,moderate,estimated
RKT004,2021,3,19.8,0.35,moderate,estimated
RKT004,2021,4,21.4,0.35,moderate,estimated
RKT004,2021,5,21.4,0.35,moderate,estimated
RKT004,2021,6,21.4,0.35,moderate,estimated
RKT004,2021,7,19.8,0.35,moderate,estimated
RKT004,2021,8,19.8,0.35,moderate,estimated
RKT004,2021,9,18.4,0.35,moderate,estimated
RKT004,2021,10,18.4,0.35,moderate,estimated
RKT004,2021,11,18.4,0.35,moderate,estimated
RKT004,2021,12,19.8,0.35,moderate,estimated
RKT004,2022,1,20.15,0.35,moderate,estimated
RKT004,2022,2,20.15,0.35,moderate,estimated
RKT004,2022,3,20.15,0.35,moderate,estimated
RKT004,2022,4,21.75,0.35,moderate,estimated
RKT004,2022,5,21.75,0.35,moderate,estimated
RKT004,2022,6,21.75,0.35,moderate,estimated
RKT004,2022,7,20.15,0.35,moderate,estimated
RKT004,2022,8,20.15,0.35,moderate,estimated
RKT004,2022,9,18.75,0.35,moderate,estimated
RKT004,2022,10,18.75,0.35,moderate,estimated
RKT004,2022,11,18.75,0.35,moderate,estimated
RKT004,2022,12,20.15,0.35,moderate,estimated
RKT004,2023,1,20.5,0.35,moderate,estimated
RKT004,2023,2,20.5,0.35,moderate,estimated
RKT004,2023,3,20.5,0.35,moderate,estimated
RKT004,2023,4,22.1,0.35,moderate,estimated
RKT004,2023,5,22.1,0.35,moderate,estimated
RKT004,2023,6,22.1,0.35,moderate,estimated
RKT004,2023,7,20.5,0.35,moderate,estimated
RKT004,2023,8,20.5,0.35,moderate,estimated
RKT004,2023,9,19.1,0.35,moderate,estimated
RKT004,2023,10,19.1,0.35,moderate,estimated
RKT004,2023,11,19.1,0.35,moderate,estimated
RKT004,2023,12,20.5,0.35,moderate,estimated
RKT004,2024,1,20.85,0.35,moderate,estimated
RKT004,2024,2,20.85,0.35,moderate,estimated
RKT004,2024,3,20.85,0.35,moderate,estimated
RKT004,2024,4,22.45,0.35,moderate,estimated
RKT004,2024,5,22.45,0.35,moderate,estimated
RKT004,2024,6,22.45,0.35,moderate,estimated
RKT004,2024,7,20.85,0.35,moderate,estimated
RKT004,2024,8,20.85,0.35,moderate,estimated
RKT004,2024,9,19.45,0.35,moderate,estimated
RKT004,2024,10,19.45,0.35,moderate,estimated
RKT004,2024,11,19.45,0.35,moderate,estimated
RKT004,2024,12,20.85,0.35,moderate,estimated
RKT005,2019,1,15.6,0.0,good,estimated
RKT005,2019,2,15.6,0.0,good,estimated
RKT005,2019,3,15.6,0.0,good,estimated
RKT005,2019,4,17.2,0.0,good,estimated
RKT005,2019,5,17.2,0.0,good,estimated
RKT005,2019,6,17.2,0.0,good,estimated
RKT005,2019,7,15.6,0.0,good,estimated
RKT005,2019,8,15.6,0.0,good,estimated
RKT005,2019,9,14.2,0.0,good,estimated
RKT005,2019,10,14.2,0.0,good,estimated
RKT005,2019,11,14.2,0.0,good,estimated
RKT005,2019,12,15.6,0.0,good,estimated
RKT005,2020,1,15.95,0.35,good,estimated
RKT005,2020,2,15.95,0.35,good,estimated
RKT005,2020,3,15.95,0.35,good,estimated
RKT005,2020,4,17.55,0.35,good,estimated
RKT005,2020,5,17.55,0.35,good,estimated
RKT005,2020,6,17.55,0.35,good,estimated
RKT005,2020,7,15.95,0.35,good,estimated
RKT005,2020,8,15.95,0.35,good,estimated
RKT005,2020,9,14.55,0.35,good,estimated
RKT005,2020,10,14.55,0.35,good,estimated
RKT005,2020,11,14.55,0.35,good,estimated
RKT005,2020,12,15.95,0.35,good,estimated
RKT005,2021,1,16.3,0.35,good,estimated
RKT005,2021,2,16.3,0.35,good,estimated
RKT005,2021,3,16.3,0.35,good,estimated
RKT005,2021,4,17.9,0.35,good,estimated
RKT005,2021,5,17.9,0.35,good,estimated
RKT005,2021,6,17.9,0.35,good,estimated
RKT005,2021,7,16.3,0.35,good,estimated
RKT005,2021,8,16.3,0.35,good,estimated
RKT005,2021,9,14.9,0.35,good,estimated
RKT005,2021,10,14.9,0.35,good,estimated
RKT005,2021,11,14.9,0.35,good,estimated
RKT005,2021,12,16.3,0.35,good,estimated
RKT005,2022,1,16.65,0.35,good,estimated
RKT005,2022,2,16.65,0.35,good,estimated
RKT005,2022,3,16.65,0.35,good,estimated
RKT005,2022,4,18.25,0.35,moderate,estimated
RKT005,2022,5,18.25,0.35,moderate,estimated
RKT005,2022,6,18.25,0.35,moderate,estimated
RKT005,2022,7,16.65,0.35,good,estimated
RKT005,2022,8,16.65,0.35,good,estimated
RKT005,2022,9,15.25,0.35,good,estimated
RKT005,2022,10,15.25,0.35,good,estimated
RKT005,2022,11,15.25,0.35,good,estimated
RKT005,2022,12,16.65,0.35,good,estimated
RKT005,2023,1,17.0,0.35,good,estimated
RKT005,2023,2,17.0,0.35,good,estimated
RKT005,2023,3,17.0,0.35,good,estimated
RKT005,2023,4,18.6,0.35,moderate,estimated
RKT005,2023,5,18.6,0.35,moderate,estimated
RKT005,2023,6,18.6,0.35,moderate,estimated
RKT005,2023,7,17.0,0.35,good,estimated
RKT005,2023,8,17.0,0.35,good,estimated
RKT005,2023,9,15.6,0.35,good,estimated
RKT005,2023,10,15.6,0.35,good,estimated
RKT005,2023,11,15.6,0.35,good,estimated
RKT005,2023,12,17.0,0.35,good,estimated
RKT005,2024,1,17.35,0.35,good,estimated
RKT005,2024,2,17.35,0.35,good,estimated
RKT005,2024,3,17.35,0.35,good,estimated
RKT005,2024,4,18.95,0.35,moderate,estimated
RKT005,2024,5,18.95,0.35,moderate,estimated
RKT005,2024,6,18.95,0.35,moderate,estimated
RKT005,2024,7,17.35,0.35,good,estimated
RKT005,2024,8,17.35,0.35,good,estimated
RKT005,2024,9,15.95,0.35,good,estimated
RKT005,2024,10,15.95,0.35,good,estimated
RKT005,2024,11,15.95,0.35,good,estimated
RKT005,2024,12,17.35,0.35,good,estimated
RKT006,2019,1,22.3,0.0,moderate,estimated
RKT006,2019,2,22.3,0.0,moderate,estimated
RKT006,2019,3,22.3,0.0,moderate,estimated
RKT006,2019,4,23.9,0.0,moderate,estimated
RKT006,2019,5,23.9,0.0,moderate,estimated
RKT006,2019,6,23.9,0.0,moderate,estimated
RKT006,2019,7,22.3,0.0,moderate,estimated
RKT006,2019,8,22.3,0.0,moderate,estimated
RKT006,2019,9,20.9,0.0,moderate,estimated
RKT006,2019,10,20.9,0.0,moderate,estimated
RKT006,2019,11,20.9,0.0,moderate,estimated
RKT006,2019,12,22.3,0.0,moderate,estimated
RKT006,2020,1,22.65,0.35,moderate,estimated
RKT006,2020,2,22.65,0.35,moderate,estimated
RKT006,2020,3,22.65,0.35,moderate,estimated
RKT006,2020,4,24.25,0.35,moderate,estimated
RKT006,2020,5,24.25,0.35,moderate,estimated
RKT006,2020,6,24.25,0.35,moderate,estimated
RKT006,2020,7,22.65,0.35,moderate,estimated
RKT006,2020,8,22.65,0.35,moderate,estimated
RKT006,2020,9,21.25,0.35,moderate,estimated
RKT006,2020,10,21.25,0.35,moderate,estimated
RKT006,2020,11,21.25,0.35,moderate,estimated
RKT006,2020,12,22.65,0.35,moderate,estimated
RKT006,2021,1,23.0,0.35,moderate,estimated
RKT006,2021,2,23.0,0.35,moderate,estimated
RKT006,2021,3,23.0,0.35,moderate,estimated
RKT006,2021,4,24.6,0.35,moderate,estimated
RKT006,2021,5,24.6,0.35,moderate,estimated
RKT006,2021,6,24.6,0.35,moderate,estimated
RKT006,2021,7,23.0,0.35,moderate,estimated
RKT006,2021,8,23.0,0.35,moderate,estimated
RKT006,2021,9,21.6,0.35,moderate,estimated
RKT006,2021,10,21.6,0.35,moderate,estimated
RKT006,2021,11,21.6,0.35,moderate,estimated
RKT006,2021,12,23.0,0.35,moderate,estimated
RKT006,2022,1,23.35,0.35,moderate,estimated
RKT006,2022,2,23.35,0.35,moderate,estimated
RKT006,2022,3,23.35,0.35,moderate,estimated
RKT006,2022,4,24.95,0.35,moderate,estimated
RKT006,2022,5,24.95,0.35,moderate,estimated
RKT006,2022,6,24.95,0.35,moderate,estimated
RKT006,2022,7,23.35,0.35,moderate,estimated
RKT006,2022,8,23.35,0.35,moderate,estimated
RKT006,2022,9,21.95,0.35,moderate,estimated
RKT006,2022,10,21.95,0.35,moderate,estimated
RKT006,2022,11,21.95,0.35,moderate,estimated
RKT006,2022,12,23.35,0.35,moderate,estimated
RKT006,2023,1,23.7,0.35,moderate,estimated
RKT006,2023,2,23.7,0.35,moderate,estimated
RKT006,2023,3,23.7,0.35,moderate,estimated
RKT006,2023,4,25.3,0.35,saline,estimated
RKT006,2023,5,25.3,0.35,saline,estimated
RKT006,2023,6,25.3,0.35,saline,estimated
RKT006,2023,7,23.7,0.35,moderate,estimated
RKT006,2023,8,23.7,0.35,moderate,estimated
RKT006,2023,9,22.3,0.35,moderate,estimated
RKT006,2023,10,22.3,0.35,moderate,estimated
RKT006,2023,11,22.3,0.35,moderate,estimated
RKT006,2023,12,23.7,0.35,moderate,estimated
RKT006,2024,1,24.05,0.35,moderate,estimated
RKT006,2024,2,24.05,0.35,moderate,estimated
RKT006,2024,3,24.05,0.35,moderate,estimated
RKT006,2024,4,25.65,0.35,saline,estimated
RKT006,2024,5,25.65,0.35,saline,estimated
RKT006,2024,6,25.65,0.35,saline,estimated
RKT006,2024,7,24.05,0.35,moderate,estimated
RKT006,2024,8,24.05,0.35,moderate,estimated
RKT006,2024,9,22.65,0.35,moderate,estimated
RKT006,2024,10,22.65,0.35,moderate,estimated
RKT006,2024,11,22.65,0.35,moderate,estimated
RKT006,2024,12,24.05,0.35,moderate,estimated
RKT007,2019,1,24.5,0.0,moderate,estimated
RKT007,2019,2,24.5,0.0,moderate,estimated
RKT007,2019,3,24.5,0.0,moderate,estimated
RKT007,2019,4,26.1,0.0,saline,estimated
RKT007,2019,5,26.1,0.0,saline,estimated
RKT007,2019,6,26.1,0.0,saline,estimated
RKT007,2019,7,24.5,0.0,moderate,estimated
RKT007,2019,8,24.5,0.0,moderate,estimated
RKT007,2019,9,23.1,0.0,moderate,estimated
RKT007,2019,10,23.1,0.0,moderate,estimated
RKT007,2019,11,23.1,0.0,moderate,estimated
RKT007,2019,12,24.5,0.0,moderate,estimated
RKT007,2020,1,24.85,0.35,moderate,estimated
RKT007,2020,2,24.85,0.35,moderate,estimated
RKT007,2020,3,24.85,0.35,moderate,estimated
RKT007,2020,4,26.45,0.35,saline,estimated
RKT007,2020,5,26.45,0.35,saline,estimated
RKT007,2020,6,26.45,0.35,saline,estimated
RKT007,2020,7,24.85,0.35,moderate,estimated
RKT007,2020,8,24.85,0.35,moderate,estimated
RKT007,2020,9,23.45,0.35,moderate,estimated
RKT007,2020,10,23.45,0.35,moderate,estimated
RKT007,2020,11,23.45,0.35,moderate,estimated
RKT007,2020,12,24.85,0.35,moderate,estimated
RKT007,2021,1,25.2,0.35,saline,estimated
RKT007,2021,2,25.2,0.35,saline,estimated
RKT007,2021,3,25.2,0.35,saline,estimated
RKT007,2021,4,26.8,0.35,saline,estimated
RKT007,2021,5,26.8,0.35,saline,estimated
RKT007,2021,6,26.8,0.35,saline,estimated
RKT007,2021,7,25.2,0.35,saline,estimated
RKT007,2021,8,25.2,0.35,saline,estimated
RKT007,2021,9,23.8,0.35,moderate,estimated
RKT007,2021,10,23.8,0.35,moderate,estimated
RKT007,2021,11,23.8,0.35,moderate,estimated
RKT007,2021,12,25.2,0.35,saline,estimated
RKT007,2022,1,25.55,0.35,saline,estimated
RKT007,2022,2,25.55,0.35,saline,estimated
RKT007,2022,3,25.55,0.35,saline,estimated
RKT007,2022,4,27.15,0.35,saline,estimated
RKT007,2022,5,27.15,0.35,saline,estimated
RKT007,2022,6,27.15,0.35,saline,estimated
RKT007,2022,7,25.55,0.35,saline,estimated
RKT007,2022,8,25.55,0.35,saline,estimated
RKT007,2022,9,24.15,0.35,moderate,estimated
RKT007,2022,10,24.15,0.35,moderate,estimated
RKT007,2022,11,24.15,0.35,moderate,estimated
RKT007,2022,12,25.55,0.35,saline,estimated
RKT007,2023,1,25.9,0.35,saline,estimated
RKT007,2023,2,25.9,0.35,saline,estimated
RKT007,2023,3,25.9,0.35,saline,estimated
RKT007,2023,4,27.5,0.35,saline,estimated
RKT007,2023,5,27.5,0.35,saline,estimated
RKT007,2023,6,27.5,0.35,saline,estimated
RKT007,2023,7,25.9,0.35,saline,estimated
RKT007,2023,8,25.9,0.35,saline,estimated
RKT007,2023,9,24.5,0.35,moderate,estimated
RKT007,2023,10,24.5,0.35,moderate,estimated
RKT007,2023,11,24.5,0.35,moderate,estimated
RKT007,2023,12,25.9,0.35,saline,estimated
RKT007,2024,1,26.25,0.35,saline,estimated
RKT007,2024,2,26.25,0.35,saline,estimated
RKT007,2024,3,26.25,0.35,saline,estimated
RKT007,2024,4,27.85,0.35,saline,estimated
RKT007,2024,5,27.85,0.35,saline,estimated
RKT007,2024,6,27.85,0.35,saline,estimated
RKT007,2024,7,26.25,0.35,saline,estimated
RKT007,2024,8,26.25,0.35,saline,estimated
RKT007,2024,9,24.85,0.35,moderate,estimated
RKT007,2024,10,24.85,0.35,moderate,estimated
RKT007,2024,11,24.85,0.35,moderate,estimated
RKT007,2024,12,26.25,0.35,saline,estimated
RKT008,2019,1,21.9,0.0,moderate,estimated
RKT008,2019,2,21.9,0.0,moderate,estimated
RKT008,2019,3,21.9,0.0,moderate,estimated
RKT008,2019,4,23.5,0.0,moderate,estimated
RKT008,2019,5,23.5,0.0,moderate,estimated
RKT008,2019,6,23.5,0.0,moderate,estimated
RKT008,2019,7,21.9,0.0,moderate,estimated
RKT008,2019,8,21.9,0.0,moderate,estimated
RKT008,2019,9,20.5,0.0,moderate,estimated
RKT008,2019,10,20.5,0.0,moderate,estimated
RKT008,2019,11,20.5,0.0,moderate,estimated
RKT008,2019,12,21.9,0.0,moderate,estimated
RKT008,2020,1,22.25,0.35,moderate,estimated
RKT008,2020,2,22.25,0.35,moderate,estimated
RKT008,2020,3,22.25,0.35,moderate,estimated
RKT008,2020,4,23.85,0.35,moderate,estimated
RKT008,2020,5,23.85,0.35,moderate,estimated
RKT008,2020,6,23.85,0.35,moderate,estimated
RKT008,2020,7,22.25,0.35,moderate,estimated
RKT008,2020,8,22.25,0.35,moderate,estimated
RKT008,2020,9,20.85,0.35,moderate,estimated
RKT008,2020,10,20.85,0.35,moderate,estimated
RKT008,2020,11,20.85,0.35,moderate,estimated
RKT008,2020,12,22.25,0.35,moderate,estimated
RKT008,2021,1,22.6,0.35,moderate,estimated
RKT008,2021,2,22.6,0.35,moderate,estimated
RKT008,2021,3,22.6,0.35,moderate,estimated
RKT008,2021,4,24.2,0.35,moderate,estimated
RKT008,2021,5,24.2,0.35,moderate,estimated
RKT008,2021,6,24.2,0.35,moderate,estimated
RKT008,2021,7,22.6,0.35,moderate,estimated
RKT008,2021,8,22.6,0.35,moderate,estimated
RKT008,2021,9,21.2,0.35,moderate,estimated
RKT008,2021,10,21.2,0.35,moderate,estimated
RKT008,2021,11,21.2,0.35,moderate,estimated
RKT008,2021,12,22.6,0.35,moderate,estimated
RKT008,2022,1,22.95,0.35,moderate,estimated
RKT008,2022,2,22.95,0.35,moderate,estimated
RKT008,2022,3,22.95,0.35,moderate,estimated
RKT008,2022,4,24.55,0.35,moderate,estimated
RKT008,2022,5,24.55,0.35,moderate,estimated
RKT008,2022,6,24.55,0.35,moderate,estimated
RKT008,2022,7,22.95,0.35,moderate,estimated
RKT008,2022,8,22.95,0.35,moderate,estimated
RKT008,2022,9,21.55,0.35,moderate,estimated
RKT008,2022,10,21.55,0.35,moderate,estimated
RKT008,2022,11,21.55,0.35,moderate,estimated
RKT008,2022,12,22.95,0.35,moderate,estimated
RKT008,2023,1,23.3,0.35,moderate,estimated
RKT008,2023,2,23.3,0.35,moderate,estimated
RKT008,2023,3,23.3,0.35,moderate,estimated
RKT008,2023,4,24.9,0.35,moderate,estimated
RKT008,2023,5,24.9,0.35,moderate,estimated
RKT008,2023,6,24.9,0.35,moderate,estimated
RKT008,2023,7,23.3,0.35,moderate,estimated
RKT008,2023,8,23.3,0.35,moderate,estimated
RKT008,2023,9,21.9,0.35,moderate,estimated
RKT008,2023,10,21.9,0.35,moderate,estimated
RKT008,2023,11,21.9,0.35,moderate,estimated
RKT008,2023,12,23.3,0.35,moderate,estimated
RKT008,2024,1,23.65,0.35,moderate,estimated
RKT008,2024,2,23.65,0.35,moderate,estimated
RKT008,2024,3,23.65,0.35,moderate,estimated
RKT008,2024,4,25.25,0.35,saline,estimated
RKT008,2024,5,25.25,0.35,saline,estimated
RKT008,2024,6,25.25,0.35,saline,estimated
RKT008,2024,7,23.65,0.35,moderate,estimated
RKT008,2024,8,23.65,0.35,moderate,estimated
RKT008,2024,9,22.25,0.35,moderate,estimated
RKT008,2024,10,22.25,0.35,moderate,estimated
RKT008,2024,11,22.25,0.35,moderate,estimated
RKT008,2024,12,23.65,0.35,moderate,estimated
RKT009,2019,1,16.4,0.0,good,estimated
RKT009,2019,2,16.4,0.0,good,estimated
RKT009,2019,3,16.4,0.0,good,estimated
RKT009,2019,4,18.0,0.0,moderate,estimated
RKT009,2019,5,18.0,0.0,moderate,estimated
RKT009,2019,6,18.0,0.0,moderate,estimated
RKT009,2019,7,16.4,0.0,good,estimated
RKT009,2019,8,16.4,0.0,good,estimated
RKT009,2019,9,15.0,0.0,good,estimated
RKT009,2019,10,15.0,0.0,good,estimated
RKT009,2019,11,15.0,0.0,good,estimated
RKT009,2019,12,16.4,0.0,good,estimated
RKT009,2020,1,16.75,0.35,good,estimated
RKT009,2020,2,16.75,0.35,good,estimated
RKT009,2020,3,16.75,0.35,good,estimated
RKT009,2020,4,18.35,0.35,moderate,estimated
RKT009,2020,5,18.35,0.35,moderate,estimated
RKT009,2020,6,18.35,0.35,moderate,estimated
RKT009,2020,7,16.75,0.35,good,estimated
RKT009,2020,8,16.75,0.35,good,estimated
RKT009,2020,9,15.35,0.35,good,estimated
RKT009,2020,10,15.35,0.35,good,estimated
RKT009,2020,11,15.35,0.35,good,estimated
RKT009,2020,12,16.75,0.35,good,estimated
RKT009,2021,1,17.1,0.35,good,estimated
RKT009,2021,2,17.1,0.35,good,estimated
RKT009,2021,3,17.1,0.35,good,estimated
RKT009,2021,4,18.7,0.35,moderate,estimated
RKT009,2021,5,18.7,0.35,moderate,estimated
RKT009,2021,6,18.7,0.35,moderate,estimated
RKT009,2021,7,17.1,0.35,good,estimated
RKT009,2021,8,17.1,0.35,good,estimated
RKT009,2021,9,15.7,0.35,good,estimated
RKT009,2021,10,15.7,0.35,good,estimated
RKT009,2021,11,15.7,0.35,good,estimated
RKT009,2021,12,17.1,0.35,good,estimated
RKT009,2022,1,17.45,0.35,good,estimated
RKT009,2022,2,17.45,0.35,good,estimated
RKT009,2022,3,17.45,0.35,good,estimated
RKT009,2022,4,19.05,0.35,moderate,estimated
RKT009,2022,5,19.05,0.35,moderate,estimated
RKT009,2022,6,19.05,0.35,moderate,estimated
RKT009,2022,7,17.45,0.35,good,estimated
RKT009,2022,8,17.45,0.35,good,estimated
RKT009,2022,9,16.05,0.35,good,estimated
RKT009,2022,10,16.05,0.35,good,estimated
RKT009,2022,11,16.05,0.35,good,estimated
RKT009,2022,12,17.45,0.35,good,estimated
RKT009,2023,1,17.8,0.35,good,estimated
RKT009,2023,2,17.8,0.35,good,estimated
RKT009,2023,3,17.8,0.35,good,estimated
RKT009,2023,4,19.4,0.35,moderate,estimated
RKT009,2023,5,19.4,0.35,moderate,estimated
RKT009,2023,6,19.4,0.35,moderate,estimated
RKT009,2023,7,17.8,0.35,good,estimated
RKT009,2023,8,17.8,0.35,good,estimated
RKT009,2023,9,16.4,0.35,good,estimated
RKT009,2023,10,16.4,0.35,good,estimated
RKT009,2023,11,16.4,0.35,good,estimated
RKT009,2023,12,17.8,0.35,good,estimated
RKT009,2024,1,18.15,0.35,moderate,estimated
RKT009,2024,2,18.15,0.35,moderate,estimated
RKT009,2024,3,18.15,0.35,moderate,estimated
RKT009,2024,4,19.75,0.35,moderate,estimated
RKT009,2024,5,19.75,0.35,moderate,estimated
RKT009,2024,6,19.75,0.35,moderate,estimated
RKT009,2024,7,18.15,0.35,moderate,estimated
RKT009,2024,8,18.15,0.35,moderate,estimated
RKT009,2024,9,16.75,0.35,good,estimated
RKT009,2024,10,16.75,0.35,good,estimated
RKT009,2024,11,16.75,0.35,good,estimated
RKT009,2024,12,18.15,0.35,moderate,estimated
RKT010,2019,1,15.0,0.0,good,estimated
RKT010,2019,2,15.0,0.0,good,estimated
RKT010,2019,3,15.0,0.0,good,estimated
RKT010,2019,4,16.6,0.0,good,estimated
RKT010,2019,5,16.6,0.0,good,estimated
RKT010,2019,6,16.6,0.0,good,estimated
RKT010,2019,7,15.0,0.0,good,estimated
RKT010,2019,8,15.0,0.0,good,estimated
RKT010,2019,9,13.6,0.0,good,estimated
RKT010,2019,10,13.6,0.0,good,estimated
RKT010,2019,11,13.6,0.0,good,estimated
RKT010,2019,12,15.0,0.0,good,estimated
RKT010,2020,1,15.35,0.35,good,estimated
RKT010,2020,2,15.35,0.35,good,estimated
RKT010,2020,3,15.35,0.35,good,estimated
RKT010,2020,4,16.95,0.35,good,estimated
RKT010,2020,5,16.95,0.35,good,estimated
RKT010,2020,6,16.95,0.35,good,estimated
RKT010,2020,7,15.35,0.35,good,estimated
RKT010,2020,8,15.35,0.35,good,estimated
RKT010,2020,9,13.95,0.35,good,estimated
RKT010,2020,10,13.95,0.35,good,estimated
RKT010,2020,11,13.95,0.35,good,estimated
RKT010,2020,12,15.35,0.35,good,estimated
RKT010,2021,1,15.7,0.35,good,estimated
RKT010,2021,2,15.7,0.35,good,estimated
RKT010,2021,3,15.7,0.35,good,estimated
RKT010,2021,4,17.3,0.35,good,estimated
RKT010,2021,5,17.3,0.35,good,estimated
RKT010,2021,6,17.3,0.35,good,estimated
RKT010,2021,7,15.7,0.35,good,estimated
RKT010,2021,8,15.7,0.35,good,estimated
RKT010,2021,9,14.3,0.35,good,estimated
RKT010,2021,10,14.3,0.35,good,estimated
RKT010,2021,11,14.3,0.35,good,estimated
RKT010,2021,12,15.7,0.35,good,estimated
RKT010,2022,1,16.05,0.35,good,estimated
RKT010,2022,2,16.05,0.35,good,estimated
RKT010,2022,3,16.05,0.35,good,estimated
RKT010,2022,4,17.65,0.35,good,estimated
RKT010,2022,5,17.65,0.35,good,estimated
RKT010,2022,6,17.65,0.35,good,estimated
RKT010,2022,7,16.05,0.35,good,estimated
RKT010,2022,8,16.05,0.35,good,estimated
RKT010,2022,9,14.65,0.35,good,estimated
RKT010,2022,10,14.65,0.35,good,estimated
RKT010,2022,11,14.65,0.35,good,estimated
RKT010,2022,12,16.05,0.35,good,estimated
RKT010,2023,1,16.4,0.35,good,estimated
RKT010,2023,2,16.4,0.35,good,estimated
RKT010,2023,3,16.4,0.35,good,estimated
RKT010,2023,4,18.0,0.35,moderate,estimated
RKT010,2023,5,18.0,0.35,moderate,estimated
RKT010,2023,6,18.0,0.35,moderate,estimated
RKT010,2023,7,16.4,0.35,good,estimated
RKT010,2023,8,16.4,0.35,good,estimated
RKT010,2023,9,15.0,0.35,good,estimated
RKT010,2023,10,15.0,0.35,good,estimated
RKT010,2023,11,15.0,0.35,good,estimated
RKT010,2023,12,16.4,0.35,good,estimated
RKT010,2024,1,16.75,0.35,good,estimated
RKT010,2024,2,16.75,0.35,good,estimated
RKT010,2024,3,16.75,0.35,good,estimated
RKT010,2024,4,18.35,0.35,moderate,estimated
RKT010,2024,5,18.35,0.35,moderate,estimated
RKT010,2024,6,18.35,0.35,moderate,estimated
RKT010,2024,7,16.75,0.35,good,estimated
RKT010,2024,8,16.75,0.35,good,estimated
RKT010,2024,9,15.35,0.35,good,estimated
RKT010,2024,10,15.35,0.35,good,estimated
RKT010,2024,11,15.35,0.35,good,estimated
RKT010,2024,12,16.75,0.35,good,estimated
RKT011,2019,1,13.7,0.0,good,estimated
RKT011,2019,2,13.7,0.0,good,estimated
RKT011,2019,3,13.7,0.0,good,estimated
RKT011,2019,4,15.3,0.0,good,estimated
RKT011,2019,5,15.3,0.0,good,estimated
RKT011,2019,6,15.3,0.0,good,estimated
RKT011,2019,7,13.7,0.0,good,estimated
RKT011,2019,8,13.7,0.0,good,estimated
RKT011,2019,9,12.3,0.0,good,estimated
RKT011,2019,10,12.3,0.0,good,estimated
RKT011,2019,11,12.3,0.0,good,estimated
RKT011,2019,12,13.7,0.0,good,estimated
RKT011,2020,1,14.05,0.35,good,estimated
RKT011,2020,2,14.05,0.35,good,estimated
RKT011,2020,3,14.05,0.35,good,estimated
RKT011,2020,4,15.65,0.35,good,estimated
RKT011,2020,5,15.65,0.35,good,estimated
RKT011,2020,6,15.65,0.35,good,estimated
RKT011,2020,7,14.05,0.35,good,estimated
RKT011,2020,8,14.05,0.35,good,estimated
RKT011,2020,9,12.65,0.35,good,estimated
RKT011,2020,10,12.65,0.35,good,estimated
RKT011,2020,11,12.65,0.35,good,estimated
RKT011,2020,12,14.05,0.35,good,estimated
RKT011,2021,1,14.4,0.35,good,estimated
RKT011,2021,2,14.4,0.35,good,estimated
RKT011,2021,3,14.4,0.35,good,estimated
RKT011,2021,4,16.0,0.35,good,estimated
RKT011,2021,5,16.0,0.35,good,estimated
RKT011,2021,6,16.0,0.35,good,estimated
RKT011,2021,7,14.4,0.35,good,estimated
RKT011,2021,8,14.4,0.35,good,estimated
RKT011,2021,9,13.0,0.35,good,estimated
RKT011,2021,10,13.0,0.35,good,estimated
RKT011,2021,11,13.0,0.35,good,estimated
RKT011,2021,12,14.4,0.35,good,estimated
RKT011,2022,1,14.75,0.35,good,estimated
RKT011,2022,2,14.75,0.35,good,estimated
RKT011,2022,3,14.75,0.35,good,estimated
RKT011,2022,4,16.35,0.35,good,estimated
RKT011,2022,5,16.35,0.35,good,estimated
RKT011,2022,6,16.35,0.35,good,estimated
RKT011,2022,7,14.75,0.35,good,estimated
RKT011,2022,8,14.75,0.35,good,estimated
RKT011,2022,9,13.35,0.35,good,estimated
RKT011,2022,10,13.35,0.35,good,estimated
RKT011,2022,11,13.35,0.35,good,estimated
RKT011,2022,12,14.75,0.35,good,estimated
RKT011,2023,1,15.1,0.35,good,estimated
RKT011,2023,2,15.1,0.35,good,estimated
RKT011,2023,3,15.1,0.35,good,estimated
RKT011,2023,4,16.7,0.35,good,estimated
RKT011,2023,5,16.7,0.35,good,estimated
RKT011,2023,6,16.7,0.35,good,estimated
RKT011,2023,7,15.1,0.35,good,estimated
RKT011,2023,8,15.1,0.35,good,estimated
RKT011,2023,9,13.7,0.35,good,estimated
RKT011,2023,10,13.7,0.35,good,estimated
RKT011,2023,11,13.7,0.35,good,estimated
RKT011,2023,12,15.1,0.35,good,estimated
RKT011,2024,1,15.45,0.35,good,estimated
RKT011,2024,2,15.45,0.35,good,estimated
RKT011,2024,3,15.45,0.35,good,estimated
RKT011,2024,4,17.05,0.35,good,estimated
RKT011,2024,5,17.05,0.35,good,estimated
RKT011,2024,6,17.05,0.35,good,estimated
RKT011,2024,7,15.45,0.35,good,estimated
RKT011,2024,8,15.45,0.35,good,estimated
RKT011,2024,9,14.05,0.35,good,estimated
RKT011,2024,10,14.05,0.35,good,estimated
RKT011,2024,11,14.05,0.35,good,estimated
RKT011,2024,12,15.45,0.35,good,estimated
RKT012,2019,1,13.1,0.0,good,estimated
RKT012,2019,2,13.1,0.0,good,estimated
RKT012,2019,3,13.1,0.0,good,estimated
RKT012,2019,4,14.7,0.0,good,estimated
RKT012,2019,5,14.7,0.0,good,estimated
RKT012,2019,6,14.7,0.0,good,estimated
RKT012,2019,7,13.1,0.0,good,estimated
RKT012,2019,8,13.1,0.0,good,estimated
RKT012,2019,9,11.7,0.0,good,estimated
RKT012,2019,10,11.7,0.0,good,estimated
RKT012,2019,11,11.7,0.0,good,estimated
RKT012,2019,12,13.1,0.0,good,estimated
RKT012,2020,1,13.45,0.35,good,estimated
RKT012,2020,2,13.45,0.35,good,estimated
RKT012,2020,3,13.45,0.35,good,estimated
RKT012,2020,4,15.05,0.35,good,estimated
RKT012,2020,5,15.05,0.35,good,estimated
RKT012,2020,6,15.05,0.35,good,estimated
RKT012,2020,7,13.45,0.35,good,estimated
RKT012,2020,8,13.45,0.35,good,estimated
RKT012,2020,9,12.05,0.35,good,estimated
RKT012,2020,10,12.05,0.35,good,estimated
RKT012,2020,11,12.05,0.35,good,estimated
RKT012,2020,12,13.45,0.35,good,estimated
RKT012,2021,1,13.8,0.35,good,estimated
RKT012,2021,2,13.8,0.35,good,estimated
RKT012,2021,3,13.8,0.35,good,estimated
RKT012,2021,4,15.4,0.35,good,estimated
RKT012,2021,5,15.4,0.35,good,estimated
RKT012,2021,6,15.4,0.35,good,estimated
RKT012,2021,7,13.8,0.35,good,estimated
RKT012,2021,8,13.8,0.35,good,estimated
RKT012,2021,9,12.4,0.35,good,estimated
RKT012,2021,10,12.4,0.35,good,estimated
RKT012,2021,11,12.4,0.35,good,estimated
RKT012,2021,12,13.8,0.35,good,estimated
RKT012,2022,1,14.15,0.35,good,estimated
RKT012,2022,2,14.15,0.35,good,estimated
RKT012,2022,3,14.15,0.35,good,estimated
RKT012,2022,4,15.75,0.35,good,estimated
RKT012,2022,5,15.75,0.35,good,estimated
RKT012,2022,6,15.75,0.35,good,estimated
RKT012,2022,7,14.15,0.35,good,estimated
RKT012,2022,8,14.15,0.35,good,estimated
RKT012,2022,9,12.75,0.35,good,estimated
RKT012,2022,10,12.75,0.35,good,estimated
RKT012,2022,11,12.75,0.35,good,estimated
RKT012,2022,12,14.15,0.35,good,estimated
RKT012,2023,1,14.5,0.35,good,estimated
RKT012,2023,2,14.5,0.35,good,estimated
RKT012,2023,3,14.5,0.35,good,estimated
RKT012,2023,4,16.1,0.35,good,estimated
RKT012,2023,5,16.1,0.35,good,estimated
RKT012,2023,6,16.1,0.35,good,estimated
RKT012,2023,7,14.5,0.35,good,estimated
RKT012,2023,8,14.5,0.35,good,estimated
RKT012,2023,9,13.1,0.35,good,estimated
RKT012,2023,10,13.1,0.35,good,estimated
RKT012,2023,11,13.1,0.35,good,estimated
RKT012,2023,12,14.5,0.35,good,estimated
RKT012,2024,1,14.85,0.35,good,estimated
RKT012,2024,2,14.85,0.35,good,estimated
RKT012,2024,3,14.85,0.35,good,estimated
RKT012,2024,4,16.45,0.35,good,estimated
RKT012,2024,5,16.45,0.35,good,estimated
RKT012,2024,6,16.45,0.35,good,estimated
RKT012,2024,7,14.85,0.35,good,estimated
RKT012,2024,8,14.85,0.35,good,estimated
RKT012,2024,9,13.45,0.35,good,estimated
RKT012,2024,10,13.45,0.35,good,estimated
RKT012,2024,11,13.45,0.35,good,estimated
RKT012,2024,12,14.85,0.35,good,estimated
RKT013,2019,1,26.6,0.0,saline,estimated
RKT013,2019,2,26.6,0.0,saline,estimated
RKT013,2019,3,26.6,0.0,saline,estimated
RKT013,2019,4,28.2,0.0,saline,estimated
RKT013,2019,5,28.2,0.0,saline,estimated
RKT013,2019,6,28.2,0.0,saline,estimated
RKT013,2019,7,26.6,0.0,saline,estimated
RKT013,2019,8,26.6,0.0,saline,estimated
RKT013,2019,9,25.2,0.0,saline,estimated
RKT013,2019,10,25.2,0.0,saline,estimated
RKT013,2019,11,25.2,0.0,saline,estimated
RKT013,2019,12,26.6,0.0,saline,estimated
RKT013,2020,1,26.95,0.35,saline,estimated
RKT013,2020,2,26.95,0.35,saline,estimated
RKT013,2020,3,26.95,0.35,saline,estimated
RKT013,2020,4,28.55,0.35,saline,estimated
RKT013,2020,5,28.55,0.35,saline,estimated
RKT013,2020,6,28.55,0.35,saline,estimated
RKT013,2020,7,26.95,0.35,saline,estimated
RKT013,2020,8,26.95,0.35,saline,estimated
RKT013,2020,9,25.55,0.35,saline,estimated
RKT013,2020,10,25.55,0.35,saline,estimated
RKT013,2020,11,25.55,0.35,saline,estimated
RKT013,2020,12,26.95,0.35,saline,estimated
RKT013,2021,1,27.3,0.35,saline,estimated
RKT013,2021,2,27.3,0.35,saline,estimated
RKT013,2021,3,27.3,0.35,saline,estimated
RKT013,2021,4,28.9,0.35,saline,estimated
RKT013,2021,5,28.9,0.35,saline,estimated
RKT013,2021,6,28.9,0.35,saline,estimated
RKT013,2021,7,27.3,0.35,saline,estimated
RKT013,2021,8,27.3,0.35,saline,estimated
RKT013,2021,9,25.9,0.35,saline,estimated
RKT013,2021,10,25.9,0.35,saline,estimated
RKT013,2021,11,25.9,0.35,saline,estimated
RKT013,2021,12,27.3,0.35,saline,estimated
RKT013,2022,1,27.65,0.35,saline,estimated
RKT013,2022,2,27.65,0.35,saline,estimated
RKT013,2022,3,27.65,0.35,saline,estimated
RKT013,2022,4,29.25,0.35,saline,estimated
RKT013,2022,5,29.25,0.35,saline,estimated
RKT013,2022,6,29.25,0.35,saline,estimated
RKT013,2022,7,27.65,0.35,saline,estimated
RKT013,2022,8,27.65,0.35,saline,estimated
RKT013,2022,9,26.25,0.35,saline,estimated
RKT013,2022,10,26.25,0.35,saline,estimated
RKT013,2022,11,26.25,0.35,saline,estimated
RKT013,2022,12,27.65,0.35,saline,estimated
RKT013,2023,1,28.0,0.35,saline,estimated
RKT013,2023,2,28.0,0.35,saline,estimated
RKT013,2023,3,28.0,0.35,saline,estimated
RKT013,2023,4,29.6,0.35,saline,estimated
RKT013,2023,5,29.6,0.35,saline,estimated
RKT013,2023,6,29.6,0.35,saline,estimated
RKT013,2023,7,28.0,0.35,saline,estimated
RKT013,2023,8,28.0,0.35,saline,estimated
RKT013,2023,9,26.6,0.35,saline,estimated
RKT013,2023,10,26.6,0.35,saline,estimated
RKT013,2023,11,26.6,0.35,saline,estimated
RKT013,2023,12,28.0,0.35,saline,estimated
RKT013,2024,1,28.35,0.35,saline,estimated
RKT013,2024,2,28.35,0.35,saline,estimated
RKT013,2024,3,28.35,0.35,saline,estimated
RKT013,2024,4,29.95,0.35,saline,estimated
RKT013,2024,5,29.95,0.35,saline,estimated
RKT013,2024,6,29.95,0.35,saline,estimated
RKT013,2024,7,28.35,0.35,saline,estimated
RKT013,2024,8,28.35,0.35,saline,estimated
RKT013,2024,9,26.95,0.35,saline,estimated
RKT013,2024,10,26.95,0.35,saline,estimated
RKT013,2024,11,26.95,0.35,saline,estimated
RKT013,2024,12,28.35,0.35,saline,estimated
RKT014,2019,1,24.0,0.0,moderate,estimated
RKT014,2019,2,24.0,0.0,moderate,estimated
RKT014,2019,3,24.0,0.0,moderate,estimated
RKT014,2019,4,25.6,0.0,saline,estimated
RKT014,2019,5,25.6,0.0,saline,estimated
RKT014,2019,6,25.6,0.0,saline,estimated
RKT014,2019,7,24.0,0.0,moderate,estimated
RKT014,2019,8,24.0,0.0,moderate,estimated
RKT014,2019,9,22.6,0.0,moderate,estimated
RKT014,2019,10,22.6,0.0,moderate,estimated
RKT014,2019,11,22.6,0.0,moderate,estimated
RKT014,2019,12,24.0,0.0,moderate,estimated
RKT014,2020,1,24.35,0.35,moderate,estimated
RKT014,2020,2,24.35,0.35,moderate,estimated
RKT014,2020,3,24.35,0.35,moderate,estimated
RKT014,2020,4,25.95,0.35,saline,estimated
RKT014,2020,5,25.95,0.35,saline,estimated
RKT014,2020,6,25.95,0.35,saline,estimated
RKT014,2020,7,24.35,0.35,moderate,estimated
RKT014,2020,8,24.35,0.35,moderate,estimated
RKT014,2020,9,22.95,0.35,moderate,estimated
RKT014,2020,10,22.95,0.35,moderate,estimated
RKT014,2020,11,22.95,0.35,moderate,estimated
RKT014,2020,12,24.35,0.35,moderate,estimated
RKT014,2021,1,24.7,0.35,moderate,estimated
RKT014,2021,2,24.7,0.35,moderate,estimated
RKT014,2021,3,24.7,0.35,moderate,estimated
RKT014,2021,4,26.3,0.35,saline,estimated
RKT014,2021,5,26.3,0.35,saline,estimated
RKT014,2021,6,26.3,0.35,saline,estimated
RKT014,2021,7,24.7,0.35,moderate,estimated
RKT014,2021,8,24.7,0.35,moderate,estimated
RKT014,2021,9,23.3,0.35,moderate,estimated
RKT014,2021,10,23.3,0.35,moderate,estimated
RKT014,2021,11,23.3,0.35,moderate,estimated
RKT014,2021,12,24.7,0.35,moderate,estimated
RKT014,2022,1,25.05,0.35,saline,estimated
RKT014,2022,2,25.05,0.35,saline,estimated
RKT014,2022,3,25.05,0.35,saline,estimated
RKT014,2022,4,26.65,0.35,saline,estimated
RKT014,2022,5,26.65,0.35,saline,estimated
RKT014,2022,6,26.65,0.35,saline,estimated
RKT014,2022,7,25.05,0.35,saline,estimated
RKT014,2022,8,25.05,0.35,saline,estimated
RKT014,2022,9,23.65,0.35,moderate,estimated
RKT014,2022,10,23.65,0.35,moderate,estimated
RKT014,2022,11,23.65,0.35,moderate,estimated
RKT014,2022,12,25.05,0.35,saline,estimated
RKT014,2023,1,25.4,0.35,saline,estimated
RKT014,2023,2,25.4,0.35,saline,estimated
RKT014,2023,3,25.4,0.35,saline,estimated
RKT014,2023,4,27.0,0.35,saline,estimated
RKT014,2023,5,27.0,0.35,saline,estimated
RKT014,2023,6,27.0,0.35,saline,estimated
RKT014,2023,7,25.4,0.35,saline,estimated
RKT014,2023,8,25.4,0.35,saline,estimated
RKT014,2023,9,24.0,0.35,moderate,estimated
RKT014,2023,10,24.0,0.35,moderate,estimated
RKT014,2023,11,24.0,0.35,moderate,estimated
RKT014,2023,12,25.4,0.35,saline,estimated
RKT014,2024,1,25.75,0.35,saline,estimated
RKT014,2024,2,25.75,0.35,saline,estimated
RKT014,2024,3,25.75,0.35,saline,estimated
RKT014,2024,4,27.35,0.35,saline,estimated
RKT014,2024,5,27.35,0.35,saline,estimated
RKT014,2024,6,27.35,0.35,saline,estimated
RKT014,2024,7,25.75,0.35,saline,estimated
RKT014,2024,8,25.75,0.35,saline,estimated
RKT014,2024,9,24.35,0.35,moderate,estimated
RKT014,2024,10,24.35,0.35,moderate,estimated
RKT014,2024,11,24.35,0.35,moderate,estimated
RKT014,2024,12,25.75,0.35,saline,estimated
RKT015,2019,1,20.3,0.0,moderate,estimated
RKT015,2019,2,20.3,0.0,moderate,estimated
RKT015,2019,3,20.3,0.0,moderate,estimated
RKT015,2019,4,21.9,0.0,moderate,estimated
RKT015,2019,5,21.9,0.0,moderate,estimated
RKT015,2019,6,21.9,0.0,moderate,estimated
RKT015,2019,7,20.3,0.0,moderate,estimated
RKT015,2019,8,20.3,0.0,moderate,estimated
RKT015,2019,9,18.9,0.0,moderate,estimated
RKT015,2019,10,18.9,0.0,moderate,estimated
RKT015,2019,11,18.9,0.0,moderate,estimated
RKT015,2019,12,20.3,0.0,moderate,estimated
RKT015,2020,1,20.65,0.35,moderate,estimated
RKT015,2020,2,20.65,0.35,moderate,estimated
RKT015,2020,3,20.65,0.35,moderate,estimated
RKT015,2020,4,22.25,0.35,moderate,estimated
RKT015,2020,5,22.25,0.35,moderate,estimated
RKT015,2020,6,22.25,0.35,moderate,estimated
RKT015,2020,7,20.65,0.35,moderate,estimated
RKT015,2020,8,20.65,0.35,moderate,estimated
RKT015,2020,9,19.25,0.35,moderate,estimated
RKT015,2020,10,19.25,0.35,moderate,estimated
RKT015,2020,11,19.25,0.35,moderate,estimated
RKT015,2020,12,20.65,0.35,moderate,estimated
RKT015,2021,1,21.0,0.35,moderate,estimated
RKT015,2021,2,21.0,0.35,moderate,estimated
RKT015,2021,3,21.0,0.35,moderate,estimated
RKT015,2021,4,22.6,0.35,moderate,estimated
RKT015,2021,5,22.6,0.35,moderate,estimated
RKT015,2021,6,22.6,0.35,moderate,estimated
RKT015,2021,7,21.0,0.35,moderate,estimated
RKT015,2021,8,21.0,0.35,moderate,estimated
RKT015,2021,9,19.6,0.35,moderate,estimated
RKT015,2021,10,19.6,0.35,moderate,estimated
RKT015,2021,11,19.6,0.35,moderate,estimated
RKT015,2021,12,21.0,0.35,moderate,estimated
RKT015,2022,1,21.35,0.35,moderate,estimated
RKT015,2022,2,21.35,0.35,moderate,estimated
RKT015,2022,3,21.35,0.35,moderate,estimated
RKT015,2022,4,22.95,0.35,moderate,estimated
RKT015,2022,5,22.95,0.35,moderate,estimated
RKT015,2022,6,22.95,0.35,moderate,estimated
RKT015,2022,7,21.35,0.35,moderate,estimated
RKT015,2022,8,21.35,0.35,moderate,estimated
RKT015,2022,9,19.95,0.35,moderate,estimated
RKT015,2022,10,19.95,0.35,moderate,estimated
RKT015,2022,11,19.95,0.35,moderate,estimated
RKT015,2022,12,21.35,0.35,moderate,estimated
RKT015,2023,1,21.7,0.35,moderate,estimated
RKT015,2023,2,21.7,0.35,moderate,estimated
RKT015,2023,3,21.7,0.35,moderate,estimated
RKT015,2023,4,23.3,0.35,moderate,estimated
RKT015,2023,5,23.3,0.35,moderate,estimated
RKT015,2023,6,23.3,0.35,moderate,estimated
RKT015,2023,7,21.7,0.35,moderate,estimated
RKT015,2023,8,21.7,0.35,moderate,estimated
RKT015,2023,9,20.3,0.35,moderate,estimated
RKT015,2023,10,20.3,0.35,moderate,estimated
RKT015,2023,11,20.3,0.35,moderate,estimated
RKT015,2023,12,21.7,0.35,moderate,estimated
RKT015,2024,1,22.05,0.35,moderate,estimated
RKT015,2024,2,22.05,0.35,moderate,estimated
RKT015,2024,3,22.05,0.35,moderate,estimated
RKT015,2024,4,23.65,0.35,moderate,estimated
RKT015,2024,5,23.65,0.35,moderate,estimated
RKT015,2024,6,23.65,0.35,moderate,estimated
RKT015,2024,7,22.05,0.35,moderate,estimated
RKT015,2024,8,22.05,0.35,moderate,estimated
RKT015,2024,9,20.65,0.35,moderate,estimated
RKT015,2024,10,20.65,0.35,moderate,estimated
RKT015,2024,11,20.65,0.35,moderate,estimated
RKT015,2024,12,22.05,0.35,moderate,estimated
JNG001,2019,1,14.0,0.0,good,estimated
JNG001,2019,2,14.0,0.0,good,estimated
JNG001,2019,3,14.0,0.0,good,estimated
JNG001,2019,4,15.6,0.0,good,estimated
JNG001,2019,5,15.6,0.0,good,estimated
JNG001,2019,6,15.6,0.0,good,estimated
JNG001,2019,7,14.0,0.0,good,estimated
JNG001,2019,8,14.0,0.0,good,estimated
JNG001,2019,9,12.6,0.0,good,estimated
JNG001,2019,10,12.6,0.0,good,estimated
JNG001,2019,11,12.6,0.0,good,estimated
JNG001,2019,12,14.0,0.0,good,estimated
JNG001,2020,1,14.35,0.35,good,estimated
JNG001,2020,2,14.35,0.35,good,estimated
JNG001,2020,3,14.35,0.35,good,estimated
JNG001,2020,4,15.95,0.35,good,estimated
JNG001,2020,5,15.95,0.35,good,estimated
JNG001,2020,6,15.95,0.35,good,estimated
JNG001,2020,7,14.35,0.35,good,estimated
JNG001,2020,8,14.35,0.35,good,estimated
JNG001,2020,9,12.95,0.35,good,estimated
JNG001,2020,10,12.95,0.35,good,estimated
JNG001,2020,11,12.95,0.35,good,estimated
JNG001,2020,12,14.35,0.35,good,estimated
JNG001,2021,1,14.7,0.35,good,estimated
JNG001,2021,2,14.7,0.35,good,estimated
JNG001,2021,3,14.7,0.35,good,estimated
JNG001,2021,4,16.3,0.35,good,estimated
JNG001,2021,5,16.3,0.35,good,estimated
JNG001,2021,6,16.3,0.35,good,estimated
JNG001,2021,7,14.7,0.35,good,estimated
JNG001,2021,8,14.7,0.35,good,estimated
JNG001,2021,9,13.3,0.35,good,estimated
JNG001,2021,10,13.3,0.35,good,estimated
JNG001,2021,11,13.3,0.35,good,estimated
JNG001,2021,12,14.7,0.35,good,estimated
JNG001,2022,1,15.05,0.35,good,estimated
JNG001,2022,2,15.05,0.35,good,estimated
JNG001,2022,3,15.05,0.35,good,estimated
JNG001,2022,4,16.65,0.35,good,estimated
JNG001,2022,5,16.65,0.35,good,estimated
JNG001,2022,6,16.65,0.35,good,estimated
JNG001,2022,7,15.05,0.35,good,estimated
JNG001,2022,8,15.05,0.35,good,estimated
JNG001,2022,9,13.65,0.35,good,estimated
JNG001,2022,10,13.65,0.35,good,estimated
JNG001,2022,11,13.65,0.35,good,estimated
JNG001,2022,12,15.05,0.35,good,estimated
JNG001,2023,1,15.4,0.35,good,estimated
JNG001,2023,2,15.4,0.35,good,estimated
JNG001,2023,3,15.4,0.35,good,estimated
JNG001,2023,4,17.0,0.35,good,estimated
JNG001,2023,5,17.0,0.35,good,estimated
JNG001,2023,6,17.0,0.35,good,estimated
JNG001,2023,7,15.4,0.35,good,estimated
JNG001,2023,8,15.4,0.35,good,estimated
JNG001,2023,9,14.0,0.35,good,estimated
JNG001,2023,10,14.0,0.35,good,estimated
JNG001,2023,11,14.0,0.35,good,estimated
JNG001,2023,12,15.4,0.35,good,estimated
JNG001,2024,1,15.75,0.35,good,estimated
JNG001,2024,2,15.75,0.35,good,estimated
JNG001,2024,3,15.75,0.35,good,estimated
JNG001,2024,4,17.35,0.35,good,estimated
JNG001,2024,5,17.35,0.35,good,estimated
JNG001,2024,6,17.35,0.35,good,estimated
JNG001,2024,7,15.75,0.35,good,estimated
JNG001,2024,8,15.75,0.35,good,estimated
JNG001,2024,9,14.35,0.35,good,estimated
JNG001,2024,10,14.35,0.35,good,estimated
JNG001,2024,11,14.35,0.35,good,estimated
JNG001,2024,12,15.75,0.35,good,estimated
JNG002,2019,1,15.4,0.0,good,estimated
JNG002,2019,2,15.4,0.0,good,estimated
JNG002,2019,3,15.4,0.0,good,estimated
JNG002,2019,4,17.0,0.0,good,estimated
JNG002,2019,5,17.0,0.0,good,estimated
JNG002,2019,6,17.0,0.0,good,estimated
JNG002,2019,7,15.4,0.0,good,estimated
JNG002,2019,8,15.4,0.0,good,estimated
JNG002,2019,9,14.0,0.0,good,estimated
JNG002,2019,10,14.0,0.0,good,estimated
JNG002,2019,11,14.0,0.0,good,estimated
JNG002,2019,12,15.4,0.0,good,estimated
JNG002,2020,1,15.75,0.35,good,estimated
JNG002,2020,2,15.75,0.35,good,estimated
JNG002,2020,3,15.75,0.35,good,estimated
JNG002,2020,4,17.35,0.35,good,estimated
JNG002,2020,5,17.35,0.35,good,estimated
JNG002,2020,6,17.35,0.35,good,estimated
JNG002,2020,7,15.75,0.35,good,estimated
JNG002,2020,8,15.75,0.35,good,estimated
JNG002,2020,9,14.35,0.35,good,estimated
JNG002,2020,10,14.35,0.35,good,estimated
JNG002,2020,11,14.35,0.35,good,estimated
JNG002,2020,12,15.75,0.35,good,estimated
JNG002,2021,1,16.1,0.35,good,estimated
JNG002,2021,2,16.1,0.35,good,estimated
JNG002,2021,3,16.1,0.35,good,estimated
JNG002,2021,4,17.7,0.35,good,estimated
JNG002,2021,5,17.7,0.35,good,estimated
JNG002,2021,6,17.7,0.35,good,estimated
JNG002,2021,7,16.1,0.35,good,estimated
JNG002,2021,8,16.1,0.35,good,estimated
JNG002,2021,9,14.7,0.35,good,estimated
JNG002,2021,10,14.7,0.35,good,estimated
JNG002,2021,11,14.7,0.35,good,estimated
JNG002,2021,12,16.1,0.35,good,estimated
JNG002,2022,1,16.45,0.35,good,estimated
JNG002,2022,2,16.45,0.35,good,estimated
JNG002,2022,3,16.45,0.35,good,estimated
JNG002,2022,4,18.05,0.35,moderate,estimated
JNG002,2022,5,18.05,0.35,moderate,estimated
JNG002,2022,6,18.05,0.35,moderate,estimated
JNG002,2022,7,16.45,0.35,good,estimated
JNG002,2022,8,16.45,0.35,good,estimated
JNG002,2022,9,15.05,0.35,good,estimated
JNG002,2022,10,15.05,0.35,good,estimated
JNG002,2022,11,15.05,0.35,good,estimated
JNG002,2022,12,16.45,0.35,good,estimated
JNG002,2023,1,16.8,0.35,good,estimated
JNG002,2023,2,16.8,0.35,good,estimated
JNG002,2023,3,16.8,0.35,good,estimated
JNG002,2023,4,18.4,0.35,moderate,estimated
JNG002,2023,5,18.4,0.35,moderate,estimated
JNG002,2023,6,18.4,0.35,moderate,estimated
JNG002,2023,7,16.8,0.35,good,estimated
JNG002,2023,8,16.8,0.35,good,estimated
JNG002,2023,9,15.4,0.35,good,estimated
JNG002,2023,10,15.4,0.35,good,estimated
JNG002,2023,11,15.4,0.35,good,estimated
JNG002,2023,12,16.8,0.35,good,estimated
JNG002,2024,1,17.15,0.35,good,estimated
JNG002,2024,2,17.15,0.35,good,estimated
JNG002,2024,3,17.15,0.35,good,estimated
JNG002,2024,4,18.75,0.35,moderate,estimated
JNG002,2024,5,18.75,0.35,moderate,estimated
JNG002,2024,6,18.75,0.35,moderate,estimated
JNG002,2024,7,17.15,0.35,good,estimated
JNG002,2024,8,17.15,0.35,good,estimated
JNG002,2024,9,15.75,0.35,good,estimated
JNG002,2024,10,15.75,0.35,good,estimated
JNG002,2024,11,15.75,0.35,good,estimated
JNG002,2024,12,17.15,0.35,good,estimated
JNG003,2019,1,12.6,0.0,good,estimated
JNG003,2019,2,12.6,0.0,good,estimated
JNG003,2019,3,12.6,0.0,good,estimated
JNG003,2019,4,14.2,0.0,good,estimated
JNG003,2019,5,14.2,0.0,good,estimated
JNG003,2019,6,14.2,0.0,good,estimated
JNG003,2019,7,12.6,0.0,good,estimated
JNG003,2019,8,12.6,0.0,good,estimated
JNG003,2019,9,11.2,0.0,good,estimated
JNG003,2019,10,11.2,0.0,good,estimated
JNG003,2019,11,11.2,0.0,good,estimated
JNG003,2019,12,12.6,0.0,good,estimated
JNG003,2020,1,12.95,0.35,good,estimated
JNG003,2020,2,12.95,0.35,good,estimated
JNG003,2020,3,12.95,0.35,good,estimated
JNG003,2020,4,14.55,0.35,good,estimated
JNG003,2020,5,14.55,0.35,good,estimated
JNG003,2020,6,14.55,0.35,good,estimated
JNG003,2020,7,12.95,0.35,good,estimated
JNG003,2020,8,12.95,0.35,good,estimated
JNG003,2020,9,11.55,0.35,good,estimated
JNG003,2020,10,11.55,0.35,good,estimated
JNG003,2020,11,11.55,0.35,good,estimated
JNG003,2020,12,12.95,0.35,good,estimated
JNG003,2021,1,13.3,0.35,good,estimated
JNG003,2021,2,13.3,0.35,good,estimated
JNG003,2021,3,13.3,0.35,good,estimated
JNG003,2021,4,14.9,0.35,good,estimated
JNG003,2021,5,14.9,0.35,good,estimated
JNG003,2021,6,14.9,0.35,good,estimated
JNG003,2021,7,13.3,0.35,good,estimated
JNG003,2021,8,13.3,0.35,good,estimated
JNG003,2021,9,11.9,0.35,good,estimated
JNG003,2021,10,11.9,0.35,good,estimated
JNG003,2021,11,11.9,0.35,good,estimated
JNG003,2021,12,13.3,0.35,good,estimated
JNG003,2022,1,13.65,0.35,good,estimated
JNG003,2022,2,13.65,0.35,good,estimated
JNG003,2022,3,13.65,0.35,good,estimated
JNG003,2022,4,15.25,0.35,good,estimated
JNG003,2022,5,15.25,0.35,good,estimated
JNG003,2022,6,15.25,0.35,good,estimated
JNG003,2022,7,13.65,0.35,good,estimated
JNG003,2022,8,13.65,0.35,good,estimated
JNG003,2022,9,12.25,0.35,good,estimated
JNG003,2022,10,12.25,0.35,good,estimated
JNG003,2022,11,12.25,0.35,good,estimated
JNG003,2022,12,13.65,0.35,good,estimated
JNG003,2023,1,14.0,0.35,good,estimated
JNG003,2023,2,14.0,0.35,good,estimated
JNG003,2023,3,14.0,0.35,good,estimated
JNG003,2023,4,15.6,0.35,good,estimated
JNG003,2023,5,15.6,0.35,good,estimated
JNG003,2023,6,15.6,0.35,good,estimated
JNG003,2023,7,14.0,0.35,good,estimated
JNG003,2023,8,14.0,0.35,good,estimated
JNG003,2023,9,12.6,0.35,good,estimated
JNG003,2023,10,12.6,0.35,good,estimated
JNG003,2023,11,12.6,0.35,good,estimated
JNG003,2023,12,14.0,0.35,good,estimated
JNG003,2024,1,14.35,0.35,good,estimated
JNG003,2024,2,14.35,0.35,good,estimated
JNG003,2024,3,14.35,0.35,good,estimated
JNG003,2024,4,15.95,0.35,good,estimated
JNG003,2024,5,15.95,0.35,good,estimated
JNG003,2024,6,15.95,0.35,good,estimated
JNG003,2024,7,14.35,0.35,good,estimated
JNG003,2024,8,14.35,0.35,good,estimated
JNG003,2024,9,12.95,0.35,good,estimated
JNG003,2024,10,12.95,0.35,good,estimated
JNG003,2024,11,12.95,0.35,good,estimated
JNG003,2024,12,14.35,0.35,good,estimated
JNG004,2019,1,12.0,0.0,good,estimated
JNG004,2019,2,12.0,0.0,good,estimated
JNG004,2019,3,12.0,0.0,good,estimated
JNG004,2019,4,13.6,0.0,good,estimated
JNG004,2019,5,13.6,0.0,good,estimated
JNG004,2019,6,13.6,0.0,good,estimated
JNG004,2019,7,12.0,0.0,good,estimated
JNG004,2019,8,12.0,0.0,good,estimated
JNG004,2019,9,10.6,0.0,good,estimated
JNG004,2019,10,10.6,0.0,good,estimated
JNG004,2019,11,10.6,0.0,good,estimated
JNG004,2019,12,12.0,0.0,good,estimated
JNG004,2020,1,12.35,0.35,good,estimated
JNG004,2020,2,12.35,0.35,good,estimated
JNG004,2020,3,12.35,0.35,good,estimated
JNG004,2020,4,13.95,0.35,good,estimated
JNG004,2020,5,13.95,0.35,good,estimated
JNG004,2020,6,13.95,0.35,good,estimated
JNG004,2020,7,12.35,0.35,good,estimated
JNG004,2020,8,12.35,0.35,good,estimated
JNG004,2020,9,10.95,0.35,good,estimated
JNG004,2020,10,10.95,0.35,good,estimated
JNG004,2020,11,10.95,0.35,good,estimated
JNG004,2020,12,12.35,0.35,good,estimated
JNG004,2021,1,12.7,0.35,good,estimated
JNG004,2021,2,12.7,0.35,good,estimated
JNG004,2021,3,12.7,0.35,good,estimated
JNG004,2021,4,14.3,0.35,good,estimated
JNG004,2021,5,14.3,0.35,good,estimated
JNG004,2021,6,14.3,0.35,good,estimated
JNG004,2021,7,12.7,0.35,good,estimated
JNG004,2021,8,12.7,0.35,good,estimated
JNG004,2021,9,11.3,0.35,good,estimated
JNG004,2021,10,11.3,0.35,good,estimated
JNG004,2021,11,11.3,0.35,good,estimated
JNG004,2021,12,12.7,0.35,good,estimated
JNG004,2022,1,13.05,0.35,good,estimated
JNG004,2022,2,13.05,0.35,good,estimated
JNG004,2022,3,13.05,0.35,good,estimated
JNG004,2022,4,14.65,0.35,good,estimated
JNG004,2022,5,14.65,0.35,good,estimated
JNG004,2022,6,14.65,0.35,good,estimated
JNG004,2022,7,13.05,0.35,good,estimated
JNG004,2022,8,13.05,0.35,good,estimated
JNG004,2022,9,11.65,0.35,good,estimated
JNG004,2022,10,11.65,0.35,good,estimated
JNG004,2022,11,11.65,0.35,good,estimated
JNG004,2022,12,13.05,0.35,good,estimated
JNG004,2023,1,13.4,0.35,good,estimated
JNG004,2023,2,13.4,0.35,good,estimated
JNG004,2023,3,13.4,0.35,good,estimated
JNG004,2023,4,15.0,0.35,good,estimated
JNG004,2023,5,15.0,0.35,good,estimated
JNG004,2023,6,15.0,0.35,good,estimated
JNG004,2023,7,13.4,0.35,good,estimated
JNG004,2023,8,13.4,0.35,good,estimated
JNG004,2023,9,12.0,0.35,good,estimated
JNG004,2023,10,12.0,0.35,good,estimated
JNG004,2023,11,12.0,0.35,good,estimated
JNG004,2023,12,13.4,0.35,good,estimated
JNG004,2024,1,13.75,0.35,good,estimated
JNG004,2024,2,13.75,0.35,good,estimated
JNG004,2024,3,13.75,0.35,good,estimated
JNG004,2024,4,15.35,0.35,good,estimated
JNG004,2024,5,15.35,0.35,good,estimated
JNG004,2024,6,15.35,0.35,good,estimated
JNG004,2024,7,13.75,0.35,good,estimated
JNG004,2024,8,13.75,0.35,good,estimated
JNG004,2024,9,12.35,0.35,good,estimated
JNG004,2024,10,12.35,0.35,good,estimated
JNG004,2024,11,12.35,0.35,good,estimated
JNG004,2024,12,13.75,0.35,good,estimated
JNG005,2019,1,14.8,0.0,good,estimated
JNG005,2019,2,14.8,0.0,good,estimated
JNG005,2019,3,14.8,0.0,good,estimated
JNG005,2019,4,16.4,0.0,good,estimated
JNG005,2019,5,16.4,0.0,good,estimated
JNG005,2019,6,16.4,0.0,good,estimated
JNG005,2019,7,14.8,0.0,good,estimated
JNG005,2019,8,14.8,0.0,good,estimated
JNG005,2019,9,13.4,0.0,good,estimated
JNG005,2019,10,13.4,0.0,good,estimated
JNG005,2019,11,13.4,0.0,good,estimated
JNG005,2019,12,14.8,0.0,good,estimated
JNG005,2020,1,15.15,0.35,good,estimated
JNG005,2020,2,15.15,0.35,good,estimated
JNG005,2020,3,15.15,0.35,good,estimated
JNG005,2020,4,16.75,0.35,good,estimated
JNG005,2020,5,16.75,0.35,good,estimated
JNG005,2020,6,16.75,0.35,good,estimated
JNG005,2020,7,15.15,0.35,good,estimated
JNG005,2020,8,15.15,0.35,good,estimated
JNG005,2020,9,13.75,0.35,good,estimated
JNG005,2020,10,13.75,0.35,good,estimated
JNG005,2020,11,13.75,0.35,good,estimated
JNG005,2020,12,15.15,0.35,good,estimated
JNG005,2021,1,15.5,0.35,good,estimated
JNG005,2021,2,15.5,0.35,good,estimated
JNG005,2021,3,15.5,0.35,good,estimated
JNG005,2021,4,17.1,0.35,good,estimated
JNG005,2021,5,17.1,0.35,good,estimated
JNG005,2021,6,17.1,0.35,good,estimated
JNG005,2021,7,15.5,0.35,good,estimated
JNG005,2021,8,15.5,0.35,good,estimated
JNG005,2021,9,14.1,0.35,good,estimated
JNG005,2021,10,14.1,0.35,good,estimated
JNG005,2021,11,14.1,0.35,good,estimated
JNG005,2021,12,15.5,0.35,good,estimated
JNG005,2022,1,15.85,0.35,good,estimated
JNG005,2022,2,15.85,0.35,good,estimated
JNG005,2022,3,15.85,0.35,good,estimated
JNG005,2022,4,17.45,0.35,good,estimated
JNG005,2022,5,17.45,0.35,good,estimated
JNG005,2022,6,17.45,0.35,good,estimated
JNG005,2022,7,15.85,0.35,good,estimated
JNG005,2022,8,15.85,0.35,good,estimated
JNG005,2022,9,14.45,0.35,good,estimated
JNG005,2022,10,14.45,0.35,good,estimated
JNG005,2022,11,14.45,0.35,good,estimated
JNG005,2022,12,15.85,0.35,good,estimated
JNG005,2023,1,16.2,0.35,good,estimated
JNG005,2023,2,16.2,0.35,good,estimated
JNG005,2023,3,16.2,0.35,good,estimated
JNG005,2023,4,17.8,0.35,good,estimated
JNG005,2023,5,17.8,0.35,good,estimated
JNG005,2023,6,17.8,0.35,good,estimated
JNG005,2023,7,16.2,0.35,good,estimated
JNG005,2023,8,16.2,0.35,good,estimated
JNG005,2023,9,14.8,0.35,good,estimated
JNG005,2023,10,14.8,0.35,good,estimated
JNG005,2023,11,14.8,0.35,good,estimated
JNG005,2023,12,16.2,0.35,good,estimated
JNG005,2024,1,16.55,0.35,good,estimated
JNG005,2024,2,16.55,0.35,good,estimated
JNG005,2024,3,16.55,0.35,good,estimated
JNG005,2024,4,18.15,0.35,moderate,estimated
JNG005,2024,5,18.15,0.35,moderate,estimated
JNG005,2024,6,18.15,0.35,moderate,estimated
JNG005,2024,7,16.55,0.35,good,estimated
JNG005,2024,8,16.55,0.35,good,estimated
JNG005,2024,9,15.15,0.35,good,estimated
JNG005,2024,10,15.15,0.35,good,estimated
JNG005,2024,11,15.15,0.35,good,estimated
JNG005,2024,12,16.55,0.35,good,estimated
JNG006,2019,1,13.6,0.0,good,estimated
JNG006,2019,2,13.6,0.0,good,estimated
JNG006,2019,3,13.6,0.0,good,estimated
JNG006,2019,4,15.2,0.0,good,estimated
JNG006,2019,5,15.2,0.0,good,estimated
JNG006,2019,6,15.2,0.0,good,estimated
JNG006,2019,7,13.6,0.0,good,estimated
JNG006,2019,8,13.6,0.0,good,estimated
JNG006,2019,9,12.2,0.0,good,estimated
JNG006,2019,10,12.2,0.0,good,estimated
JNG006,2019,11,12.2,0.0,good,estimated
JNG006,2019,12,13.6,0.0,good,estimated
JNG006,2020,1,13.95,0.35,good,estimated
JNG006,2020,2,13.95,0.35,good,estimated
JNG006,2020,3,13.95,0.35,good,estimated
JNG006,2020,4,15.55,0.35,good,estimated
JNG006,2020,5,15.55,0.35,good,estimated
JNG006,2020,6,15.55,0.35,good,estimated
JNG006,2020,7,13.95,0.35,good,estimated
JNG006,2020,8,13.95,0.35,good,estimated
JNG006,2020,9,12.55,0.35,good,estimated
JNG006,2020,10,12.55,0.35,good,estimated
JNG006,2020,11,12.55,0.35,good,estimated
JNG006,2020,12,13.95,0.35,good,estimated
JNG006,2021,1,14.3,0.35,good,estimated
JNG006,2021,2,14.3,0.35,good,estimated
JNG006,2021,3,14.3,0.35,good,estimated
JNG006,2021,4,15.9,0.35,good,estimated
JNG006,2021,5,15.9,0.35,good,estimated
JNG006,2021,6,15.9,0.35,good,estimated
JNG006,2021,7,14.3,0.35,good,estimated
JNG006,2021,8,14.3,0.35,good,estimated
JNG006,2021,9,12.9,0.35,good,estimated
JNG006,2021,10,12.9,0.35,good,estimated
JNG006,2021,11,12.9,0.35,good,estimated
JNG006,2021,12,14.3,0.35,good,estimated
JNG006,2022,1,14.65,0.35,good,estimated
JNG006,2022,2,14.65,0.35,good,estimated
JNG006,2022,3,14.65,0.35,good,estimated
JNG006,2022,4,16.25,0.35,good,estimated
JNG006,2022,5,16.25,0.35,good,estimated
JNG006,2022,6,16.25,0.35,good,estimated
JNG006,2022,7,14.65,0.35,good,estimated
JNG006,2022,8,14.65,0.35,good,estimated
JNG006,2022,9,13.25,0.35,good,estimated
JNG006,2022,10,13.25,0.35,good,estimated
JNG006,2022,11,13.25,0.35,good,estimated
JNG006,2022,12,14.65,0.35,good,estimated
JNG006,2023,1,15.0,0.35,good,estimated
JNG006,2023,2,15.0,0.35,good,estimated
JNG006,2023,3,15.0,0.35,good,estimated
JNG006,2023,4,16.6,0.35,good,estimated
JNG006,2023,5,16.6,0.35,good,estimated
JNG006,2023,6,16.6,0.35,good,estimated
JNG006,2023,7,15.0,0.35,good,estimated
JNG006,2023,8,15.0,0.35,good,estimated
JNG006,2023,9,13.6,0.35,good,estimated
JNG006,2023,10,13.6,0.35,good,estimated
JNG006,2023,11,13.6,0.35,good,estimated
JNG006,2023,12,15.0,0.35,good,estimated
JNG006,2024,1,15.35,0.35,good,estimated
JNG006,2024,2,15.35,0.35,good,estimated
JNG006,2024,3,15.35,0.35,good,estimated
JNG006,2024,4,16.95,0.35,good,estimated
JNG006,2024,5,16.95,0.35,good,estimated
JNG006,2024,6,16.95,0.35,good,estimated
JNG006,2024,7,15.35,0.35,good,estimated
JNG006,2024,8,15.35,0.35,good,estimated
JNG006,2024,9,13.95,0.35,good,estimated
JNG006,2024,10,13.95,0.35,good,estimated
JNG006,2024,11,13.95,0.35,good,estimated
JNG006,2024,12,15.35,0.35,good,estimated
JNG007,2019,1,14.1,0.0,good,estimated
JNG007,2019,2,14.1,0.0,good,estimated
JNG007,2019,3,14.1,0.0,good,estimated
JNG007,2019,4,15.7,0.0,good,estimated
JNG007,2019,5,15.7,0.0,good,estimated
JNG007,2019,6,15.7,0.0,good,estimated
JNG007,2019,7,14.1,0.0,good,estimated
JNG007,2019,8,14.1,0.0,good,estimated
JNG007,2019,9,12.7,0.0,good,estimated
JNG007,2019,10,12.7,0.0,good,estimated
JNG007,2019,11,12.7,0.0,good,estimated
JNG007,2019,12,14.1,0.0,good,estimated
JNG007,2020,1,14.45,0.35,good,estimated
JNG007,2020,2,14.45,0.35,good,estimated
JNG007,2020,3,14.45,0.35,good,estimated
JNG007,2020,4,16.05,0.35,good,estimated
JNG007,2020,5,16.05,0.35,good,estimated
JNG007,2020,6,16.05,0.35,good,estimated
JNG007,2020,7,14.45,0.35,good,estimated
JNG007,2020,8,14.45,0.35,good,estimated
JNG007,2020,9,13.05,0.35,good,estimated
JNG007,2020,10,13.05,0.35,good,estimated
JNG007,2020,11,13.05,0.35,good,estimated
JNG007,2020,12,14.45,0.35,good,estimated
JNG007,2021,1,14.8,0.35,good,estimated
JNG007,2021,2,14.8,0.35,good,estimated
JNG007,2021,3,14.8,0.35,good,estimated
JNG007,2021,4,16.4,0.35,good,estimated
JNG007,2021,5,16.4,0.35,good,estimated
JNG007,2021,6,16.4,0.35,good,estimated
JNG007,2021,7,14.8,0.35,good,estimated
JNG007,2021,8,14.8,0.35,good,estimated
JNG007,2021,9,13.4,0.35,good,estimated
JNG007,2021,10,13.4,0.35,good,estimated
JNG007,2021,11,13.4,0.35,good,estimated
JNG007,2021,12,14.8,0.35,good,estimated
JNG007,2022,1,15.15,0.35,good,estimated
JNG007,2022,2,15.15,0.35,good,estimated
JNG007,2022,3,15.15,0.35,good,estimated
JNG007,2022,4,16.75,0.35,good,estimated
JNG007,2022,5,16.75,0.35,good,estimated
JNG007,2022,6,16.75,0.35,good,estimated
JNG007,2022,7,15.15,0.35,good,estimated
JNG007,2022,8,15.15,0.35,good,estimated
JNG007,2022,9,13.75,0.35,good,estimated
JNG007,2022,10,13.75,0.35,good,estimated
JNG007,2022,11,13.75,0.35,good,estimated
JNG007,2022,12,15.15,0.35,good,estimated
JNG007,2023,1,15.5,0.35,good,estimated
JNG007,2023,2,15.5,0.35,good,estimated
JNG007,2023,3,15.5,0.35,good,estimated
JNG007,2023,4,17.1,0.35,good,estimated
JNG007,2023,5,17.1,0.35,good,estimated
JNG007,2023,6,17.1,0.35,good,estimated
JNG007,2023,7,15.5,0.35,good,estimated
JNG007,2023,8,15.5,0.35,good,estimated
JNG007,2023,9,14.1,0.35,good,estimated
JNG007,2023,10,14.1,0.35,good,estimated
JNG007,2023,11,14.1,0.35,good,estimated
JNG007,2023,12,15.5,0.35,good,estimated
JNG007,2024,1,15.85,0.35,good,estimated
JNG007,2024,2,15.85,0.35,good,estimated
JNG007,2024,3,15.85,0.35,good,estimated
JNG007,2024,4,17.45,0.35,good,estimated
JNG007,2024,5,17.45,0.35,good,estimated
JNG007,2024,6,17.45,0.35,good,estimated
JNG007,2024,7,15.85,0.35,good,estimated
JNG007,2024,8,15.85,0.35,good,estimated
JNG007,2024,9,14.45,0.35,good,estimated
JNG007,2024,10,14.45,0.35,good,estimated
JNG007,2024,11,14.45,0.35,good,estimated
JNG007,2024,12,15.85,0.35,good,estimated
JNG008,2019,1,14.7,0.0,good,estimated
JNG008,2019,2,14.7,0.0,good,estimated
JNG008,2019,3,14.7,0.0,good,estimated
JNG008,2019,4,16.3,0.0,good,estimated
JNG008,2019,5,16.3,0.0,good,estimated
JNG008,2019,6,16.3,0.0,good,estimated
JNG008,2019,7,14.7,0.0,good,estimated
JNG008,2019,8,14.7,0.0,good,estimated
JNG008,2019,9,13.3,0.0,good,estimated
JNG008,2019,10,13.3,0.0,good,estimated
JNG008,2019,11,13.3,0.0,good,estimated
JNG008,2019,12,14.7,0.0,good,estimated
JNG008,2020,1,15.05,0.35,good,estimated
JNG008,2020,2,15.05,0.35,good,estimated
JNG008,2020,3,15.05,0.35,good,estimated
JNG008,2020,4,16.65,0.35,good,estimated
JNG008,2020,5,16.65,0.35,good,estimated
JNG008,2020,6,16.65,0.35,good,estimated
JNG008,2020,7,15.05,0.35,good,estimated
JNG008,2020,8,15.05,0.35,good,estimated
JNG008,2020,9,13.65,0.35,good,estimated
JNG008,2020,10,13.65,0.35,good,estimated
JNG008,2020,11,13.65,0.35,good,estimated
JNG008,2020,12,15.05,0.35,good,estimated
JNG008,2021,1,15.4,0.35,good,estimated
JNG008,2021,2,15.4,0.35,good,estimated
JNG008,2021,3,15.4,0.35,good,estimated
JNG008,2021,4,17.0,0.35,good,estimated
JNG008,2021,5,17.0,0.35,good,estimated
JNG008,2021,6,17.0,0.35,good,estimated
JNG008,2021,7,15.4,0.35,good,estimated
JNG008,2021,8,15.4,0.35,good,estimated
JNG008,2021,9,14.0,0.35,good,estimated
JNG008,2021,10,14.0,0.35,good,estimated
JNG008,2021,11,14.0,0.35,good,estimated
JNG008,2021,12,15.4,0.35,good,estimated
JNG008,2022,1,15.75,0.35,good,estimated
JNG008,2022,2,15.75,0.35,good,estimated
JNG008,2022,3,15.75,0.35,good,estimated
JNG008,2022,4,17.35,0.35,good,estimated
JNG008,2022,5,17.35,0.35,good,estimated
JNG008,2022,6,17.35,0.35,good,estimated
JNG008,2022,7,15.75,0.35,good,estimated
JNG008,2022,8,15.75,0.35,good,estimated
JNG008,2022,9,14.35,0.35,good,estimated
JNG008,2022,10,14.35,0.35,good,estimated
JNG008,2022,11,14.35,0.35,good,estimated
JNG008,2022,12,15.75,0.35,good,estimated
JNG008,2023,1,16.1,0.35,good,estimated
JNG008,2023,2,16.1,0.35,good,estimated
JNG008,2023,3,16.1,0.35,good,estimated
JNG008,2023,4,17.7,0.35,good,estimated
JNG008,2023,5,17.7,0.35,good,estimated
JNG008,2023,6,17.7,0.35,good,estimated
JNG008,2023,7,16.1,0.35,good,estimated
JNG008,2023,8,16.1,0.35,good,estimated
JNG008,2023,9,14.7,0.35,good,estimated
JNG008,2023,10,14.7,0.35,good,estimated
JNG008,2023,11,14.7,0.35,good,estimated
JNG008,2023,12,16.1,0.35,good,estimated
JNG008,2024,1,16.45,0.35,good,estimated
JNG008,2024,2,16.45,0.35,good,estimated
JNG008,2024,3,16.45,0.35,good,estimated
JNG008,2024,4,18.05,0.35,moderate,estimated
JNG008,2024,5,18.05,0.35,moderate,estimated
JNG008,2024,6,18.05,0.35,moderate,estimated
JNG008,2024,7,16.45,0.35,good,estimated
JNG008,2024,8,16.45,0.35,good,estimated
JNG008,2024,9,15.05,0.35,good,estimated
JNG008,2024,10,15.05,0.35,good,estimated
JNG008,2024,11,15.05,0.35,good,estimated
JNG008,2024,12,16.45,0.35,good,estimated
AMR001,2019,1,23.6,0.0,moderate,estimated
AMR001,2019,2,23.6,0.0,moderate,estimated
AMR001,2019,3,23.6,0.0,moderate,estimated
AMR001,2019,4,25.2,0.0,saline,estimated
AMR001,2019,5,25.2,0.0,saline,estimated
AMR001,2019,6,25.2,0.0,saline,estimated
AMR001,2019,7,23.6,0.0,moderate,estimated
AMR001,2019,8,23.6,0.0,moderate,estimated
AMR001,2019,9,22.2,0.0,moderate,estimated
AMR001,2019,10,22.2,0.0,moderate,estimated
AMR001,2019,11,22.2,0.0,moderate,estimated
AMR001,2019,12,23.6,0.0,moderate,estimated
AMR001,2020,1,23.95,0.35,moderate,estimated
AMR001,2020,2,23.95,0.35,moderate,estimated
AMR001,2020,3,23.95,0.35,moderate,estimated
AMR001,2020,4,25.55,0.35,saline,estimated
AMR001,2020,5,25.55,0.35,saline,estimated
AMR001,2020,6,25.55,0.35,saline,estimated
AMR001,2020,7,23.95,0.35,moderate,estimated
AMR001,2020,8,23.95,0.35,moderate,estimated
AMR001,2020,9,22.55,0.35,moderate,estimated
AMR001,2020,10,22.55,0.35,moderate,estimated
AMR001,2020,11,22.55,0.35,moderate,estimated
AMR001,2020,12,23.95,0.35,moderate,estimated
AMR001,2021,1,24.3,0.35,moderate,estimated
AMR001,2021,2,24.3,0.35,moderate,estimated
AMR001,2021,3,24.3,0.35,moderate,estimated
AMR001,2021,4,25.9,0.35,saline,estimated
AMR001,2021,5,25.9,0.35,saline,estimated
AMR001,2021,6,25.9,0.35,saline,estimated
AMR001,2021,7,24.3,0.35,moderate,estimated
AMR001,2021,8,24.3,0.35,moderate,estimated
AMR001,2021,9,22.9,0.35,moderate,estimated
AMR001,2021,10,22.9,0.35,moderate,estimated
AMR001,2021,11,22.9,0.35,moderate,estimated
AMR001,2021,12,24.3,0.35,moderate,estimated
AMR001,2022,1,24.65,0.35,moderate,estimated
AMR001,2022,2,24.65,0.35,moderate,estimated
AMR001,2022,3,24.65,0.35,moderate,estimated
AMR001,2022,4,26.25,0.35,saline,estimated
AMR001,2022,5,26.25,0.35,saline,estimated
AMR001,2022,6,26.25,0.35,saline,estimated
AMR001,2022,7,24.65,0.35,moderate,estimated
AMR001,2022,8,24.65,0.35,moderate,estimated
AMR001,2022,9,23.25,0.35,moderate,estimated
AMR001,2022,10,23.25,0.35,moderate,estimated
AMR001,2022,11,23.25,0.35,moderate,estimated
AMR001,2022,12,24.65,0.35,moderate,estimated
AMR001,2023,1,25.0,0.35,saline,estimated
AMR001,2023,2,25.0,0.35,saline,estimated
AMR001,2023,3,25.0,0.35,saline,estimated
AMR001,2023,4,26.6,0.35,saline,estimated
AMR001,2023,5,26.6,0.35,saline,estimated
AMR001,2023,6,26.6,0.35,saline,estimated
AMR001,2023,7,25.0,0.35,saline,estimated
AMR001,2023,8,25.0,0.35,saline,estimated
AMR001,2023,9,23.6,0.35,moderate,estimated
AMR001,2023,10,23.6,0.35,moderate,estimated
AMR001,2023,11,23.6,0.35,moderate,estimated
AMR001,2023,12,25.0,0.35,saline,estimated
AMR001,2024,1,25.35,0.35,saline,estimated
AMR001,2024,2,25.35,0.35,saline,estimated
AMR001,2024,3,25.35,0.35,saline,estimated
AMR001,2024,4,26.95,0.35,saline,estimated
AMR001,2024,5,26.95,0.35,saline,estimated
AMR001,2024,6,26.95,0.35,saline,estimated
AMR001,2024,7,25.35,0.35,saline,estimated
AMR001,2024,8,25.35,0.35,saline,estimated
AMR001,2024,9,23.95,0.35,moderate,estimated
AMR001,2024,10,23.95,0.35,moderate,estimated
AMR001,2024,11,23.95,0.35,moderate,estimated
AMR001,2024,12,25.35,0.35,saline,estimated
AMR002,2019,1,22.0,0.0,moderate,estimated
AMR002,2019,2,22.0,0.0,moderate,estimated
AMR002,2019,3,22.0,0.0,moderate,estimated
AMR002,2019,4,23.6,0.0,moderate,estimated
AMR002,2019,5,23.6,0.0,moderate,estimated
AMR002,2019,6,23.6,0.0,moderate,estimated
AMR002,2019,7,22.0,0.0,moderate,estimated
AMR002,2019,8,22.0,0.0,moderate,estimated
AMR002,2019,9,20.6,0.0,moderate,estimated
AMR002,2019,10,20.6,0.0,moderate,estimated
AMR002,2019,11,20.6,0.0,moderate,estimated
AMR002,2019,12,22.0,0.0,moderate,estimated
AMR002,2020,1,22.35,0.35,moderate,estimated
AMR002,2020,2,22.35,0.35,moderate,estimated
AMR002,2020,3,22.35,0.35,moderate,estimated
AMR002,2020,4,23.95,0.35,moderate,estimated
AMR002,2020,5,23.95,0.35,moderate,estimated
AMR002,2020,6,23.95,0.35,moderate,estimated
AMR002,2020,7,22.35,0.35,moderate,estimated
AMR002,2020,8,22.35,0.35,moderate,estimated
AMR002,2020,9,20.95,0.35,moderate,estimated
AMR002,2020,10,20.95,0.35,moderate,estimated
AMR002,2020,11,20.95,0.35,moderate,estimated
AMR002,2020,12,22.35,0.35,moderate,estimated
AMR002,2021,1,22.7,0.35,moderate,estimated
AMR002,2021,2,22.7,0.35,moderate,estimated
AMR002,2021,3,22.7,0.35,moderate,estimated
AMR002,2021,4,24.3,0.35,moderate,estimated
AMR002,2021,5,24.3,0.35,moderate,estimated
AMR002,2021,6,24.3,0.35,moderate,estimated
AMR002,2021,7,22.7,0.35,moderate,estimated
AMR002,2021,8,22.7,0.35,moderate,estimated
AMR002,2021,9,21.3,0.35,moderate,estimated
AMR002,2021,10,21.3,0.35,moderate,estimated
AMR002,2021,11,21.3,0.35,moderate,estimated
AMR002,2021,12,22.7,0.35,moderate,estimated
AMR002,2022,1,23.05,0.35,moderate,estimated
AMR002,2022,2,23.05,0.35,moderate,estimated
AMR002,2022,3,23.05,0.35,moderate,estimated
AMR002,2022,4,24.65,0.35,moderate,estimated
AMR002,2022,5,24.65,0.35,moderate,estimated
AMR002,2022,6,24.65,0.35,moderate,estimated
AMR002,2022,7,23.05,0.35,moderate,estimated
AMR002,2022,8,23.05,0.35,moderate,estimated
AMR002,2022,9,21.65,0.35,moderate,estimated
AMR002,2022,10,21.65,0.35,moderate,estimated
AMR002,2022,11,21.65,0.35,moderate,estimated
AMR002,2022,12,23.05,0.35,moderate,estimated
AMR002,2023,1,23.4,0.35,moderate,estimated
AMR002,2023,2,23.4,0.35,moderate,estimated
AMR002,2023,3,23.4,0.35,moderate,estimated
AMR002,2023,4,25.0,0.35,saline,estimated
AMR002,2023,5,25.0,0.35,saline,estimated
AMR002,2023,6,25.0,0.35,saline,estimated
AMR002,2023,7,23.4,0.35,moderate,estimated
AMR002,2023,8,23.4,0.35,moderate,estimated
AMR002,2023,9,22.0,0.35,moderate,estimated
AMR002,2023,10,22.0,0.35,moderate,estimated
AMR002,2023,11,22.0,0.35,moderate,estimated
AMR002,2023,12,23.4,0.35,moderate,estimated
AMR002,2024,1,23.75,0.35,moderate,estimated
AMR002,2024,2,23.75,0.35,moderate,estimated
AMR002,2024,3,23.75,0.35,moderate,estimated
AMR002,2024,4,25.35,0.35,saline,estimated
AMR002,2024,5,25.35,0.35,saline,estimated
AMR002,2024,6,25.35,0.35,saline,estimated
AMR002,2024,7,23.75,0.35,moderate,estimated
AMR002,2024,8,23.75,0.35,moderate,estimated
AMR002,2024,9,22.35,0.35,moderate,estimated
AMR002,2024,10,22.35,0.35,moderate,estimated
AMR002,2024,11,22.35,0.35,moderate,estimated
AMR002,2024,12,23.75,0.35,moderate,estimated
AMR003,2019,1,24.8,0.0,moderate,estimated
AMR003,2019,2,24.8,0.0,moderate,estimated
AMR003,2019,3,24.8,0.0,moderate,estimated
AMR003,2019,4,26.4,0.0,saline,estimated
AMR003,2019,5,26.4,0.0,saline,estimated
AMR003,2019,6,26.4,0.0,saline,estimated
AMR003,2019,7,24.8,0.0,moderate,estimated
AMR003,2019,8,24.8,0.0,moderate,estimated
AMR003,2019,9,23.4,0.0,moderate,estimated
AMR003,2019,10,23.4,0.0,moderate,estimated
AMR003,2019,11,23.4,0.0,moderate,estimated
AMR003,2019,12,24.8,0.0,moderate,estimated
AMR003,2020,1,25.15,0.35,saline,estimated
AMR003,2020,2,25.15,0.35,saline,estimated
AMR003,2020,3,25.15,0.35,saline,estimated
AMR003,2020,4,26.75,0.35,saline,estimated
AMR003,2020,5,26.75,0.35,saline,estimated
AMR003,2020,6,26.75,0.35,saline,estimated
AMR003,2020,7,25.15,0.35,saline,estimated
AMR003,2020,8,25.15,0.35,saline,estimated
AMR003,2020,9,23.75,0.35,moderate,estimated
AMR003,2020,10,23.75,0.35,moderate,estimated
AMR003,2020,11,23.75,0.35,moderate,estimated
AMR003,2020,12,25.15,0.35,saline,estimated
AMR003,2021,1,25.5,0.35,saline,estimated
AMR003,2021,2,25.5,0.35,saline,estimated
AMR003,2021,3,25.5,0.35,saline,estimated
AMR003,2021,4,27.1,0.35,saline,estimated
AMR003,2021,5,27.1,0.35,saline,estimated
AMR003,2021,6,27.1,0.35,saline,estimated
AMR003,2021,7,25.5,0.35,saline,estimated
AMR003,2021,8,25.5,0.35,saline,estimated
AMR003,2021,9,24.1,0.35,moderate,estimated
AMR003,2021,10,24.1,0.35,moderate,estimated
AMR003,2021,11,24.1,0.35,moderate,estimated
AMR003,2021,12,25.5,0.35,saline,estimated
AMR003,2022,1,25.85,0.35,saline,estimated
AMR003,2022,2,25.85,0.35,saline,estimated
AMR003,2022,3,25.85,0.35,saline,estimated
AMR003,2022,4,27.45,0.35,saline,estimated
AMR003,2022,5,27.45,0.35,saline,estimated
AMR003,2022,6,27.45,0.35,saline,estimated
AMR003,2022,7,25.85,0.35,saline,estimated
AMR003,2022,8,25.85,0.35,saline,estimated
AMR003,2022,9,24.45,0.35,moderate,estimated
AMR003,2022,10,24.45,0.35,moderate,estimated
AMR003,2022,11,24.45,0.35,moderate,estimated
AMR003,2022,12,25.85,0.35,saline,estimated
AMR003,2023,1,26.2,0.35,saline,estimated
AMR003,2023,2,26.2,0.35,saline,estimated
AMR003,2023,3,26.2,0.35,saline,estimated
AMR003,2023,4,27.8,0.35,saline,estimated
AMR003,2023,5,27.8,0.35,saline,estimated
AMR003,2023,6,27.8,0.35,saline,estimated
AMR003,2023,7,26.2,0.35,saline,estimated
AMR003,2023,8,26.2,0.35,saline,estimated
AMR003,2023,9,24.8,0.35,moderate,estimated
AMR003,2023,10,24.8,0.35,moderate,estimated
AMR003,2023,11,24.8,0.35,moderate,estimated
AMR003,2023,12,26.2,0.35,saline,estimated
AMR003,2024,1,26.55,0.35,saline,estimated
AMR003,2024,2,26.55,0.35,saline,estimated
AMR003,2024,3,26.55,0.35,saline,estimated
AMR003,2024,4,28.15,0.35,saline,estimated
AMR003,2024,5,28.15,0.35,saline,estimated
AMR003,2024,6,28.15,0.35,saline,estimated
AMR003,2024,7,26.55,0.35,saline,estimated
AMR003,2024,8,26.55,0.35,saline,estimated
AMR003,2024,9,25.15,0.35,saline,estimated
AMR003,2024,10,25.15,0.35,saline,estimated
AMR003,2024,11,25.15,0.35,saline,estimated
AMR003,2024,12,26.55,0.35,saline,estimated
AMR004,2019,1,22.7,0.0,moderate,estimated
AMR004,2019,2,22.7,0.0,moderate,estimated
AMR004,2019,3,22.7,0.0,moderate,estimated
AMR004,2019,4,24.3,0.0,moderate,estimated
AMR004,2019,5,24.3,0.0,moderate,estimated
AMR004,2019,6,24.3,0.0,moderate,estimated
AMR004,2019,7,22.7,0.0,moderate,estimated
AMR004,2019,8,22.7,0.0,moderate,estimated
AMR004,2019,9,21.3,0.0,moderate,estimated
AMR004,2019,10,21.3,0.0,moderate,estimated
AMR004,2019,11,21.3,0.0,moderate,estimated
AMR004,2019,12,22.7,0.0,moderate,estimated
AMR004,2020,1,23.05,0.35,moderate,estimated
AMR004,2020,2,23.05,0.35,moderate,estimated
AMR004,2020,3,23.05,0.35,moderate,estimated
AMR004,2020,4,24.65,0.35,moderate,estimated
AMR004,2020,5,24.65,0.35,moderate,estimated
AMR004,2020,6,24.65,0.35,moderate,estimated
AMR004,2020,7,23.05,0.35,moderate,estimated
AMR004,2020,8,23.05,0.35,moderate,estimated
AMR004,2020,9,21.65,0.35,moderate,estimated
AMR004,2020,10,21.65,0.35,moderate,estimated
AMR004,2020,11,21.65,0.35,moderate,estimated
AMR004,2020,12,23.05,0.35,moderate,estimated
AMR004,2021,1,23.4,0.35,moderate,estimated
AMR004,2021,2,23.4,0.35,moderate,estimated
AMR004,2021,3,23.4,0.35,moderate,estimated
AMR004,2021,4,25.0,0.35,saline,estimated
AMR004,2021,5,25.0,0.35,saline,estimated
AMR004,2021,6,25.0,0.35,saline,estimated
AMR004,2021,7,23.4,0.35,moderate,estimated
AMR004,2021,8,23.4,0.35,moderate,estimated
AMR004,2021,9,22.0,0.35,moderate,estimated
AMR004,2021,10,22.0,0.35,moderate,estimated
AMR004,2021,11,22.0,0.35,moderate,estimated
AMR004,2021,12,23.4,0.35,moderate,estimated
AMR004,2022,1,23.75,0.35,moderate,estimated
AMR004,2022,2,23.75,0.35,moderate,estimated
AMR004,2022,3,23.75,0.35,moderate,estimated
AMR004,2022,4,25.35,0.35,saline,estimated
AMR004,2022,5,25.35,0.35,saline,estimated
AMR004,2022,6,25.35,0.35,saline,estimated
AMR004,2022,7,23.75,0.35,moderate,estimated
AMR004,2022,8,23.75,0.35,moderate,estimated
AMR004,2022,9,22.35,0.35,moderate,estimated
AMR004,2022,10,22.35,0.35,moderate,estimated
AMR004,2022,11,22.35,0.35,moderate,estimated
AMR004,2022,12,23.75,0.35,moderate,estimated
AMR004,2023,1,24.1,0.35,moderate,estimated
AMR004,2023,2,24.1,0.35,moderate,estimated
AMR004,2023,3,24.1,0.35,moderate,estimated
AMR004,2023,4,25.7,0.35,saline,estimated
AMR004,2023,5,25.7,0.35,saline,estimated
AMR004,2023,6,25.7,0.35,saline,estimated
AMR004,2023,7,24.1,0.35,moderate,estimated
AMR004,2023,8,24.1,0.35,moderate,estimated
AMR004,2023,9,22.7,0.35,moderate,estimated
AMR004,2023,10,22.7,0.35,moderate,estimated
AMR004,2023,11,22.7,0.35,moderate,estimated
AMR004,2023,12,24.1,0.35,moderate,estimated
AMR004,2024,1,24.45,0.35,moderate,estimated
AMR004,2024,2,24.45,0.35,moderate,estimated
AMR004,2024,3,24.45,0.35,moderate,estimated
AMR004,2024,4,26.05,0.35,saline,estimated
AMR004,2024,5,26.05,0.35,saline,estimated
AMR004,2024,6,26.05,0.35,saline,estimated
AMR004,2024,7,24.45,0.35,moderate,estimated
AMR004,2024,8,24.45,0.35,moderate,estimated
AMR004,2024,9,23.05,0.35,moderate,estimated
AMR004,2024,10,23.05,0.35,moderate,estimated
AMR004,2024,11,23.05,0.35,moderate,estimated
AMR004,2024,12,24.45,0.35,moderate,estimated
AMR005,2019,1,20.4,0.0,moderate,estimated
AMR005,2019,2,20.4,0.0,moderate,estimated
AMR005,2019,3,20.4,0.0,moderate,estimated
AMR005,2019,4,22.0,0.0,moderate,estimated
AMR005,2019,5,22.0,0.0,moderate,estimated
AMR005,2019,6,22.0,0.0,moderate,estimated
AMR005,2019,7,20.4,0.0,moderate,estimated
AMR005,2019,8,20.4,0.0,moderate,estimated
AMR005,2019,9,19.0,0.0,moderate,estimated
AMR005,2019,10,19.0,0.0,moderate,estimated
AMR005,2019,11,19.0,0.0,moderate,estimated
AMR005,2019,12,20.4,0.0,moderate,estimated
AMR005,2020,1,20.75,0.35,moderate,estimated
AMR005,2020,2,20.75,0.35,moderate,estimated
AMR005,2020,3,20.75,0.35,moderate,estimated
AMR005,2020,4,22.35,0.35,moderate,estimated
AMR005,2020,5,22.35,0.35,moderate,estimated
AMR005,2020,6,22.35,0.35,moderate,estimated
AMR005,2020,7,20.75,0.35,moderate,estimated
AMR005,2020,8,20.75,0.35,moderate,estimated
AMR005,2020,9,19.35,0.35,moderate,estimated
AMR005,2020,10,19.35,0.35,moderate,estimated
AMR005,2020,11,19.35,0.35,moderate,estimated
AMR005,2020,12,20.75,0.35,moderate,estimated
AMR005,2021,1,21.1,0.35,moderate,estimated
AMR005,2021,2,21.1,0.35,moderate,estimated
AMR005,2021,3,21.1,0.35,moderate,estimated
AMR005,2021,4,22.7,0.35,moderate,estimated
AMR005,2021,5,22.7,0.35,moderate,estimated
AMR005,2021,6,22.7,0.35,moderate,estimated
AMR005,2021,7,21.1,0.35,moderate,estimated
AMR005,2021,8,21.1,0.35,moderate,estimated
AMR005,2021,9,19.7,0.35,moderate,estimated
AMR005,2021,10,19.7,0.35,moderate,estimated
AMR005,2021,11,19.7,0.35,moderate,estimated
AMR005,2021,12,21.1,0.35,moderate,estimated
AMR005,2022,1,21.45,0.35,moderate,estimated
AMR005,2022,2,21.45,0.35,moderate,estimated
AMR005,2022,3,21.45,0.35,moderate,estimated
AMR005,2022,4,23.05,0.35,moderate,estimated
AMR005,2022,5,23.05,0.35,moderate,estimated
AMR005,2022,6,23.05,0.35,moderate,estimated
AMR005,2022,7,21.45,0.35,moderate,estimated
AMR005,2022,8,21.45,0.35,moderate,estimated
AMR005,2022,9,20.05,0.35,moderate,estimated
AMR005,2022,10,20.05,0.35,moderate,estimated
AMR005,2022,11,20.05,0.35,moderate,estimated
AMR005,2022,12,21.45,0.35,moderate,estimated
AMR005,2023,1,21.8,0.35,moderate,estimated
AMR005,2023,2,21.8,0.35,moderate,estimated
AMR005,2023,3,21.8,0.35,moderate,estimated
AMR005,2023,4,23.4,0.35,moderate,estimated
AMR005,2023,5,23.4,0.35,moderate,estimated
AMR005,2023,6,23.4,0.35,moderate,estimated
AMR005,2023,7,21.8,0.35,moderate,estimated
AMR005,2023,8,21.8,0.35,moderate,estimated
AMR005,2023,9,20.4,0.35,moderate,estimated
AMR005,2023,10,20.4,0.35,moderate,estimated
AMR005,2023,11,20.4,0.35,moderate,estimated
AMR005,2023,12,21.8,0.35,moderate,estimated
AMR005,2024,1,22.15,0.35,moderate,estimated
AMR005,2024,2,22.15,0.35,moderate,estimated
AMR005,2024,3,22.15,0.35,moderate,estimated
AMR005,2024,4,23.75,0.35,moderate,estimated
AMR005,2024,5,23.75,0.35,moderate,estimated
AMR005,2024,6,23.75,0.35,moderate,estimated
AMR005,2024,7,22.15,0.35,moderate,estimated
AMR005,2024,8,22.15,0.35,moderate,estimated
AMR005,2024,9,20.75,0.35,moderate,estimated
AMR005,2024,10,20.75,0.35,moderate,estimated
AMR005,2024,11,20.75,0.35,moderate,estimated
AMR005,2024,12,22.15,0.35,moderate,estimated
AMR006,2019,1,24.0,0.0,moderate,estimated
AMR006,2019,2,24.0,0.0,moderate,estimated
AMR006,2019,3,24.0,0.0,moderate,estimated
AMR006,2019,4,25.6,0.0,saline,estimated
AMR006,2019,5,25.6,0.0,saline,estimated
AMR006,2019,6,25.6,0.0,saline,estimated
AMR006,2019,7,24.0,0.0,moderate,estimated
AMR006,2019,8,24.0,0.0,moderate,estimated
AMR006,2019,9,22.6,0.0,moderate,estimated
AMR006,2019,10,22.6,0.0,moderate,estimated
AMR006,2019,11,22.6,0.0,moderate,estimated
AMR006,2019,12,24.0,0.0,moderate,estimated
AMR006,2020,1,24.35,0.35,moderate,estimated
AMR006,2020,2,24.35,0.35,moderate,estimated
AMR006,2020,3,24.35,0.35,moderate,estimated
AMR006,2020,4,25.95,0.35,saline,estimated
AMR006,2020,5,25.95,0.35,saline,estimated
AMR006,2020,6,25.95,0.35,saline,estimated
AMR006,2020,7,24.35,0.35,moderate,estimated
AMR006,2020,8,24.35,0.35,moderate,estimated
AMR006,2020,9,22.95,0.35,moderate,estimated
AMR006,2020,10,22.95,0.35,moderate,estimated
AMR006,2020,11,22.95,0.35,moderate,estimated
AMR006,2020,12,24.35,0.35,moderate,estimated
AMR006,2021,1,24.7,0.35,moderate,estimated
AMR006,2021,2,24.7,0.35,moderate,estimated
AMR006,2021,3,24.7,0.35,moderate,estimated
AMR006,2021,4,26.3,0.35,saline,estimated
AMR006,2021,5,26.3,0.35,saline,estimated
AMR006,2021,6,26.3,0.35,saline,estimated
AMR006,2021,7,24.7,0.35,moderate,estimated
AMR006,2021,8,24.7,0.35,moderate,estimated
AMR006,2021,9,23.3,0.35,moderate,estimated
AMR006,2021,10,23.3,0.35,moderate,estimated
AMR006,2021,11,23.3,0.35,moderate,estimated
AMR006,2021,12,24.7,0.35,moderate,estimated
AMR006,2022,1,25.05,0.35,saline,estimated
AMR006,2022,2,25.05,0.35,saline,estimated
AMR006,2022,3,25.05,0.35,saline,estimated
AMR006,2022,4,26.65,0.35,saline,estimated
AMR006,2022,5,26.65,0.35,saline,estimated
AMR006,2022,6,26.65,0.35,saline,estimated
AMR006,2022,7,25.05,0.35,saline,estimated
AMR006,2022,8,25.05,0.35,saline,estimated
AMR006,2022,9,23.65,0.35,moderate,estimated
AMR006,2022,10,23.65,0.35,moderate,estimated
AMR006,2022,11,23.65,0.35,moderate,estimated
AMR006,2022,12,25.05,0.35,saline,estimated
AMR006,2023,1,25.4,0.35,saline,estimated
AMR006,2023,2,25.4,0.35,saline,estimated
AMR006,2023,3,25.4,0.35,saline,estimated
AMR006,2023,4,27.0,0.35,saline,estimated
AMR006,2023,5,27.0,0.35,saline,estimated
AMR006,2023,6,27.0,0.35,saline,estimated
AMR006,2023,7,25.4,0.35,saline,estimated
AMR006,2023,8,25.4,0.35,saline,estimated
AMR006,2023,9,24.0,0.35,moderate,estimated
AMR006,2023,10,24.0,0.35,moderate,estimated
AMR006,2023,11,24.0,0.35,moderate,estimated
AMR006,2023,12,25.4,0.35,saline,estimated
AMR006,2024,1,25.75,0.35,saline,estimated
AMR006,2024,2,25.75,0.35,saline,estimated
AMR006,2024,3,25.75,0.35,saline,estimated
AMR006,2024,4,27.35,0.35,saline,estimated
AMR006,2024,5,27.35,0.35,saline,estimated
AMR006,2024,6,27.35,0.35,saline,estimated
AMR006,2024,7,25.75,0.35,saline,estimated
AMR006,2024,8,25.75,0.35,saline,estimated
AMR006,2024,9,24.35,0.35,moderate,estimated
AMR006,2024,10,24.35,0.35,moderate,estimated
AMR006,2024,11,24.35,0.35,moderate,estimated
AMR006,2024,12,25.75,0.35,saline,estimated
AMR007,2019,1,21.2,0.0,moderate,estimated
AMR007,2019,2,21.2,0.0,moderate,estimated
AMR007,2019,3,21.2,0.0,moderate,estimated
AMR007,2019,4,22.8,0.0,moderate,estimated
AMR007,2019,5,22.8,0.0,moderate,estimated
AMR007,2019,6,22.8,0.0,moderate,estimated
AMR007,2019,7,21.2,0.0,moderate,estimated
AMR007,2019,8,21.2,0.0,moderate,estimated
AMR007,2019,9,19.8,0.0,moderate,estimated
AMR007,2019,10,19.8,0.0,moderate,estimated
AMR007,2019,11,19.8,0.0,moderate,estimated
AMR007,2019,12,21.2,0.0,moderate,estimated
AMR007,2020,1,21.55,0.35,moderate,estimated
AMR007,2020,2,21.55,0.35,moderate,estimated
AMR007,2020,3,21.55,0.35,moderate,estimated
AMR007,2020,4,23.15,0.35,moderate,estimated
AMR007,2020,5,23.15,0.35,moderate,estimated
AMR007,2020,6,23.15,0.35,moderate,estimated
AMR007,2020,7,21.55,0.35,moderate,estimated
AMR007,2020,8,21.55,0.35,moderate,estimated
AMR007,2020,9,20.15,0.35,moderate,estimated
AMR007,2020,10,20.15,0.35,moderate,estimated
AMR007,2020,11,20.15,0.35,moderate,estimated
AMR007,2020,12,21.55,0.35,moderate,estimated
AMR007,2021,1,21.9,0.35,moderate,estimated
AMR007,2021,2,21.9,0.35,moderate,estimated
AMR007,2021,3,21.9,0.35,moderate,estimated
AMR007,2021,4,23.5,0.35,moderate,estimated
AMR007,2021,5,23.5,0.35,moderate,estimated
AMR007,2021,6,23.5,0.35,moderate,estimated
AMR007,2021,7,21.9,0.35,moderate,estimated
AMR007,2021,8,21.9,0.35,moderate,estimated
AMR007,2021,9,20.5,0.35,moderate,estimated
AMR007,2021,10,20.5,0.35,moderate,estimated
AMR007,2021,11,20.5,0.35,moderate,estimated
AMR007,2021,12,21.9,0.35,moderate,estimated
AMR007,2022,1,22.25,0.35,moderate,estimated
AMR007,2022,2,22.25,0.35,moderate,estimated
AMR007,2022,3,22.25,0.35,moderate,estimated
AMR007,2022,4,23.85,0.35,moderate,estimated
AMR007,2022,5,23.85,0.35,moderate,estimated
AMR007,2022,6,23.85,0.35,moderate,estimated
AMR007,2022,7,22.25,0.35,moderate,estimated
AMR007,2022,8,22.25,0.35,moderate,estimated
AMR007,2022,9,20.85,0.35,moderate,estimated
AMR007,2022,10,20.85,0.35,moderate,estimated
AMR007,2022,11,20.85,0.35,moderate,estimated
AMR007,2022,12,22.25,0.35,moderate,estimated
AMR007,2023,1,22.6,0.35,moderate,estimated
AMR007,2023,2,22.6,0.35,moderate,estimated
AMR007,2023,3,22.6,0.35,moderate,estimated
AMR007,2023,4,24.2,0.35,moderate,estimated
AMR007,2023,5,24.2,0.35,moderate,estimated
AMR007,2023,6,24.2,0.35,moderate,estimated
AMR007,2023,7,22.6,0.35,moderate,estimated
AMR007,2023,8,22.6,0.35,moderate,estimated
AMR007,2023,9,21.2,0.35,moderate,estimated
AMR007,2023,10,21.2,0.35,moderate,estimated
AMR007,2023,11,21.2,0.35,moderate,estimated
AMR007,2023,12,22.6,0.35,moderate,estimated
AMR007,2024,1,22.95,0.35,moderate,estimated
AMR007,2024,2,22.95,0.35,moderate,estimated
AMR007,2024,3,22.95,0.35,moderate,estimated
AMR007,2024,4,24.55,0.35,moderate,estimated
AMR007,2024,5,24.55,0.35,moderate,estimated
AMR007,2024,6,24.55,0.35,moderate,estimated
AMR007,2024,7,22.95,0.35,moderate,estimated
AMR007,2024,8,22.95,0.35,moderate,estimated
AMR007,2024,9,21.55,0.35,moderate,estimated
AMR007,2024,10,21.55,0.35,moderate,estimated
AMR007,2024,11,21.55,0.35,moderate,estimated
AMR007,2024,12,22.95,0.35,moderate,estimated
AMR008,2019,1,25.5,0.0,saline,estimated
AMR008,2019,2,25.5,0.0,saline,estimated
AMR008,2019,3,25.5,0.0,saline,estimated
AMR008,2019,4,27.1,0.0,saline,estimated
AMR008,2019,5,27.1,0.0,saline,estimated
AMR008,2019,6,27.1,0.0,saline,estimated
AMR008,2019,7,25.5,0.0,saline,estimated
AMR008,2019,8,25.5,0.0,saline,estimated
AMR008,2019,9,24.1,0.0,moderate,estimated
AMR008,2019,10,24.1,0.0,moderate,estimated
AMR008,2019,11,24.1,0.0,moderate,estimated
AMR008,2019,12,25.5,0.0,saline,estimated
AMR008,2020,1,25.85,0.35,saline,estimated
AMR008,2020,2,25.85,0.35,saline,estimated
AMR008,2020,3,25.85,0.35,saline,estimated
AMR008,2020,4,27.45,0.35,saline,estimated
AMR008,2020,5,27.45,0.35,saline,estimated
AMR008,2020,6,27.45,0.35,saline,estimated
AMR008,2020,7,25.85,0.35,saline,estimated
AMR008,2020,8,25.85,0.35,saline,estimated
AMR008,2020,9,24.45,0.35,moderate,estimated
AMR008,2020,10,24.45,0.35,moderate,estimated
AMR008,2020,11,24.45,0.35,moderate,estimated
AMR008,2020,12,25.85,0.35,saline,estimated
AMR008,2021,1,26.2,0.35,saline,estimated
AMR008,2021,2,26.2,0.35,saline,estimated
AMR008,2021,3,26.2,0.35,saline,estimated
AMR008,2021,4,27.8,0.35,saline,estimated
AMR008,2021,5,27.8,0.35,saline,estimated
AMR008,2021,6,27.8,0.35,saline,estimated
AMR008,2021,7,26.2,0.35,saline,estimated
AMR008,2021,8,26.2,0.35,saline,estimated
AMR008,2021,9,24.8,0.35,moderate,estimated
AMR008,2021,10,24.8,0.35,moderate,estimated
AMR008,2021,11,24.8,0.35,moderate,estimated
AMR008,2021,12,26.2,0.35,saline,estimated
AMR008,2022,1,26.55,0.35,saline,estimated
AMR008,2022,2,26.55,0.35,saline,estimated
AMR008,2022,3,26.55,0.35,saline,estimated
AMR008,2022,4,28.15,0.35,saline,estimated
AMR008,2022,5,28.15,0.35,saline,estimated
AMR008,2022,6,28.15,0.35,saline,estimated
AMR008,2022,7,26.55,0.35,saline,estimated
AMR008,2022,8,26.55,0.35,saline,estimated
AMR008,2022,9,25.15,0.35,saline,estimated
AMR008,2022,10,25.15,0.35,saline,estimated
AMR008,2022,11,25.15,0.35,saline,estimated
AMR008,2022,12,26.55,0.35,saline,estimated
AMR008,2023,1,26.9,0.35,saline,estimated
AMR008,2023,2,26.9,0.35,saline,estimated
AMR008,2023,3,26.9,0.35,saline,estimated
AMR008,2023,4,28.5,0.35,saline,estimated
AMR008,2023,5,28.5,0.35,saline,estimated
AMR008,2023,6,28.5,0.35,saline,estimated
AMR008,2023,7,26.9,0.35,saline,estimated
AMR008,2023,8,26.9,0.35,saline,estimated
AMR008,2023,9,25.5,0.35,saline,estimated
AMR008,2023,10,25.5,0.35,saline,estimated
AMR008,2023,11,25.5,0.35,saline,estimated
AMR008,2023,12,26.9,0.35,saline,estimated
AMR008,2024,1,27.25,0.35,saline,estimated
AMR008,2024,2,27.25,0.35,saline,estimated
AMR008,2024,3,27.25,0.35,saline,estimated
AMR008,2024,4,28.85,0.35,saline,estimated
AMR008,2024,5,28.85,0.35,saline,estimated
AMR008,2024,6,28.85,0.35,saline,estimated
AMR008,2024,7,27.25,0.35,saline,estimated
AMR008,2024,8,27.25,0.35,saline,estimated
AMR008,2024,9,25.85,0.35,saline,estimated
AMR008,2024,10,25.85,0.35,saline,estimated
AMR008,2024,11,25.85,0.35,saline,estimated
AMR008,2024,12,27.25,0.35,saline,estimated
AMR009,2019,1,25.1,0.0,saline,estimated
AMR009,2019,2,25.1,0.0,saline,estimated
AMR009,2019,3,25.1,0.0,saline,estimated
AMR009,2019,4,26.7,0.0,saline,estimated
AMR009,2019,5,26.7,0.0,saline,estimated
AMR009,2019,6,26.7,0.0,saline,estimated
AMR009,2019,7,25.1,0.0,saline,estimated
AMR009,2019,8,25.1,0.0,saline,estimated
AMR009,2019,9,23.7,0.0,moderate,estimated
AMR009,2019,10,23.7,0.0,moderate,estimated
AMR009,2019,11,23.7,0.0,moderate,estimated
AMR009,2019,12,25.1,0.0,saline,estimated
AMR009,2020,1,25.45,0.35,saline,estimated
AMR009,2020,2,25.45,0.35,saline,estimated
AMR009,2020,3,25.45,0.35,saline,estimated
AMR009,2020,4,27.05,0.35,saline,estimated
AMR009,2020,5,27.05,0.35,saline,estimated
AMR009,2020,6,27.05,0.35,saline,estimated
AMR009,2020,7,25.45,0.35,saline,estimated
AMR009,2020,8,25.45,0.35,saline,estimated
AMR009,2020,9,24.05,0.35,moderate,estimated
AMR009,2020,10,24.05,0.35,moderate,estimated
AMR009,2020,11,24.05,0.35,moderate,estimated
AMR009,2020,12,25.45,0.35,saline,estimated
AMR009,2021,1,25.8,0.35,saline,estimated
AMR009,2021,2,25.8,0.35,saline,estimated
AMR009,2021,3,25.8,0.35,saline,estimated
AMR009,2021,4,27.4,0.35,saline,estimated
AMR009,2021,5,27.4,0.35,saline,estimated
AMR009,2021,6,27.4,0.35,saline,estimated
AMR009,2021,7,25.8,0.35,saline,estimated
AMR009,2021,8,25.8,0.35,saline,estimated
AMR009,2021,9,24.4,0.35,moderate,estimated
AMR009,2021,10,24.4,0.35,moderate,estimated
AMR009,2021,11,24.4,0.35,moderate,estimated
AMR009,2021,12,25.8,0.35,saline,estimated
AMR009,2022,1,26.15,0.35,saline,estimated
AMR009,2022,2,26.15,0.35,saline,estimated
AMR009,2022,3,26.15,0.35,saline,estimated
AMR009,2022,4,27.75,0.35,saline,estimated
AMR009,2022,5,27.75,0.35,saline,estimated
AMR009,2022,6,27.75,0.35,saline,estimated
AMR009,2022,7,26.15,0.35,saline,estimated
AMR009,2022,8,26.15,0.35,saline,estimated
AMR009,2022,9,24.75,0.35,moderate,estimated
AMR009,2022,10,24.75,0.35,moderate,estimated
AMR009,2022,11,24.75,0.35,moderate,estimated
AMR009,2022,12,26.15,0.35,saline,estimated
AMR009,2023,1,26.5,0.35,saline,estimated
AMR009,2023,2,26.5,0.35,saline,estimated
AMR009,2023,3,26.5,0.35,saline,estimated
AMR009,2023,4,28.1,0.35,saline,estimated
AMR009,2023,5,28.1,0.35,saline,estimated
AMR009,2023,6,28.1,0.35,saline,estimated
AMR009,2023,7,26.5,0.35,saline,estimated
AMR009,2023,8,26.5,0.35,saline,estimated
AMR009,2023,9,25.1,0.35,saline,estimated
AMR009,2023,10,25.1,0.35,saline,estimated
AMR009,2023,11,25.1,0.35,saline,estimated
AMR009,2023,12,26.5,0.35,saline,estimated
AMR009,2024,1,26.85,0.35,saline,estimated
AMR009,2024,2,26.85,0.35,saline,estimated
AMR009,2024,3,26.85,0.35,saline,estimated
AMR009,2024,4,28.45,0.35,saline,estimated
AMR009,2024,5,28.45,0.35,saline,estimated
AMR009,2024,6,28.45,0.35,saline,estimated
AMR009,2024,7,26.85,0.35,saline,estimated
AMR009,2024,8,26.85,0.35,saline,estimated
AMR009,2024,9,25.45,0.35,saline,estimated
AMR009,2024,10,25.45,0.35,saline,estimated
AMR009,2024,11,25.45,0.35,saline,estimated
AMR009,2024,12,26.85,0.35,saline,estimated
AMR010,2019,1,25.9,0.0,saline,estimated
AMR010,2019,2,25.9,0.0,saline,estimated
AMR010,2019,3,25.9,0.0,saline,estimated
AMR010,2019,4,27.5,0.0,saline,estimated
AMR010,2019,5,27.5,0.0,saline,estimated
AMR010,2019,6,27.5,0.0,saline,estimated
AMR010,2019,7,25.9,0.0,saline,estimated
AMR010,2019,8,25.9,0.0,saline,estimated
AMR010,2019,9,24.5,0.0,moderate,estimated
AMR010,2019,10,24.5,0.0,moderate,estimated
AMR010,2019,11,24.5,0.0,moderate,estimated
AMR010,2019,12,25.9,0.0,saline,estimated
AMR010,2020,1,26.25,0.35,saline,estimated
AMR010,2020,2,26.25,0.35,saline,estimated
AMR010,2020,3,26.25,0.35,saline,estimated
AMR010,2020,4,27.85,0.35,saline,estimated
AMR010,2020,5,27.85,0.35,saline,estimated
AMR010,2020,6,27.85,0.35,saline,estimated
AMR010,2020,7,26.25,0.35,saline,estimated
AMR010,2020,8,26.25,0.35,saline,estimated
AMR010,2020,9,24.85,0.35,moderate,estimated
AMR010,2020,10,24.85,0.35,moderate,estimated
AMR010,2020,11,24.85,0.35,moderate,estimated
AMR010,2020,12,26.25,0.35,saline,estimated
AMR010,2021,1,26.6,0.35,saline,estimated
AMR010,2021,2,26.6,0.35,saline,estimated
AMR010,2021,3,26.6,0.35,saline,estimated
AMR010,2021,4,28.2,0.35,saline,estimated
AMR010,2021,5,28.2,0.35,saline,estimated
AMR010,2021,6,28.2,0.35,saline,estimated
AMR010,2021,7,26.6,0.35,saline,estimated
AMR010,2021,8,26.6,0.35,saline,estimated
AMR010,2021,9,25.2,0.35,saline,estimated
AMR010,2021,10,25.2,0.35,saline,estimated
AMR010,2021,11,25.2,0.35,saline,estimated
AMR010,2021,12,26.6,0.35,saline,estimated
AMR010,2022,1,26.95,0.35,saline,estimated
AMR010,2022,2,26.95,0.35,saline,estimated
AMR010,2022,3,26.95,0.35,saline,estimated
AMR010,2022,4,28.55,0.35,saline,estimated
AMR010,2022,5,28.55,0.35,saline,estimated
AMR010,2022,6,28.55,0.35,saline,estimated
AMR010,2022,7,26.95,0.35,saline,estimated
AMR010,2022,8,26.95,0.35,saline,estimated
AMR010,2022,9,25.55,0.35,saline,estimated
AMR010,2022,10,25.55,0.35,saline,estimated
AMR010,2022,11,25.55,0.35,saline,estimated
AMR010,2022,12,26.95,0.35,saline,estimated
AMR010,2023,1,27.3,0.35,saline,estimated
AMR010,2023,2,27.3,0.35,saline,estimated
AMR010,2023,3,27.3,0.35,saline,estimated
AMR010,2023,4,28.9,0.35,saline,estimated
AMR010,2023,5,28.9,0.35,saline,estimated
AMR010,2023,6,28.9,0.35,saline,estimated
AMR010,2023,7,27.3,0.35,saline,estimated
AMR010,2023,8,27.3,0.35,saline,estimated
AMR010,2023,9,25.9,0.35,saline,estimated
AMR010,2023,10,25.9,0.35,saline,estimated
AMR010,2023,11,25.9,0.35,saline,estimated
AMR010,2023,12,27.3,0.35,saline,estimated
AMR010,2024,1,27.65,0.35,saline,estimated
AMR010,2024,2,27.65,0.35,saline,estimated
AMR010,2024,3,27.65,0.35,saline,estimated
AMR010,2024,4,29.25,0.35,saline,estimated
AMR010,2024,5,29.25,0.35,saline,estimated
AMR010,2024,6,29.25,0.35,saline,estimated
AMR010,2024,7,27.65,0.35,saline,estimated
AMR010,2024,8,27.65,0.35,saline,estimated
AMR010,2024,9,26.25,0.35,saline,estimated
AMR010,2024,10,26.25,0.35,saline,estimated
AMR010,2024,11,26.25,0.35,saline,estimated
AMR010,2024,12,27.65,0.35,saline,estimated
BHV001,2019,1,27.0,0.0,saline,estimated
BHV001,2019,2,27.0,0.0,saline,estimated
BHV001,2019,3,27.0,0.0,saline,estimated
BHV001,2019,4,28.6,0.0,saline,estimated
BHV001,2019,5,28.6,0.0,saline,estimated
BHV001,2019,6,28.6,0.0,saline,estimated
BHV001,2019,7,27.0,0.0,saline,estimated
BHV001,2019,8,27.0,0.0,saline,estimated
BHV001,2019,9,25.6,0.0,saline,estimated
BHV001,2019,10,25.6,0.0,saline,estimated
BHV001,2019,11,25.6,0.0,saline,estimated
BHV001,2019,12,27.0,0.0,saline,estimated
BHV001,2020,1,27.35,0.35,saline,estimated
BHV001,2020,2,27.35,0.35,saline,estimated
BHV001,2020,3,27.35,0.35,saline,estimated
BHV001,2020,4,28.95,0.35,saline,estimated
BHV001,2020,5,28.95,0.35,saline,estimated
BHV001,2020,6,28.95,0.35,saline,estimated
BHV001,2020,7,27.35,0.35,saline,estimated
BHV001,2020,8,27.35,0.35,saline,estimated
BHV001,2020,9,25.95,0.35,saline,estimated
BHV001,2020,10,25.95,0.35,saline,estimated
BHV001,2020,11,25.95,0.35,saline,estimated
BHV001,2020,12,27.35,0.35,saline,estimated
BHV001,2021,1,27.7,0.35,saline,estimated
BHV001,2021,2,27.7,0.35,saline,estimated
BHV001,2021,3,27.7,0.35,saline,estimated
BHV001,2021,4,29.3,0.35,saline,estimated
BHV001,2021,5,29.3,0.35,saline,estimated
BHV001,2021,6,29.3,0.35,saline,estimated
BHV001,2021,7,27.7,0.35,saline,estimated
BHV001,2021,8,27.7,0.35,saline,estimated
BHV001,2021,9,26.3,0.35,saline,estimated
BHV001,2021,10,26.3,0.35,saline,estimated
BHV001,2021,11,26.3,0.35,saline,estimated
BHV001,2021,12,27.7,0.35,saline,estimated
BHV001,2022,1,28.05,0.35,saline,estimated
BHV001,2022,2,28.05,0.35,saline,estimated
BHV001,2022,3,28.05,0.35,saline,estimated
BHV001,2022,4,29.65,0.35,saline,estimated
BHV001,2022,5,29.65,0.35,saline,estimated
BHV001,2022,6,29.65,0.35,saline,estimated
BHV001,2022,7,28.05,0.35,saline,estimated
BHV001,2022,8,28.05,0.35,saline,estimated
BHV001,2022,9,26.65,0.35,saline,estimated
BHV001,2022,10,26.65,0.35,saline,estimated
BHV001,2022,11,26.65,0.35,saline,estimated
BHV001,2022,12,28.05,0.35,saline,estimated
BHV001,2023,1,28.4,0.35,saline,estimated
BHV001,2023,2,28.4,0.35,saline,estimated
BHV001,2023,3,28.4,0.35,saline,estimated
BHV001,2023,4,30.0,0.35,saline,estimated
BHV001,2023,5,30.0,0.35,saline,estimated
BHV001,2023,6,30.0,0.35,saline,estimated
BHV001,2023,7,28.4,0.35,saline,estimated
BHV001,2023,8,28.4,0.35,saline,estimated
BHV001,2023,9,27.0,0.35,saline,estimated
BHV001,2023,10,27.0,0.35,saline,estimated
BHV001,2023,11,27.0,0.35,saline,estimated
BHV001,2023,12,28.4,0.35,saline,estimated
BHV001,2024,1,28.75,0.35,saline,estimated
BHV001,2024,2,28.75,0.35,saline,estimated
BHV001,2024,3,28.75,0.35,saline,estimated
BHV001,2024,4,30.35,0.35,saline,estimated
BHV001,2024,5,30.35,0.35,saline,estimated
BHV001,2024,6,30.35,0.35,saline,estimated
BHV001,2024,7,28.75,0.35,saline,estimated
BHV001,2024,8,28.75,0.35,saline,estimated
BHV001,2024,9,27.35,0.35,saline,estimated
BHV001,2024,10,27.35,0.35,saline,estimated
BHV001,2024,11,27.35,0.35,saline,estimated
BHV001,2024,12,28.75,0.35,saline,estimated
BHV002,2019,1,25.6,0.0,saline,estimated
BHV002,2019,2,25.6,0.0,saline,estimated
BHV002,2019,3,25.6,0.0,saline,estimated
BHV002,2019,4,27.2,0.0,saline,estimated
BHV002,2019,5,27.2,0.0,saline,estimated
BHV002,2019,6,27.2,0.0,saline,estimated
BHV002,2019,7,25.6,0.0,saline,estimated
BHV002,2019,8,25.6,0.0,saline,estimated
BHV002,2019,9,24.2,0.0,moderate,estimated
BHV002,2019,10,24.2,0.0,moderate,estimated
BHV002,2019,11,24.2,0.0,moderate,estimated
BHV002,2019,12,25.6,0.0,saline,estimated
BHV002,2020,1,25.95,0.35,saline,estimated
BHV002,2020,2,25.95,0.35,saline,estimated
BHV002,2020,3,25.95,0.35,saline,estimated
BHV002,2020,4,27.55,0.35,saline,estimated
BHV002,2020,5,27.55,0.35,saline,estimated
BHV002,2020,6,27.55,0.35,saline,estimated
BHV002,2020,7,25.95,0.35,saline,estimated
BHV002,2020,8,25.95,0.35,saline,estimated
BHV002,2020,9,24.55,0.35,moderate,estimated
BHV002,2020,10,24.55,0.35,moderate,estimated
BHV002,2020,11,24.55,0.35,moderate,estimated
BHV002,2020,12,25.95,0.35,saline,estimated
BHV002,2021,1,26.3,0.35,saline,estimated
BHV002,2021,2,26.3,0.35,saline,estimated
BHV002,2021,3,26.3,0.35,saline,estimated
BHV002,2021,4,27.9,0.35,saline,estimated
BHV002,2021,5,27.9,0.35,saline,estimated
BHV002,2021,6,27.9,0.35,saline,estimated
BHV002,2021,7,26.3,0.35,saline,estimated
BHV002,2021,8,26.3,0.35,saline,estimated
BHV002,2021,9,24.9,0.35,moderate,estimated
BHV002,2021,10,24.9,0.35,moderate,estimated
BHV002,2021,11,24.9,0.35,moderate,estimated
BHV002,2021,12,26.3,0.35,saline,estimated
BHV002,2022,1,26.65,0.35,saline,estimated
BHV002,2022,2,26.65,0.35,saline,estimated
BHV002,2022,3,26.65,0.35,saline,estimated
BHV002,2022,4,28.25,0.35,saline,estimated
BHV002,2022,5,28.25,0.35,saline,estimated
BHV002,2022,6,28.25,0.35,saline,estimated
BHV002,2022,7,26.65,0.35,saline,estimated
BHV002,2022,8,26.65,0.35,saline,estimated
BHV002,2022,9,25.25,0.35,saline,estimated
BHV002,2022,10,25.25,0.35,saline,estimated
BHV002,2022,11,25.25,0.35,saline,estimated
BHV002,2022,12,26.65,0.35,saline,estimated
BHV002,2023,1,27.0,0.35,saline,estimated
BHV002,2023,2,27.0,0.35,saline,estimated
BHV002,2023,3,27.0,0.35,saline,estimated
BHV002,2023,4,28.6,0.35,saline,estimated
BHV002,2023,5,28.6,0.35,saline,estimated
BHV002,2023,6,28.6,0.35,saline,estimated
BHV002,2023,7,27.0,0.35,saline,estimated
BHV002,2023,8,27.0,0.35,saline,estimated
BHV002,2023,9,25.6,0.35,saline,estimated
BHV002,2023,10,25.6,0.35,saline,estimated
BHV002,2023,11,25.6,0.35,saline,estimated
BHV002,2023,12,27.0,0.35,saline,estimated
BHV002,2024,1,27.35,0.35,saline,estimated
BHV002,2024,2,27.35,0.35,saline,estimated
BHV002,2024,3,27.35,0.35,saline,estimated
BHV002,2024,4,28.95,0.35,saline,estimated
BHV002,2024,5,28.95,0.35,saline,estimated
BHV002,2024,6,28.95,0.35,saline,estimated
BHV002,2024,7,27.35,0.35,saline,estimated
BHV002,2024,8,27.35,0.35,saline,estimated
BHV002,2024,9,25.95,0.35,saline,estimated
BHV002,2024,10,25.95,0.35,saline,estimated
BHV002,2024,11,25.95,0.35,saline,estimated
BHV002,2024,12,27.35,0.35,saline,estimated
BHV003,2019,1,24.8,0.0,moderate,estimated
BHV003,2019,2,24.8,0.0,moderate,estimated
BHV003,2019,3,24.8,0.0,moderate,estimated
BHV003,2019,4,26.4,0.0,saline,estimated
BHV003,2019,5,26.4,0.0,saline,estimated
BHV003,2019,6,26.4,0.0,saline,estimated
BHV003,2019,7,24.8,0.0,moderate,estimated
BHV003,2019,8,24.8,0.0,moderate,estimated
BHV003,2019,9,23.4,0.0,moderate,estimated
BHV003,2019,10,23.4,0.0,moderate,estimated
BHV003,2019,11,23.4,0.0,moderate,estimated
BHV003,2019,12,24.8,0.0,moderate,estimated
BHV003,2020,1,25.15,0.35,saline,estimated
BHV003,2020,2,25.15,0.35,saline,estimated
BHV003,2020,3,25.15,0.35,saline,estimated
BHV003,2020,4,26.75,0.35,saline,estimated
BHV003,2020,5,26.75,0.35,saline,estimated
BHV003,2020,6,26.75,0.35,saline,estimated
BHV003,2020,7,25.15,0.35,saline,estimated
BHV003,2020,8,25.15,0.35,saline,estimated
BHV003,2020,9,23.75,0.35,moderate,estimated
BHV003,2020,10,23.75,0.35,moderate,estimated
BHV003,2020,11,23.75,0.35,moderate,estimated
BHV003,2020,12,25.15,0.35,saline,estimated
BHV003,2021,1,25.5,0.35,saline,estimated
BHV003,2021,2,25.5,0.35,saline,estimated
BHV003,2021,3,25.5,0.35,saline,estimated
BHV003,2021,4,27.1,0.35,saline,estimated
BHV003,2021,5,27.1,0.35,saline,estimated
BHV003,2021,6,27.1,0.35,saline,estimated
BHV003,2021,7,25.5,0.35,saline,estimated
BHV003,2021,8,25.5,0.35,saline,estimated
BHV003,2021,9,24.1,0.35,moderate,estimated
BHV003,2021,10,24.1,0.35,moderate,estimated
BHV003,2021,11,24.1,0.35,moderate,estimated
BHV003,2021,12,25.5,0.35,saline,estimated
BHV003,2022,1,25.85,0.35,saline,estimated
BHV003,2022,2,25.85,0.35,saline,estimated
BHV003,2022,3,25.85,0.35,saline,estimated
BHV003,2022,4,27.45,0.35,saline,estimated
BHV003,2022,5,27.45,0.35,saline,estimated
BHV003,2022,6,27.45,0.35,saline,estimated
BHV003,2022,7,25.85,0.35,saline,estimated
BHV003,2022,8,25.85,0.35,saline,estimated
BHV003,2022,9,24.45,0.35,moderate,estimated
BHV003,2022,10,24.45,0.35,moderate,estimated
BHV003,2022,11,24.45,0.35,moderate,estimated
BHV003,2022,12,25.85,0.35,saline,estimated
BHV003,2023,1,26.2,0.35,saline,estimated
BHV003,2023,2,26.2,0.35,saline,estimated
BHV003,2023,3,26.2,0.35,saline,estimated
BHV003,2023,4,27.8,0.35,saline,estimated
BHV003,2023,5,27.8,0.35,saline,estimated
BHV003,2023,6,27.8,0.35,saline,estimated
BHV003,2023,7,26.2,0.35,saline,estimated
BHV003,2023,8,26.2,0.35,saline,estimated
BHV003,2023,9,24.8,0.35,moderate,estimated
BHV003,2023,10,24.8,0.35,moderate,estimated
BHV003,2023,11,24.8,0.35,moderate,estimated
BHV003,2023,12,26.2,0.35,saline,estimated
BHV003,2024,1,26.55,0.35,saline,estimated
BHV003,2024,2,26.55,0.35,saline,estimated
BHV003,2024,3,26.55,0.35,saline,estimated
BHV003,2024,4,28.15,0.35,saline,estimated
BHV003,2024,5,28.15,0.35,saline,estimated
BHV003,2024,6,28.15,0.35,saline,estimated
BHV003,2024,7,26.55,0.35,saline,estimated
BHV003,2024,8,26.55,0.35,saline,estimated
BHV003,2024,9,25.15,0.35,saline,estimated
BHV003,2024,10,25.15,0.35,saline,estimated
BHV003,2024,11,25.15,0.35,saline,estimated
BHV003,2024,12,26.55,0.35,saline,estimated
BHV004,2019,1,26.3,0.0,saline,estimated
BHV004,2019,2,26.3,0.0,saline,estimated
BHV004,2019,3,26.3,0.0,saline,estimated
BHV004,2019,4,27.9,0.0,saline,estimated
BHV004,2019,5,27.9,0.0,saline,estimated
BHV004,2019,6,27.9,0.0,saline,estimated
BHV004,2019,7,26.3,0.0,saline,estimated
BHV004,2019,8,26.3,0.0,saline,estimated
BHV004,2019,9,24.9,0.0,moderate,estimated
BHV004,2019,10,24.9,0.0,moderate,estimated
BHV004,2019,11,24.9,0.0,moderate,estimated
BHV004,2019,12,26.3,0.0,saline,estimated
BHV004,2020,1,26.65,0.35,saline,estimated
BHV004,2020,2,26.65,0.35,saline,estimated
BHV004,2020,3,26.65,0.35,saline,estimated
BHV004,2020,4,28.25,0.35,saline,estimated
BHV004,2020,5,28.25,0.35,saline,estimated
BHV004,2020,6,28.25,0.35,saline,estimated
BHV004,2020,7,26.65,0.35,saline,estimated
BHV004,2020,8,26.65,0.35,saline,estimated
BHV004,2020,9,25.25,0.35,saline,estimated
BHV004,2020,10,25.25,0.35,saline,estimated
BHV004,2020,11,25.25,0.35,saline,estimated
BHV004,2020,12,26.65,0.35,saline,estimated
BHV004,2021,1,27.0,0.35,saline,estimated
BHV004,2021,2,27.0,0.35,saline,estimated
BHV004,2021,3,27.0,0.35,saline,estimated
BHV004,2021,4,28.6,0.35,saline,estimated
BHV004,2021,5,28.6,0.35,saline,estimated
BHV004,2021,6,28.6,0.35,saline,estimated
BHV004,2021,7,27.0,0.35,saline,estimated
BHV004,2021,8,27.0,0.35,saline,estimated
BHV004,2021,9,25.6,0.35,saline,estimated
BHV004,2021,10,25.6,0.35,saline,estimated
BHV004,2021,11,25.6,0.35,saline,estimated
BHV004,2021,12,27.0,0.35,saline,estimated
BHV004,2022,1,27.35,0.35,saline,estimated
BHV004,2022,2,27.35,0.35,saline,estimated
BHV004,2022,3,27.35,0.35,saline,estimated
BHV004,2022,4,28.95,0.35,saline,estimated
BHV004,2022,5,28.95,0.35,saline,estimated
BHV004,2022,6,28.95,0.35,saline,estimated
BHV004,2022,7,27.35,0.35,saline,estimated
BHV004,2022,8,27.35,0.35,saline,estimated
BHV004,2022,9,25.95,0.35,saline,estimated
BHV004,2022,10,25.95,0.35,saline,estimated
BHV004,2022,11,25.95,0.35,saline,estimated
BHV004,2022,12,27.35,0.35,saline,estimated
BHV004,2023,1,27.7,0.35,saline,estimated
BHV004,2023,2,27.7,0.35,saline,estimated
BHV004,2023,3,27.7,0.35,saline,estimated
BHV004,2023,4,29.3,0.35,saline,estimated
BHV004,2023,5,29.3,0.35,saline,estimated
BHV004,2023,6,29.3,0.35,saline,estimated
BHV004,2023,7,27.7,0.35,saline,estimated
BHV004,2023,8,27.7,0.35,saline,estimated
BHV004,2023,9,26.3,0.35,saline,estimated
BHV004,2023,10,26.3,0.35,saline,estimated
BHV004,2023,11,26.3,0.35,saline,estimated
BHV004,2023,12,27.7,0.35,saline,estimated
BHV004,2024,1,28.05,0.35,saline,estimated
BHV004,2024,2,28.05,0.35,saline,estimated
BHV004,2024,3,28.05,0.35,saline,estimated
BHV004,2024,4,29.65,0.35,saline,estimated
BHV004,2024,5,29.65,0.35,saline,estimated
BHV004,2024,6,29.65,0.35,saline,estimated
BHV004,2024,7,28.05,0.35,saline,estimated
BHV004,2024,8,28.05,0.35,saline,estimated
BHV004,2024,9,26.65,0.35,saline,estimated
BHV004,2024,10,26.65,0.35,saline,estimated
BHV004,2024,11,26.65,0.35,saline,estimated
BHV004,2024,12,28.05,0.35,saline,estimated
BHV005,2019,1,27.7,0.0,saline,estimated
BHV005,2019,2,27.7,0.0,saline,estimated
BHV005,2019,3,27.7,0.0,saline,estimated
BHV005,2019,4,29.3,0.0,saline,estimated
BHV005,2019,5,29.3,0.0,saline,estimated
BHV005,2019,6,29.3,0.0,saline,estimated
BHV005,2019,7,27.7,0.0,saline,estimated
BHV005,2019,8,27.7,0.0,saline,estimated
BHV005,2019,9,26.3,0.0,saline,estimated
BHV005,2019,10,26.3,0.0,saline,estimated
BHV005,2019,11,26.3,0.0,saline,estimated
BHV005,2019,12,27.7,0.0,saline,estimated
BHV005,2020,1,28.05,0.35,saline,estimated
BHV005,2020,2,28.05,0.35,saline,estimated
BHV005,2020,3,28.05,0.35,saline,estimated
BHV005,2020,4,29.65,0.35,saline,estimated
BHV005,2020,5,29.65,0.35,saline,estimated
BHV005,2020,6,29.65,0.35,saline,estimated
BHV005,2020,7,28.05,0.35,saline,estimated
BHV005,2020,8,28.05,0.35,saline,estimated
BHV005,2020,9,26.65,0.35,saline,estimated
BHV005,2020,10,26.65,0.35,saline,estimated
BHV005,2020,11,26.65,0.35,saline,estimated
BHV005,2020,12,28.05,0.35,saline,estimated
BHV005,2021,1,28.4,0.35,saline,estimated
BHV005,2021,2,28.4,0.35,saline,estimated
BHV005,2021,3,28.4,0.35,saline,estimated
BHV005,2021,4,30.0,0.35,saline,estimated
BHV005,2021,5,30.0,0.35,saline,estimated
BHV005,2021,6,30.0,0.35,saline,estimated
BHV005,2021,7,28.4,0.35,saline,estimated
BHV005,2021,8,28.4,0.35,saline,estimated
BHV005,2021,9,27.0,0.35,saline,estimated
BHV005,2021,10,27.0,0.35,saline,estimated
BHV005,2021,11,27.0,0.35,saline,estimated
BHV005,2021,12,28.4,0.35,saline,estimated
BHV005,2022,1,28.75,0.35,saline,estimated
BHV005,2022,2,28.75,0.35,saline,estimated
BHV005,2022,3,28.75,0.35,saline,estimated
BHV005,2022,4,30.35,0.35,saline,estimated
BHV005,2022,5,30.35,0.35,saline,estimated
BHV005,2022,6,30.35,0.35,saline,estimated
BHV005,2022,7,28.75,0.35,saline,estimated
BHV005,2022,8,28.75,0.35,saline,estimated
BHV005,2022,9,27.35,0.35,saline,estimated
BHV005,2022,10,27.35,0.35,saline,estimated
BHV005,2022,11,27.35,0.35,saline,estimated
BHV005,2022,12,28.75,0.35,saline,estimated
BHV005,2023,1,29.1,0.35,saline,estimated
BHV005,2023,2,29.1,0.35,saline,estimated
BHV005,2023,3,29.1,0.35,saline,estimated
BHV005,2023,4,30.7,0.35,saline,estimated
BHV005,2023,5,30.7,0.35,saline,estimated
BHV005,2023,6,30.7,0.35,saline,estimated
BHV005,2023,7,29.1,0.35,saline,estimated
BHV005,2023,8,29.1,0.35,saline,estimated
BHV005,2023,9,27.7,0.35,saline,estimated
BHV005,2023,10,27.7,0.35,saline,estimated
BHV005,2023,11,27.7,0.35,saline,estimated
BHV005,2023,12,29.1,0.35,saline,estimated
BHV005,2024,1,29.45,0.35,saline,estimated
BHV005,2024,2,29.45,0.35,saline,estimated
BHV005,2024,3,29.45,0.35,saline,estimated
BHV005,2024,4,31.05,0.35,saline,estimated
BHV005,2024,5,31.05,0.35,saline,estimated
BHV005,2024,6,31.05,0.35,saline,estimated
BHV005,2024,7,29.45,0.35,saline,estimated
BHV005,2024,8,29.45,0.35,saline,estimated
BHV005,2024,9,28.05,0.35,saline,estimated
BHV005,2024,10,28.05,0.35,saline,estimated
BHV005,2024,11,28.05,0.35,saline,estimated
BHV005,2024,12,29.45,0.35,saline,estimated
SRN001,2019,1,30.4,0.0,saline,estimated
SRN001,2019,2,30.4,0.0,saline,estimated
SRN001,2019,3,30.4,0.0,saline,estimated
SRN001,2019,4,32.0,0.0,saline,estimated
SRN001,2019,5,32.0,0.0,saline,estimated
SRN001,2019,6,32.0,0.0,saline,estimated
SRN001,2019,7,30.4,0.0,saline,estimated
SRN001,2019,8,30.4,0.0,saline,estimated
SRN001,2019,9,29.0,0.0,saline,estimated
SRN001,2019,10,29.0,0.0,saline,estimated
SRN001,2019,11,29.0,0.0,saline,estimated
SRN001,2019,12,30.4,0.0,saline,estimated
SRN001,2020,1,30.75,0.35,saline,estimated
SRN001,2020,2,30.75,0.35,saline,estimated
SRN001,2020,3,30.75,0.35,saline,estimated
SRN001,2020,4,32.35,0.35,saline,estimated
SRN001,2020,5,32.35,0.35,saline,estimated
SRN001,2020,6,32.35,0.35,saline,estimated
SRN001,2020,7,30.75,0.35,saline,estimated
SRN001,2020,8,30.75,0.35,saline,estimated
SRN001,2020,9,29.35,0.35,saline,estimated
SRN001,2020,10,29.35,0.35,saline,estimated
SRN001,2020,11,29.35,0.35,saline,estimated
SRN001,2020,12,30.75,0.35,saline,estimated
SRN001,2021,1,31.1,0.35,saline,estimated
SRN001,2021,2,31.1,0.35,saline,estimated
SRN001,2021,3,31.1,0.35,saline,estimated
SRN001,2021,4,32.7,0.35,saline,estimated
SRN001,2021,5,32.7,0.35,saline,estimated
SRN001,2021,6,32.7,0.35,saline,estimated
SRN001,2021,7,31.1,0.35,saline,estimated
SRN001,2021,8,31.1,0.35,saline,estimated
SRN001,2021,9,29.7,0.35,saline,estimated
SRN001,2021,10,29.7,0.35,saline,estimated
SRN001,2021,11,29.7,0.35,saline,estimated
SRN001,2021,12,31.1,0.35,saline,estimated
SRN001,2022,1,31.45,0.35,saline,estimated
SRN001,2022,2,31.45,0.35,saline,estimated
SRN001,2022,3,31.45,0.35,saline,estimated
SRN001,2022,4,33.05,0.35,saline,estimated
SRN001,2022,5,33.05,0.35,saline,estimated
SRN001,2022,6,33.05,0.35,saline,estimated
SRN001,2022,7,31.45,0.35,saline,estimated
SRN001,2022,8,31.45,0.35,saline,estimated
SRN001,2022,9,30.05,0.35,saline,estimated
SRN001,2022,10,30.05,0.35,saline,estimated
SRN001,2022,11,30.05,0.35,saline,estimated
SRN001,2022,12,31.45,0.35,saline,estimated
SRN001,2023,1,31.8,0.35,saline,estimated
SRN001,2023,2,31.8,0.35,saline,estimated
SRN001,2023,3,31.8,0.35,saline,estimated
SRN001,2023,4,33.4,0.35,saline,estimated
SRN001,2023,5,33.4,0.35,saline,estimated
SRN001,2023,6,33.4,0.35,saline,estimated
SRN001,2023,7,31.8,0.35,saline,estimated
SRN001,2023,8,31.8,0.35,saline,estimated
SRN001,2023,9,30.4,0.35,saline,estimated
SRN001,2023,10,30.4,0.35,saline,estimated
SRN001,2023,11,30.4,0.35,saline,estimated
SRN001,2023,12,31.8,0.35,saline,estimated
SRN001,2024,1,32.15,0.35,saline,estimated
SRN001,2024,2,32.15,0.35,saline,estimated
SRN001,2024,3,32.15,0.35,saline,estimated
SRN001,2024,4,33.75,0.35,saline,estimated
SRN001,2024,5,33.75,0.35,saline,estimated
SRN001,2024,6,33.75,0.35,saline,estimated
SRN001,2024,7,32.15,0.35,saline,estimated
SRN001,2024,8,32.15,0.35,saline,estimated
SRN001,2024,9,30.75,0.35,saline,estimated
SRN001,2024,10,30.75,0.35,saline,estimated
SRN001,2024,11,30.75,0.35,saline,estimated
SRN001,2024,12,32.15,0.35,saline,estimated
SRN002,2019,1,29.8,0.0,saline,estimated
SRN002,2019,2,29.8,0.0,saline,estimated
SRN002,2019,3,29.8,0.0,saline,estimated
SRN002,2019,4,31.4,0.0,saline,estimated
SRN002,2019,5,31.4,0.0,saline,estimated
SRN002,2019,6,31.4,0.0,saline,estimated
SRN002,2019,7,29.8,0.0,saline,estimated
SRN002,2019,8,29.8,0.0,saline,estimated
SRN002,2019,9,28.4,0.0,saline,estimated
SRN002,2019,10,28.4,0.0,saline,estimated
SRN002,2019,11,28.4,0.0,saline,estimated
SRN002,2019,12,29.8,0.0,saline,estimated
SRN002,2020,1,30.15,0.35,saline,estimated
SRN002,2020,2,30.15,0.35,saline,estimated
SRN002,2020,3,30.15,0.35,saline,estimated
SRN002,2020,4,31.75,0.35,saline,estimated
SRN002,2020,5,31.75,0.35,saline,estimated
SRN002,2020,6,31.75,0.35,saline,estimated
SRN002,2020,7,30.15,0.35,saline,estimated
SRN002,2020,8,30.15,0.35,saline,estimated
SRN002,2020,9,28.75,0.35,saline,estimated
SRN002,2020,10,28.75,0.35,saline,estimated
SRN002,2020,11,28.75,0.35,saline,estimated
SRN002,2020,12,30.15,0.35,saline,estimated
SRN002,2021,1,30.5,0.35,saline,estimated
SRN002,2021,2,30.5,0.35,saline,estimated
SRN002,2021,3,30.5,0.35,saline,estimated
SRN002,2021,4,32.1,0.35,saline,estimated
SRN002,2021,5,32.1,0.35,saline,estimated
SRN002,2021,6,32.1,0.35,saline,estimated
SRN002,2021,7,30.5,0.35,saline,estimated
SRN002,2021,8,30.5,0.35,saline,estimated
SRN002,2021,9,29.1,0.35,saline,estimated
SRN002,2021,10,29.1,0.35,saline,estimated
SRN002,2021,11,29.1,0.35,saline,estimated
SRN002,2021,12,30.5,0.35,saline,estimated
SRN002,2022,1,30.85,0.35,saline,estimated
SRN002,2022,2,30.85,0.35,saline,estimated
SRN002,2022,3,30.85,0.35,saline,estimated
SRN002,2022,4,32.45,0.35,saline,estimated
SRN002,2022,5,32.45,0.35,saline,estimated
SRN002,2022,6,32.45,0.35,saline,estimated
SRN002,2022,7,30.85,0.35,saline,estimated
SRN002,2022,8,30.85,0.35,saline,estimated
SRN002,2022,9,29.45,0.35,saline,estimated
SRN002,2022,10,29.45,0.35,saline,estimated
SRN002,2022,11,29.45,0.35,saline,estimated
SRN002,2022,12,30.85,0.35,saline,estimated
SRN002,2023,1,31.2,0.35,saline,estimated
SRN002,2023,2,31.2,0.35,saline,estimated
SRN002,2023,3,31.2,0.35,saline,estimated
SRN002,2023,4,32.8,0.35,saline,estimated
SRN002,2023,5,32.8,0.35,saline,estimated
SRN002,2023,6,32.8,0.35,saline,estimated
SRN002,2023,7,31.2,0.35,saline,estimated
SRN002,2023,8,31.2,0.35,saline,estimated
SRN002,2023,9,29.8,0.35,saline,estimated
SRN002,2023,10,29.8,0.35,saline,estimated
SRN002,2023,11,29.8,0.35,saline,estimated
SRN002,2023,12,31.2,0.35,saline,estimated
SRN002,2024,1,31.55,0.35,saline,estimated
SRN002,2024,2,31.55,0.35,saline,estimated
SRN002,2024,3,31.55,0.35,saline,estimated
SRN002,2024,4,33.15,0.35,saline,estimated
SRN002,2024,5,33.15,0.35,saline,estimated
SRN002,2024,6,33.15,0.35,saline,estimated
SRN002,2024,7,31.55,0.35,saline,estimated
SRN002,2024,8,31.55,0.35,saline,estimated
SRN002,2024,9,30.15,0.35,saline,estimated
SRN002,2024,10,30.15,0.35,saline,estimated
SRN002,2024,11,30.15,0.35,saline,estimated
SRN002,2024,12,31.55,0.35,saline,estimated
SRN003,2019,1,31.6,0.0,saline,estimated
SRN003,2019,2,31.6,0.0,saline,estimated
SRN003,2019,3,31.6,0.0,saline,estimated
SRN003,2019,4,33.2,0.0,saline,estimated
SRN003,2019,5,33.2,0.0,saline,estimated
SRN003,2019,6,33.2,0.0,saline,estimated
SRN003,2019,7,31.6,0.0,saline,estimated
SRN003,2019,8,31.6,0.0,saline,estimated
SRN003,2019,9,30.2,0.0,saline,estimated
SRN003,2019,10,30.2,0.0,saline,estimated
SRN003,2019,11,30.2,0.0,saline,estimated
SRN003,2019,12,31.6,0.0,saline,estimated
SRN003,2020,1,31.95,0.35,saline,estimated
SRN003,2020,2,31.95,0.35,saline,estimated
SRN003,2020,3,31.95,0.35,saline,estimated
SRN003,2020,4,33.55,0.35,saline,estimated
SRN003,2020,5,33.55,0.35,saline,estimated
SRN003,2020,6,33.55,0.35,saline,estimated
SRN003,2020,7,31.95,0.35,saline,estimated
SRN003,2020,8,31.95,0.35,saline,estimated
SRN003,2020,9,30.55,0.35,saline,estimated
SRN003,2020,10,30.55,0.35,saline,estimated
SRN003,2020,11,30.55,0.35,saline,estimated
SRN003,2020,12,31.95,0.35,saline,estimated
SRN003,2021,1,32.3,0.35,saline,estimated
SRN003,2021,2,32.3,0.35,saline,estimated
SRN003,2021,3,32.3,0.35,saline,estimated
SRN003,2021,4,33.9,0.35,saline,estimated
SRN003,2021,5,33.9,0.35,saline,estimated
SRN003,2021,6,33.9,0.35,saline,estimated
SRN003,2021,7,32.3,0.35,saline,estimated
SRN003,2021,8,32.3,0.35,saline,estimated
SRN003,2021,9,30.9,0.35,saline,estimated
SRN003,2021,10,30.9,0.35,saline,estimated
SRN003,2021,11,30.9,0.35,saline,estimated
SRN003,2021,12,32.3,0.35,saline,estimated
SRN003,2022,1,32.65,0.35,saline,estimated
SRN003,2022,2,32.65,0.35,saline,estimated
SRN003,2022,3,32.65,0.35,saline,estimated
SRN003,2022,4,34.25,0.35,saline,estimated
SRN003,2022,5,34.25,0.35,saline,estimated
SRN003,2022,6,34.25,0.35,saline,estimated
SRN003,2022,7,32.65,0.35,saline,estimated
SRN003,2022,8,32.65,0.35,saline,estimated
SRN003,2022,9,31.25,0.35,saline,estimated
SRN003,2022,10,31.25,0.35,saline,estimated
SRN003,2022,11,31.25,0.35,saline,estimated
SRN003,2022,12,32.65,0.35,saline,estimated
SRN003,2023,1,33.0,0.35,saline,estimated
SRN003,2023,2,33.0,0.35,saline,estimated
SRN003,2023,3,33.0,0.35,saline,estimated
SRN003,2023,4,34.6,0.35,saline,estimated
SRN003,2023,5,34.6,0.35,saline,estimated
SRN003,2023,6,34.6,0.35,saline,estimated
SRN003,2023,7,33.0,0.35,saline,estimated
SRN003,2023,8,33.0,0.35,saline,estimated
SRN003,2023,9,31.6,0.35,saline,estimated
SRN003,2023,10,31.6,0.35,saline,estimated
SRN003,2023,11,31.6,0.35,saline,estimated
SRN003,2023,12,33.0,0.35,saline,estimated
SRN003,2024,1,33.35,0.35,saline,estimated
SRN003,2024,2,33.35,0.35,saline,estimated
SRN003,2024,3,33.35,0.35,saline,estimated
SRN003,2024,4,34.95,0.35,saline,estimated
SRN003,2024,5,34.95,0.35,saline,estimated
SRN003,2024,6,34.95,0.35,saline,estimated
SRN003,2024,7,33.35,0.35,saline,estimated
SRN003,2024,8,33.35,0.35,saline,estimated
SRN003,2024,9,31.95,0.35,saline,estimated
SRN003,2024,10,31.95,0.35,saline,estimated
SRN003,2024,11,31.95,0.35,saline,estimated
SRN003,2024,12,33.35,0.35,saline,estimated
SRN004,2019,1,29.1,0.0,saline,estimated
SRN004,2019,2,29.1,0.0,saline,estimated
SRN004,2019,3,29.1,0.0,saline,estimated
SRN004,2019,4,30.7,0.0,saline,estimated
SRN004,2019,5,30.7,0.0,saline,estimated
SRN004,2019,6,30.7,0.0,saline,estimated
SRN004,2019,7,29.1,0.0,saline,estimated
SRN004,2019,8,29.1,0.0,saline,estimated
SRN004,2019,9,27.7,0.0,saline,estimated
SRN004,2019,10,27.7,0.0,saline,estimated
SRN004,2019,11,27.7,0.0,saline,estimated
SRN004,2019,12,29.1,0.0,saline,estimated
SRN004,2020,1,29.45,0.35,saline,estimated
SRN004,2020,2,29.45,0.35,saline,estimated
SRN004,2020,3,29.45,0.35,saline,estimated
SRN004,2020,4,31.05,0.35,saline,estimated
SRN004,2020,5,31.05,0.35,saline,estimated
SRN004,2020,6,31.05,0.35,saline,estimated
SRN004,2020,7,29.45,0.35,saline,estimated
SRN004,2020,8,29.45,0.35,saline,estimated
SRN004,2020,9,28.05,0.35,saline,estimated
SRN004,2020,10,28.05,0.35,saline,estimated
SRN004,2020,11,28.05,0.35,saline,estimated
SRN004,2020,12,29.45,0.35,saline,estimated
SRN004,2021,1,29.8,0.35,saline,estimated
SRN004,2021,2,29.8,0.35,saline,estimated
SRN004,2021,3,29.8,0.35,saline,estimated
SRN004,2021,4,31.4,0.35,saline,estimated
SRN004,2021,5,31.4,0.35,saline,estimated
SRN004,2021,6,31.4,0.35,saline,estimated
SRN004,2021,7,29.8,0.35,saline,estimated
SRN004,2021,8,29.8,0.35,saline,estimated
SRN004,2021,9,28.4,0.35,saline,estimated
SRN004,2021,10,28.4,0.35,saline,estimated
SRN004,2021,11,28.4,0.35,saline,estimated
SRN004,2021,12,29.8,0.35,saline,estimated
SRN004,2022,1,30.15,0.35,saline,estimated
SRN004,2022,2,30.15,0.35,saline,estimated
SRN004,2022,3,30.15,0.35,saline,estimated
SRN004,2022,4,31.75,0.35,saline,estimated
SRN004,2022,5,31.75,0.35,saline,estimated
SRN004,2022,6,31.75,0.35,saline,estimated
SRN004,2022,7,30.15,0.35,saline,estimated
SRN004,2022,8,30.15,0.35,saline,estimated
SRN004,2022,9,28.75,0.35,saline,estimated
SRN004,2022,10,28.75,0.35,saline,estimated
SRN004,2022,11,28.75,0.35,saline,estimated
SRN004,2022,12,30.15,0.35,saline,estimated
SRN004,2023,1,30.5,0.35,saline,estimated
SRN004,2023,2,30.5,0.35,saline,estimated
SRN004,2023,3,30.5,0.35,saline,estimated
SRN004,2023,4,32.1,0.35,saline,estimated
SRN004,2023,5,32.1,0.35,saline,estimated
SRN004,2023,6,32.1,0.35,saline,estimated
SRN004,2023,7,30.5,0.35,saline,estimated
SRN004,2023,8,30.5,0.35,saline,estimated
SRN004,2023,9,29.1,0.35,saline,estimated
SRN004,2023,10,29.1,0.35,saline,estimated
SRN004,2023,11,29.1,0.35,saline,estimated
SRN004,2023,12,30.5,0.35,saline,estimated
SRN004,2024,1,30.85,0.35,saline,estimated
SRN004,2024,2,30.85,0.35,saline,estimated
SRN004,2024,3,30.85,0.35,saline,estimated
SRN004,2024,4,32.45,0.35,saline,estimated
SRN004,2024,5,32.45,0.35,saline,estimated
SRN004,2024,6,32.45,0.35,saline,estimated
SRN004,2024,7,30.85,0.35,saline,estimated
SRN004,2024,8,30.85,0.35,saline,estimated
SRN004,2024,9,29.45,0.35,saline,estimated
SRN004,2024,10,29.45,0.35,saline,estimated
SRN004,2024,11,29.45,0.35,saline,estimated
SRN004,2024,12,30.85,0.35,saline,estimated
SRN005,2019,1,29.3,0.0,saline,estimated
SRN005,2019,2,29.3,0.0,saline,estimated
SRN005,2019,3,29.3,0.0,saline,estimated
SRN005,2019,4,30.9,0.0,saline,estimated
SRN005,2019,5,30.9,0.0,saline,estimated
SRN005,2019,6,30.9,0.0,saline,estimated
SRN005,2019,7,29.3,0.0,saline,estimated
SRN005,2019,8,29.3,0.0,saline,estimated
SRN005,2019,9,27.9,0.0,saline,estimated
SRN005,2019,10,27.9,0.0,saline,estimated
SRN005,2019,11,27.9,0.0,saline,estimated
SRN005,2019,12,29.3,0.0,saline,estimated
SRN005,2020,1,29.65,0.35,saline,estimated
SRN005,2020,2,29.65,0.35,saline,estimated
SRN005,2020,3,29.65,0.35,saline,estimated
SRN005,2020,4,31.25,0.35,saline,estimated
SRN005,2020,5,31.25,0.35,saline,estimated
SRN005,2020,6,31.25,0.35,saline,estimated
SRN005,2020,7,29.65,0.35,saline,estimated
SRN005,2020,8,29.65,0.35,saline,estimated
SRN005,2020,9,28.25,0.35,saline,estimated
SRN005,2020,10,28.25,0.35,saline,estimated
SRN005,2020,11,28.25,0.35,saline,estimated
SRN005,2020,12,29.65,0.35,saline,estimated
SRN005,2021,1,30.0,0.35,saline,estimated
SRN005,2021,2,30.0,0.35,saline,estimated
SRN005,2021,3,30.0,0.35,saline,estimated
SRN005,2021,4,31.6,0.35,saline,estimated
SRN005,2021,5,31.6,0.35,saline,estimated
SRN005,2021,6,31.6,0.35,saline,estimated
SRN005,2021,7,30.0,0.35,saline,estimated
SRN005,2021,8,30.0,0.35,saline,estimated
SRN005,2021,9,28.6,0.35,saline,estimated
SRN005,2021,10,28.6,0.35,saline,estimated
SRN005,2021,11,28.6,0.35,saline,estimated
SRN005,2021,12,30.0,0.35,saline,estimated
SRN005,2022,1,30.35,0.35,saline,estimated
SRN005,2022,2,30.35,0.35,saline,estimated
SRN005,2022,3,30.35,0.35,saline,estimated
SRN005,2022,4,31.95,0.35,saline,estimated
SRN005,2022,5,31.95,0.35,saline,estimated
SRN005,2022,6,31.95,0.35,saline,estimated
SRN005,2022,7,30.35,0.35,saline,estimated
SRN005,2022,8,30.35,0.35,saline,estimated
SRN005,2022,9,28.95,0.35,saline,estimated
SRN005,2022,10,28.95,0.35,saline,estimated
SRN005,2022,11,28.95,0.35,saline,estimated
SRN005,2022,12,30.35,0.35,saline,estimated
SRN005,2023,1,30.7,0.35,saline,estimated
SRN005,2023,2,30.7,0.35,saline,estimated
SRN005,2023,3,30.7,0.35,saline,estimated
SRN005,2023,4,32.3,0.35,saline,estimated
SRN005,2023,5,32.3,0.35,saline,estimated
SRN005,2023,6,32.3,0.35,saline,estimated
SRN005,2023,7,30.7,0.35,saline,estimated
SRN005,2023,8,30.7,0.35,saline,estimated
SRN005,2023,9,29.3,0.35,saline,estimated
SRN005,2023,10,29.3,0.35,saline,estimated
SRN005,2023,11,29.3,0.35,saline,estimated
SRN005,2023,12,30.7,0.35,saline,estimated
SRN005,2024,1,31.05,0.35,saline,estimated
SRN005,2024,2,31.05,0.35,saline,estimated
SRN005,2024,3,31.05,0.35,saline,estimated
SRN005,2024,4,32.65,0.35,saline,estimated
SRN005,2024,5,32.65,0.35,saline,estimated
SRN005,2024,6,32.65,0.35,saline,estimated
SRN005,2024,7,31.05,0.35,saline,estimated
SRN005,2024,8,31.05,0.35,saline,estimated
SRN005,2024,9,29.65,0.35,saline,estimated
SRN005,2024,10,29.65,0.35,saline,estimated
SRN005,2024,11,29.65,0.35,saline,estimated
SRN005,2024,12,31.05,0.35,saline,estimated
GIR001,2019,1,11.7,0.0,good,estimated
GIR001,2019,2,11.7,0.0,good,estimated
GIR001,2019,3,11.7,0.0,good,estimated
GIR001,2019,4,13.3,0.0,good,estimated
GIR001,2019,5,13.3,0.0,good,estimated
GIR001,2019,6,13.3,0.0,good,estimated
GIR001,2019,7,11.7,0.0,good,estimated
GIR001,2019,8,11.7,0.0,good,estimated
GIR001,2019,9,10.3,0.0,good,estimated
GIR001,2019,10,10.3,0.0,good,estimated
GIR001,2019,11,10.3,0.0,good,estimated
GIR001,2019,12,11.7,0.0,good,estimated
GIR001,2020,1,12.05,0.35,good,estimated
GIR001,2020,2,12.05,0.35,good,estimated
GIR001,2020,3,12.05,0.35,good,estimated
GIR001,2020,4,13.65,0.35,good,estimated
GIR001,2020,5,13.65,0.35,good,estimated
GIR001,2020,6,13.65,0.35,good,estimated
GIR001,2020,7,12.05,0.35,good,estimated
GIR001,2020,8,12.05,0.35,good,estimated
GIR001,2020,9,10.65,0.35,good,estimated
GIR001,2020,10,10.65,0.35,good,estimated
GIR001,2020,11,10.65,0.35,good,estimated
GIR001,2020,12,12.05,0.35,good,estimated
GIR001,2021,1,12.4,0.35,good,estimated
GIR001,2021,2,12.4,0.35,good,estimated
GIR001,2021,3,12.4,0.35,good,estimated
GIR001,2021,4,14.0,0.35,good,estimated
GIR001,2021,5,14.0,0.35,good,estimated
GIR001,2021,6,14.0,0.35,good,estimated
GIR001,2021,7,12.4,0.35,good,estimated
GIR001,2021,8,12.4,0.35,good,estimated
GIR001,2021,9,11.0,0.35,good,estimated
GIR001,2021,10,11.0,0.35,good,estimated
GIR001,2021,11,11.0,0.35,good,estimated
GIR001,2021,12,12.4,0.35,good,estimated
GIR001,2022,1,12.75,0.35,good,estimated
GIR001,2022,2,12.75,0.35,good,estimated
GIR001,2022,3,12.75,0.35,good,estimated
GIR001,2022,4,14.35,0.35,good,estimated
GIR001,2022,5,14.35,0.35,good,estimated
GIR001,2022,6,14.35,0.35,good,estimated
GIR001,2022,7,12.75,0.35,good,estimated
GIR001,2022,8,12.75,0.35,good,estimated
GIR001,2022,9,11.35,0.35,good,estimated
GIR001,2022,10,11.35,0.35,good,estimated
GIR001,2022,11,11.35,0.35,good,estimated
GIR001,2022,12,12.75,0.35,good,estimated
GIR001,2023,1,13.1,0.35,good,estimated
GIR001,2023,2,13.1,0.35,good,estimated
GIR001,2023,3,13.1,0.35,good,estimated
GIR001,2023,4,14.7,0.35,good,estimated
GIR001,2023,5,14.7,0.35,good,estimated
GIR001,2023,6,14.7,0.35,good,estimated
GIR001,2023,7,13.1,0.35,good,estimated
GIR001,2023,8,13.1,0.35,good,estimated
GIR001,2023,9,11.7,0.35,good,estimated
GIR001,2023,10,11.7,0.35,good,estimated
GIR001,2023,11,11.7,0.35,good,estimated
GIR001,2023,12,13.1,0.35,good,estimated
GIR001,2024,1,13.45,0.35,good,estimated
GIR001,2024,2,13.45,0.35,good,estimated
GIR001,2024,3,13.45,0.35,good,estimated
GIR001,2024,4,15.05,0.35,good,estimated
GIR001,2024,5,15.05,0.35,good,estimated
GIR001,2024,6,15.05,0.35,good,estimated
GIR001,2024,7,13.45,0.35,good,estimated
GIR001,2024,8,13.45,0.35,good,estimated
GIR001,2024,9,12.05,0.35,good,estimated
GIR001,2024,10,12.05,0.35,good,estimated
GIR001,2024,11,12.05,0.35,good,estimated
GIR001,2024,12,13.45,0.35,good,estimated
GIR002,2019,1,11.4,0.0,good,estimated
GIR002,2019,2,11.4,0.0,good,estimated
GIR002,2019,3,11.4,0.0,good,estimated
GIR002,2019,4,13.0,0.0,good,estimated
GIR002,2019,5,13.0,0.0,good,estimated
GIR002,2019,6,13.0,0.0,good,estimated
GIR002,2019,7,11.4,0.0,good,estimated
GIR002,2019,8,11.4,0.0,good,estimated
GIR002,2019,9,10.0,0.0,good,estimated
GIR002,2019,10,10.0,0.0,good,estimated
GIR002,2019,11,10.0,0.0,good,estimated
GIR002,2019,12,11.4,0.0,good,estimated
GIR002,2020,1,11.75,0.35,good,estimated
GIR002,2020,2,11.75,0.35,good,estimated
GIR002,2020,3,11.75,0.35,good,estimated
GIR002,2020,4,13.35,0.35,good,estimated
GIR002,2020,5,13.35,0.35,good,estimated
GIR002,2020,6,13.35,0.35,good,estimated
GIR002,2020,7,11.75,0.35,good,estimated
GIR002,2020,8,11.75,0.35,good,estimated
GIR002,2020,9,10.35,0.35,good,estimated
GIR002,2020,10,10.35,0.35,good,estimated
GIR002,2020,11,10.35,0.35,good,estimated
GIR002,2020,12,11.75,0.35,good,estimated
GIR002,2021,1,12.1,0.35,good,estimated
GIR002,2021,2,12.1,0.35,good,estimated
GIR002,2021,3,12.1,0.35,good,estimated
GIR002,2021,4,13.7,0.35,good,estimated
GIR002,2021,5,13.7,0.35,good,estimated
GIR002,2021,6,13.7,0.35,good,estimated
GIR002,2021,7,12.1,0.35,good,estimated
GIR002,2021,8,12.1,0.35,good,estimated
GIR002,2021,9,10.7,0.35,good,estimated
GIR002,2021,10,10.7,0.35,good,estimated
GIR002,2021,11,10.7,0.35,good,estimated
GIR002,2021,12,12.1,0.35,good,estimated
GIR002,2022,1,12.45,0.35,good,estimated
GIR002,2022,2,12.45,0.35,good,estimated
GIR002,2022,3,12.45,0.35,good,estimated
GIR002,2022,4,14.05,0.35,good,estimated
GIR002,2022,5,14.05,0.35,good,estimated
GIR002,2022,6,14.05,0.35,good,estimated
GIR002,2022,7,12.45,0.35,good,estimated
GIR002,2022,8,12.45,0.35,good,estimated
GIR002,2022,9,11.05,0.35,good,estimated
GIR002,2022,10,11.05,0.35,good,estimated
GIR002,2022,11,11.05,0.35,good,estimated
GIR002,2022,12,12.45,0.35,good,estimated
GIR002,2023,1,12.8,0.35,good,estimated
GIR002,2023,2,12.8,0.35,good,estimated
GIR002,2023,3,12.8,0.35,good,estimated
GIR002,2023,4,14.4,0.35,good,estimated
GIR002,2023,5,14.4,0.35,good,estimated
GIR002,2023,6,14.4,0.35,good,estimated
GIR002,2023,7,12.8,0.35,good,estimated
GIR002,2023,8,12.8,0.35,good,estimated
GIR002,2023,9,11.4,0.35,good,estimated
GIR002,2023,10,11.4,0.35,good,estimated
GIR002,2023,11,11.4,0.35,good,estimated
GIR002,2023,12,12.8,0.35,good,estimated
GIR002,2024,1,13.15,0.35,good,estimated
GIR002,2024,2,13.15,0.35,good,estimated
GIR002,2024,3,13.15,0.35,good,estimated
GIR002,2024,4,14.75,0.35,good,estimated
GIR002,2024,5,14.75,0.35,good,estimated
GIR002,2024,6,14.75,0.35,good,estimated
GIR002,2024,7,13.15,0.35,good,estimated
GIR002,2024,8,13.15,0.35,good,estimated
GIR002,2024,9,11.75,0.35,good,estimated
GIR002,2024,10,11.75,0.35,good,estimated
GIR002,2024,11,11.75,0.35,good,estimated
GIR002,2024,12,13.15,0.35,good,estimated
GIR003,2019,1,12.2,0.0,good,estimated
GIR003,2019,2,12.2,0.0,good,estimated
GIR003,2019,3,12.2,0.0,good,estimated
GIR003,2019,4,13.8,0.0,good,estimated
GIR003,2019,5,13.8,0.0,good,estimated
GIR003,2019,6,13.8,0.0,good,estimated
GIR003,2019,7,12.2,0.0,good,estimated
GIR003,2019,8,12.2,0.0,good,estimated
GIR003,2019,9,10.8,0.0,good,estimated
GIR003,2019,10,10.8,0.0,good,estimated
GIR003,2019,11,10.8,0.0,good,estimated
GIR003,2019,12,12.2,0.0,good,estimated
GIR003,2020,1,12.55,0.35,good,estimated
GIR003,2020,2,12.55,0.35,good,estimated
GIR003,2020,3,12.55,0.35,good,estimated
GIR003,2020,4,14.15,0.35,good,estimated
GIR003,2020,5,14.15,0.35,good,estimated
GIR003,2020,6,14.15,0.35,good,estimated
GIR003,2020,7,12.55,0.35,good,estimated
GIR003,2020,8,12.55,0.35,good,estimated
GIR003,2020,9,11.15,0.35,good,estimated
GIR003,2020,10,11.15,0.35,good,estimated
GIR003,2020,11,11.15,0.35,good,estimated
GIR003,2020,12,12.55,0.35,good,estimated
GIR003,2021,1,12.9,0.35,good,estimated
GIR003,2021,2,12.9,0.35,good,estimated
GIR003,2021,3,12.9,0.35,good,estimated
GIR003,2021,4,14.5,0.35,good,estimated
GIR003,2021,5,14.5,0.35,good,estimated
GIR003,2021,6,14.5,0.35,good,estimated
GIR003,2021,7,12.9,0.35,good,estimated
GIR003,2021,8,12.9,0.35,good,estimated
GIR003,2021,9,11.5,0.35,good,estimated
GIR003,2021,10,11.5,0.35,good,estimated
GIR003,2021,11,11.5,0.35,good,estimated
GIR003,2021,12,12.9,0.35,good,estimated
GIR003,2022,1,13.25,0.35,good,estimated
GIR003,2022,2,13.25,0.35,good,estimated
GIR003,2022,3,13.25,0.35,good,estimated
GIR003,2022,4,14.85,0.35,good,estimated
GIR003,2022,5,14.85,0.35,good,estimated
GIR003,2022,6,14.85,0.35,good,estimated
GIR003,2022,7,13.25,0.35,good,estimated
GIR003,2022,8,13.25,0.35,good,estimated
GIR003,2022,9,11.85,0.35,good,estimated
GIR003,2022,10,11.85,0.35,good,estimated
GIR003,2022,11,11.85,0.35,good,estimated
GIR003,2022,12,13.25,0.35,good,estimated
GIR003,2023,1,13.6,0.35,good,estimated
GIR003,2023,2,13.6,0.35,good,estimated
GIR003,2023,3,13.6,0.35,good,estimated
GIR003,2023,4,15.2,0.35,good,estimated
GIR003,2023,5,15.2,0.35,good,estimated
GIR003,2023,6,15.2,0.35,good,estimated
GIR003,2023,7,13.6,0.35,good,estimated
GIR003,2023,8,13.6,0.35,good,estimated
GIR003,2023,9,12.2,0.35,good,estimated
GIR003,2023,10,12.2,0.35,good,estimated
GIR003,2023,11,12.2,0.35,good,estimated
GIR003,2023,12,13.6,0.35,good,estimated
GIR003,2024,1,13.95,0.35,good,estimated
GIR003,2024,2,13.95,0.35,good,estimated
GIR003,2024,3,13.95,0.35,good,estimated
GIR003,2024,4,15.55,0.35,good,estimated
GIR003,2024,5,15.55,0.35,good,estimated
GIR003,2024,6,15.55,0.35,good,estimated
GIR003,2024,7,13.95,0.35,good,estimated
GIR003,2024,8,13.95,0.35,good,estimated
GIR003,2024,9,12.55,0.35,good,estimated
GIR003,2024,10,12.55,0.35,good,estimated
GIR003,2024,11,12.55,0.35,good,estimated
GIR003,2024,12,13.95,0.35,good,estimated
GIR004,2019,1,13.0,0.0,good,estimated
GIR004,2019,2,13.0,0.0,good,estimated
GIR004,2019,3,13.0,0.0,good,estimated
GIR004,2019,4,14.6,0.0,good,estimated
GIR004,2019,5,14.6,0.0,good,estimated
GIR004,2019,6,14.6,0.0,good,estimated
GIR004,2019,7,13.0,0.0,good,estimated
GIR004,2019,8,13.0,0.0,good,estimated
GIR004,2019,9,11.6,0.0,good,estimated
GIR004,2019,10,11.6,0.0,good,estimated
GIR004,2019,11,11.6,0.0,good,estimated
GIR004,2019,12,13.0,0.0,good,estimated
GIR004,2020,1,13.35,0.35,good,estimated
GIR004,2020,2,13.35,0.35,good,estimated
GIR004,2020,3,13.35,0.35,good,estimated
GIR004,2020,4,14.95,0.35,good,estimated
GIR004,2020,5,14.95,0.35,good,estimated
GIR004,2020,6,14.95,0.35,good,estimated
GIR004,2020,7,13.35,0.35,good,estimated
GIR004,2020,8,13.35,0.35,good,estimated
GIR004,2020,9,11.95,0.35,good,estimated
GIR004,2020,10,11.95,0.35,good,estimated
GIR004,2020,11,11.95,0.35,good,estimated
GIR004,2020,12,13.35,0.35,good,estimated
GIR004,2021,1,13.7,0.35,good,estimated
GIR004,2021,2,13.7,0.35,good,estimated
GIR004,2021,3,13.7,0.35,good,estimated
GIR004,2021,4,15.3,0.35,good,estimated
GIR004,2021,5,15.3,0.35,good,estimated
GIR004,2021,6,15.3,0.35,good,estimated
GIR004,2021,7,13.7,0.35,good,estimated
GIR004,2021,8,13.7,0.35,good,estimated
GIR004,2021,9,12.3,0.35,good,estimated
GIR004,2021,10,12.3,0.35,good,estimated
GIR004,2021,11,12.3,0.35,good,estimated
GIR004,2021,12,13.7,0.35,good,estimated
GIR004,2022,1,14.05,0.35,good,estimated
GIR004,2022,2,14.05,0.35,good,estimated
GIR004,2022,3,14.05,0.35,good,estimated
GIR004,2022,4,15.65,0.35,good,estimated
GIR004,2022,5,15.65,0.35,good,estimated
GIR004,2022,6,15.65,0.35,good,estimated
GIR004,2022,7,14.05,0.35,good,estimated
GIR004,2022,8,14.05,0.35,good,estimated
GIR004,2022,9,12.65,0.35,good,estimated
GIR004,2022,10,12.65,0.35,good,estimated
GIR004,2022,11,12.65,0.35,good,estimated
GIR004,2022,12,14.05,0.35,good,estimated
GIR004,2023,1,14.4,0.35,good,estimated
GIR004,2023,2,14.4,0.35,good,estimated
GIR004,2023,3,14.4,0.35,good,estimated
GIR004,2023,4,16.0,0.35,good,estimated
GIR004,2023,5,16.0,0.35,good,estimated
GIR004,2023,6,16.0,0.35,good,estimated
GIR004,2023,7,14.4,0.35,good,estimated
GIR004,2023,8,14.4,0.35,good,estimated
GIR004,2023,9,13.0,0.35,good,estimated
GIR004,2023,10,13.0,0.35,good,estimated
GIR004,2023,11,13.0,0.35,good,estimated
GIR004,2023,12,14.4,0.35,good,estimated
GIR004,2024,1,14.75,0.35,good,estimated
GIR004,2024,2,14.75,0.35,good,estimated
GIR004,2024,3,14.75,0.35,good,estimated
GIR004,2024,4,16.35,0.35,good,estimated
GIR004,2024,5,16.35,0.35,good,estimated
GIR004,2024,6,16.35,0.35,good,estimated
GIR004,2024,7,14.75,0.35,good,estimated
GIR004,2024,8,14.75,0.35,good,estimated
GIR004,2024,9,13.35,0.35,good,estimated
GIR004,2024,10,13.35,0.35,good,estimated
GIR004,2024,11,13.35,0.35,good,estimated
GIR004,2024,12,14.75,0.35,good,estimated
GIR005,2019,1,12.4,0.0,good,estimated
GIR005,2019,2,12.4,0.0,good,estimated
GIR005,2019,3,12.4,0.0,good,estimated
GIR005,2019,4,14.0,0.0,good,estimated
GIR005,2019,5,14.0,0.0,good,estimated
GIR005,2019,6,14.0,0.0,good,estimated
GIR005,2019,7,12.4,0.0,good,estimated
GIR005,2019,8,12.4,0.0,good,estimated
GIR005,2019,9,11.0,0.0,good,estimated
GIR005,2019,10,11.0,0.0,good,estimated
GIR005,2019,11,11.0,0.0,good,estimated
GIR005,2019,12,12.4,0.0,good,estimated
GIR005,2020,1,12.75,0.35,good,estimated
GIR005,2020,2,12.75,0.35,good,estimated
GIR005,2020,3,12.75,0.35,good,estimated
GIR005,2020,4,14.35,0.35,good,estimated
GIR005,2020,5,14.35,0.35,good,estimated
GIR005,2020,6,14.35,0.35,good,estimated
GIR005,2020,7,12.75,0.35,good,estimated
GIR005,2020,8,12.75,0.35,good,estimated
GIR005,2020,9,11.35,0.35,good,estimated
GIR005,2020,10,11.35,0.35,good,estimated
GIR005,2020,11,11.35,0.35,good,estimated
GIR005,2020,12,12.75,0.35,good,estimated
GIR005,2021,1,13.1,0.35,good,estimated
GIR005,2021,2,13.1,0.35,good,estimated
GIR005,2021,3,13.1,0.35,good,estimated
GIR005,2021,4,14.7,0.35,good,estimated
GIR005,2021,5,14.7,0.35,good,estimated
GIR005,2021,6,14.7,0.35,good,estimated
GIR005,2021,7,13.1,0.35,good,estimated
GIR005,2021,8,13.1,0.35,good,estimated
GIR005,2021,9,11.7,0.35,good,estimated
GIR005,2021,10,11.7,0.35,good,estimated
GIR005,2021,11,11.7,0.35,good,estimated
GIR005,2021,12,13.1,0.35,good,estimated
GIR005,2022,1,13.45,0.35,good,estimated
GIR005,2022,2,13.45,0.35,good,estimated
GIR005,2022,3,13.45,0.35,good,estimated
GIR005,2022,4,15.05,0.35,good,estimated
GIR005,2022,5,15.05,0.35,good,estimated
GIR005,2022,6,15.05,0.35,good,estimated
GIR005,2022,7,13.45,0.35,good,estimated
GIR005,2022,8,13.45,0.35,good,estimated
GIR005,2022,9,12.05,0.35,good,estimated
GIR005,2022,10,12.05,0.35,good,estimated
GIR005,2022,11,12.05,0.35,good,estimated
GIR005,2022,12,13.45,0.35,good,estimated
GIR005,2023,1,13.8,0.35,good,estimated
GIR005,2023,2,13.8,0.35,good,estimated
GIR005,2023,3,13.8,0.35,good,estimated
GIR005,2023,4,15.4,0.35,good,estimated
GIR005,2023,5,15.4,0.35,good,estimated
GIR005,2023,6,15.4,0.35,good,estimated
GIR005,2023,7,13.8,0.35,good,estimated
GIR005,2023,8,13.8,0.35,good,estimated
GIR005,2023,9,12.4,0.35,good,estimated
GIR005,2023,10,12.4,0.35,good,estimated
GIR005,2023,11,12.4,0.35,good,estimated
GIR005,2023,12,13.8,0.35,good,estimated
GIR005,2024,1,14.15,0.35,good,estimated
GIR005,2024,2,14.15,0.35,good,estimated
GIR005,2024,3,14.15,0.35,good,estimated
GIR005,2024,4,15.75,0.35,good,estimated
GIR005,2024,5,15.75,0.35,good,estimated
GIR005,2024,6,15.75,0.35,good,estimated
GIR005,2024,7,14.15,0.35,good,estimated
GIR005,2024,8,14.15,0.35,good,estimated
GIR005,2024,9,12.75,0.35,good,estimated
GIR005,2024,10,12.75,0.35,good,estimated
GIR005,2024,11,12.75,0.35,good,estimated
GIR005,2024,12,14.15,0.35,good,estimated
JMN001,2019,1,17.7,0.0,good,estimated
JMN001,2019,2,17.7,0.0,good,estimated
JMN001,2019,3,17.7,0.0,good,estimated
JMN001,2019,4,19.3,0.0,moderate,estimated
JMN001,2019,5,19.3,0.0,moderate,estimated
JMN001,2019,6,19.3,0.0,moderate,estimated
JMN001,2019,7,17.7,0.0,good,estimated
JMN001,2019,8,17.7,0.0,good,estimated
JMN001,2019,9,16.3,0.0,good,estimated
JMN001,2019,10,16.3,0.0,good,estimated
JMN001,2019,11,16.3,0.0,good,estimated
JMN001,2019,12,17.7,0.0,good,estimated
JMN001,2020,1,18.05,0.35,moderate,estimated
JMN001,2020,2,18.05,0.35,moderate,estimated
JMN001,2020,3,18.05,0.35,moderate,estimated
JMN001,2020,4,19.65,0.35,moderate,estimated
JMN001,2020,5,19.65,0.35,moderate,estimated
JMN001,2020,6,19.65,0.35,moderate,estimated
JMN001,2020,7,18.05,0.35,moderate,estimated
JMN001,2020,8,18.05,0.35,moderate,estimated
JMN001,2020,9,16.65,0.35,good,estimated
JMN001,2020,10,16.65,0.35,good,estimated
JMN001,2020,11,16.65,0.35,good,estimated
JMN001,2020,12,18.05,0.35,moderate,estimated
JMN001,2021,1,18.4,0.35,moderate,estimated
JMN001,2021,2,18.4,0.35,moderate,estimated
JMN001,2021,3,18.4,0.35,moderate,estimated
JMN001,2021,4,20.0,0.35,moderate,estimated
JMN001,2021,5,20.0,0.35,moderate,estimated
JMN001,2021,6,20.0,0.35,moderate,estimated
JMN001,2021,7,18.4,0.35,moderate,estimated
JMN001,2021,8,18.4,0.35,moderate,estimated
JMN001,2021,9,17.0,0.35,good,estimated
JMN001,2021,10,17.0,0.35,good,estimated
JMN001,2021,11,17.0,0.35,good,estimated
JMN001,2021,12,18.4,0.35,moderate,estimated
JMN001,2022,1,18.75,0.35,moderate,estimated
JMN001,2022,2,18.75,0.35,moderate,estimated
JMN001,2022,3,18.75,0.35,moderate,estimated
JMN001,2022,4,20.35,0.35,moderate,estimated
JMN001,2022,5,20.35,0.35,moderate,estimated
JMN001,2022,6,20.35,0.35,moderate,estimated
JMN001,2022,7,18.75,0.35,moderate,estimated
JMN001,2022,8,18.75,0.35,moderate,estimated
JMN001,2022,9,17.35,0.35,good,estimated
JMN001,2022,10,17.35,0.35,good,estimated
JMN001,2022,11,17.35,0.35,good,estimated
JMN001,2022,12,18.75,0.35,moderate,estimated
JMN001,2023,1,19.1,0.35,moderate,estimated
JMN001,2023,2,19.1,0.35,moderate,estimated
JMN001,2023,3,19.1,0.35,moderate,estimated
JMN001,2023,4,20.7,0.35,moderate,estimated
JMN001,2023,5,20.7,0.35,moderate,estimated
JMN001,2023,6,20.7,0.35,moderate,estimated
JMN001,2023,7,19.1,0.35,moderate,estimated
JMN001,2023,8,19.1,0.35,moderate,estimated
JMN001,2023,9,17.7,0.35,good,estimated
JMN001,2023,10,17.7,0.35,good,estimated
JMN001,2023,11,17.7,0.35,good,estimated
JMN001,2023,12,19.1,0.35,moderate,estimated
JMN001,2024,1,19.45,0.35,moderate,estimated
JMN001,2024,2,19.45,0.35,moderate,estimated
JMN001,2024,3,19.45,0.35,moderate,estimated
JMN001,2024,4,21.05,0.35,moderate,estimated
JMN001,2024,5,21.05,0.35,moderate,estimated
JMN001,2024,6,21.05,0.35,moderate,estimated
JMN001,2024,7,19.45,0.35,moderate,estimated
JMN001,2024,8,19.45,0.35,moderate,estimated
JMN001,2024,9,18.05,0.35,moderate,estimated
JMN001,2024,10,18.05,0.35,moderate,estimated
JMN001,2024,11,18.05,0.35,moderate,estimated
JMN001,2024,12,19.45,0.35,moderate,estimated
JMN002,2019,1,17.0,0.0,good,estimated
JMN002,2019,2,17.0,0.0,good,estimated
JMN002,2019,3,17.0,0.0,good,estimated
JMN002,2019,4,18.6,0.0,moderate,estimated
JMN002,2019,5,18.6,0.0,moderate,estimated
JMN002,2019,6,18.6,0.0,moderate,estimated
JMN002,2019,7,17.0,0.0,good,estimated
JMN002,2019,8,17.0,0.0,good,estimated
JMN002,2019,9,15.6,0.0,good,estimated
JMN002,2019,10,15.6,0.0,good,estimated
JMN002,2019,11,15.6,0.0,good,estimated
JMN002,2019,12,17.0,0.0,good,estimated
JMN002,2020,1,17.35,0.35,good,estimated
JMN002,2020,2,17.35,0.35,good,estimated
JMN002,2020,3,17.35,0.35,good,estimated
JMN002,2020,4,18.95,0.35,moderate,estimated
JMN002,2020,5,18.95,0.35,moderate,estimated
JMN002,2020,6,18.95,0.35,moderate,estimated
JMN002,2020,7,17.35,0.35,good,estimated
JMN002,2020,8,17.35,0.35,good,estimated
JMN002,2020,9,15.95,0.35,good,estimated
JMN002,2020,10,15.95,0.35,good,estimated
JMN002,2020,11,15.95,0.35,good,estimated
JMN002,2020,12,17.35,0.35,good,estimated
JMN002,2021,1,17.7,0.35,good,estimated
JMN002,2021,2,17.7,0.35,good,estimated
JMN002,2021,3,17.7,0.35,good,estimated
JMN002,2021,4,19.3,0.35,moderate,estimated
JMN002,2021,5,19.3,0.35,moderate,estimated
JMN002,2021,6,19.3,0.35,moderate,estimated
JMN002,2021,7,17.7,0.35,good,estimated
JMN002,2021,8,17.7,0.35,good,estimated
JMN002,2021,9,16.3,0.35,good,estimated
JMN002,2021,10,16.3,0.35,good,estimated
JMN002,2021,11,16.3,0.35,good,estimated
JMN002,2021,12,17.7,0.35,good,estimated
JMN002,2022,1,18.05,0.35,moderate,estimated
JMN002,2022,2,18.05,0.35,moderate,estimated
JMN002,2022,3,18.05,0.35,moderate,estimated
JMN002,2022,4,19.65,0.35,moderate,estimated
JMN002,2022,5,19.65,0.35,moderate,estimated
JMN002,2022,6,19.65,0.35,moderate,estimated
JMN002,2022,7,18.05,0.35,moderate,estimated
JMN002,2022,8,18.05,0.35,moderate,estimated
JMN002,2022,9,16.65,0.35,good,estimated
JMN002,2022,10,16.65,0.35,good,estimated
JMN002,2022,11,16.65,0.35,good,estimated
JMN002,2022,12,18.05,0.35,moderate,estimated
JMN002,2023,1,18.4,0.35,moderate,estimated
JMN002,2023,2,18.4,0.35,moderate,estimated
JMN002,2023,3,18.4,0.35,moderate,estimated
JMN002,2023,4,20.0,0.35,moderate,estimated
JMN002,2023,5,20.0,0.35,moderate,estimated
JMN002,2023,6,20.0,0.35,moderate,estimated
JMN002,2023,7,18.4,0.35,moderate,estimated
JMN002,2023,8,18.4,0.35,moderate,estimated
JMN002,2023,9,17.0,0.35,good,estimated
JMN002,2023,10,17.0,0.35,good,estimated
JMN002,2023,11,17.0,0.35,good,estimated
JMN002,2023,12,18.4,0.35,moderate,estimated
JMN002,2024,1,18.75,0.35,moderate,estimated
JMN002,2024,2,18.75,0.35,moderate,estimated
JMN002,2024,3,18.75,0.35,moderate,estimated
JMN002,2024,4,20.35,0.35,moderate,estimated
JMN002,2024,5,20.35,0.35,moderate,estimated
JMN002,2024,6,20.35,0.35,moderate,estimated
JMN002,2024,7,18.75,0.35,moderate,estimated
JMN002,2024,8,18.75,0.35,moderate,estimated
JMN002,2024,9,17.35,0.35,good,estimated
JMN002,2024,10,17.35,0.35,good,estimated
JMN002,2024,11,17.35,0.35,good,estimated
JMN002,2024,12,18.75,0.35,moderate,estimated
JMN003,2019,1,18.4,0.0,moderate,estimated
JMN003,2019,2,18.4,0.0,moderate,estimated
JMN003,2019,3,18.4,0.0,moderate,estimated
JMN003,2019,4,20.0,0.0,moderate,estimated
JMN003,2019,5,20.0,0.0,moderate,estimated
JMN003,2019,6,20.0,0.0,moderate,estimated
JMN003,2019,7,18.4,0.0,moderate,estimated
JMN003,2019,8,18.4,0.0,moderate,estimated
JMN003,2019,9,17.0,0.0,good,estimated
JMN003,2019,10,17.0,0.0,good,estimated
JMN003,2019,11,17.0,0.0,good,estimated
JMN003,2019,12,18.4,0.0,moderate,estimated
JMN003,2020,1,18.75,0.35,moderate,estimated
JMN003,2020,2,18.75,0.35,moderate,estimated
JMN003,2020,3,18.75,0.35,moderate,estimated
JMN003,2020,4,20.35,0.35,moderate,estimated
JMN003,2020,5,20.35,0.35,moderate,estimated
JMN003,2020,6,20.35,0.35,moderate,estimated
JMN003,2020,7,18.75,0.35,moderate,estimated
JMN003,2020,8,18.75,0.35,moderate,estimated
JMN003,2020,9,17.35,0.35,good,estimated
JMN003,2020,10,17.35,0.35,good,estimated
JMN003,2020,11,17.35,0.35,good,estimated
JMN003,2020,12,18.75,0.35,moderate,estimated
JMN003,2021,1,19.1,0.35,moderate,estimated
JMN003,2021,2,19.1,0.35,moderate,estimated
JMN003,2021,3,19.1,0.35,moderate,estimated
JMN003,2021,4,20.7,0.35,moderate,estimated
JMN003,2021,5,20.7,0.35,moderate,estimated
JMN003,2021,6,20.7,0.35,moderate,estimated
JMN003,2021,7,19.1,0.35,moderate,estimated
JMN003,2021,8,19.1,0.35,moderate,estimated
JMN003,2021,9,17.7,0.35,good,estimated
JMN003,2021,10,17.7,0.35,good,estimated
JMN003,2021,11,17.7,0.35,good,estimated
JMN003,2021,12,19.1,0.35,moderate,estimated
JMN003,2022,1,19.45,0.35,moderate,estimated
JMN003,2022,2,19.45,0.35,moderate,estimated
JMN003,2022,3,19.45,0.35,moderate,estimated
JMN003,2022,4,21.05,0.35,moderate,estimated
JMN003,2022,5,21.05,0.35,moderate,estimated
JMN003,2022,6,21.05,0.35,moderate,estimated
JMN003,2022,7,19.45,0.35,moderate,estimated
JMN003,2022,8,19.45,0.35,moderate,estimated
JMN003,2022,9,18.05,0.35,moderate,estimated
JMN003,2022,10,18.05,0.35,moderate,estimated
JMN003,2022,11,18.05,0.35,moderate,estimated
JMN003,2022,12,19.45,0.35,moderate,estimated
JMN003,2023,1,19.8,0.35,moderate,estimated
JMN003,2023,2,19.8,0.35,moderate,estimated
JMN003,2023,3,19.8,0.35,moderate,estimated
JMN003,2023,4,21.4,0.35,moderate,estimated
JMN003,2023,5,21.4,0.35,moderate,estimated
JMN003,2023,6,21.4,0.35,moderate,estimated
JMN003,2023,7,19.8,0.35,moderate,estimated
JMN003,2023,8,19.8,0.35,moderate,estimated
JMN003,2023,9,18.4,0.35,moderate,estimated
JMN003,2023,10,18.4,0.35,moderate,estimated
JMN003,2023,11,18.4,0.35,moderate,estimated
JMN003,2023,12,19.8,0.35,moderate,estimated
JMN003,2024,1,20.15,0.35,moderate,estimated
JMN003,2024,2,20.15,0.35,moderate,estimated
JMN003,2024,3,20.15,0.35,moderate,estimated
JMN003,2024,4,21.75,0.35,moderate,estimated
JMN003,2024,5,21.75,0.35,moderate,estimated
JMN003,2024,6,21.75,0.35,moderate,estimated
JMN003,2024,7,20.15,0.35,moderate,estimated
JMN003,2024,8,20.15,0.35,moderate,estimated
JMN003,2024,9,18.75,0.35,moderate,estimated
JMN003,2024,10,18.75,0.35,moderate,estimated
JMN003,2024,11,18.75,0.35,moderate,estimated
JMN003,2024,12,20.15,0.35,moderate,estimated
JMN004,2019,1,16.1,0.0,good,estimated
JMN004,2019,2,16.1,0.0,good,estimated
JMN004,2019,3,16.1,0.0,good,estimated
JMN004,2019,4,17.7,0.0,good,estimated
JMN004,2019,5,17.7,0.0,good,estimated
JMN004,2019,6,17.7,0.0,good,estimated
JMN004,2019,7,16.1,0.0,good,estimated
JMN004,2019,8,16.1,0.0,good,estimated
JMN004,2019,9,14.7,0.0,good,estimated
JMN004,2019,10,14.7,0.0,good,estimated
JMN004,2019,11,14.7,0.0,good,estimated
JMN004,2019,12,16.1,0.0,good,estimated
JMN004,2020,1,16.45,0.35,good,estimated
JMN004,2020,2,16.45,0.35,good,estimated
JMN004,2020,3,16.45,0.35,good,estimated
JMN004,2020,4,18.05,0.35,moderate,estimated
JMN004,2020,5,18.05,0.35,moderate,estimated
JMN004,2020,6,18.05,0.35,moderate,estimated
JMN004,2020,7,16.45,0.35,good,estimated
JMN004,2020,8,16.45,0.35,good,estimated
JMN004,2020,9,15.05,0.35,good,estimated
JMN004,2020,10,15.05,0.35,good,estimated
JMN004,2020,11,15.05,0.35,good,estimated
JMN004,2020,12,16.45,0.35,good,estimated
JMN004,2021,1,16.8,0.35,good,estimated
JMN004,2021,2,16.8,0.35,good,estimated
JMN004,2021,3,16.8,0.35,good,estimated
JMN004,2021,4,18.4,0.35,moderate,estimated
JMN004,2021,5,18.4,0.35,moderate,estimated
JMN004,2021,6,18.4,0.35,moderate,estimated
JMN004,2021,7,16.8,0.35,good,estimated
JMN004,2021,8,16.8,0.35,good,estimated
JMN004,2021,9,15.4,0.35,good,estimated
JMN004,2021,10,15.4,0.35,good,estimated
JMN004,2021,11,15.4,0.35,good,estimated
JMN004,2021,12,16.8,0.35,good,estimated
JMN004,2022,1,17.15,0.35,good,estimated
JMN004,2022,2,17.15,0.35,good,estimated
JMN004,2022,3,17.15,0.35,good,estimated
JMN004,2022,4,18.75,0.35,moderate,estimated
JMN004,2022,5,18.75,0.35,moderate,estimated
JMN004,2022,6,18.75,0.35,moderate,estimated
JMN004,2022,7,17.15,0.35,good,estimated
JMN004,2022,8,17.15,0.35,good,estimated
JMN004,2022,9,15.75,0.35,good,estimated
JMN004,2022,10,15.75,0.35,good,estimated
JMN004,2022,11,15.75,0.35,good,estimated
JMN004,2022,12,17.15,0.35,good,estimated
JMN004,2023,1,17.5,0.35,good,estimated
JMN004,2023,2,17.5,0.35,good,estimated
JMN004,2023,3,17.5,0.35,good,estimated
JMN004,2023,4,19.1,0.35,moderate,estimated
JMN004,2023,5,19.1,0.35,moderate,estimated
JMN004,2023,6,19.1,0.35,moderate,estimated
JMN004,2023,7,17.5,0.35,good,estimated
JMN004,2023,8,17.5,0.35,good,estimated
JMN004,2023,9,16.1,0.35,good,estimated
JMN004,2023,10,16.1,0.35,good,estimated
JMN004,2023,11,16.1,0.35,good,estimated
JMN004,2023,12,17.5,0.35,good,estimated
JMN004,2024,1,17.85,0.35,good,estimated
JMN004,2024,2,17.85,0.35,good,estimated
JMN004,2024,3,17.85,0.35,good,estimated
JMN004,2024,4,19.45,0.35,moderate,estimated
JMN004,2024,5,19.45,0.35,moderate,estimated
JMN004,2024,6,19.45,0.35,moderate,estimated
JMN004,2024,7,17.85,0.35,good,estimated
JMN004,2024,8,17.85,0.35,good,estimated
JMN004,2024,9,16.45,0.35,good,estimated
JMN004,2024,10,16.45,0.35,good,estimated
JMN004,2024,11,16.45,0.35,good,estimated
JMN004,2024,12,17.85,0.35,good,estimated
JMN005,2019,1,19.3,0.0,moderate,estimated
JMN005,2019,2,19.3,0.0,moderate,estimated
JMN005,2019,3,19.3,0.0,moderate,estimated
JMN005,2019,4,20.9,0.0,moderate,estimated
JMN005,2019,5,20.9,0.0,moderate,estimated
JMN005,2019,6,20.9,0.0,moderate,estimated
JMN005,2019,7,19.3,0.0,moderate,estimated
JMN005,2019,8,19.3,0.0,moderate,estimated
JMN005,2019,9,17.9,0.0,good,estimated
JMN005,2019,10,17.9,0.0,good,estimated
JMN005,2019,11,17.9,0.0,good,estimated
JMN005,2019,12,19.3,0.0,moderate,estimated
JMN005,2020,1,19.65,0.35,moderate,estimated
JMN005,2020,2,19.65,0.35,moderate,estimated
JMN005,2020,3,19.65,0.35,moderate,estimated
JMN005,2020,4,21.25,0.35,moderate,estimated
JMN005,2020,5,21.25,0.35,moderate,estimated
JMN005,2020,6,21.25,0.35,moderate,estimated
JMN005,2020,7,19.65,0.35,moderate,estimated
JMN005,2020,8,19.65,0.35,moderate,estimated
JMN005,2020,9,18.25,0.35,moderate,estimated
JMN005,2020,10,18.25,0.35,moderate,estimated
JMN005,2020,11,18.25,0.35,moderate,estimated
JMN005,2020,12,19.65,0.35,moderate,estimated
JMN005,2021,1,20.0,0.35,moderate,estimated
JMN005,2021,2,20.0,0.35,moderate,estimated
JMN005,2021,3,20.0,0.35,moderate,estimated
JMN005,2021,4,21.6,0.35,moderate,estimated
JMN005,2021,5,21.6,0.35,moderate,estimated
JMN005,2021,6,21.6,0.35,moderate,estimated
JMN005,2021,7,20.0,0.35,moderate,estimated
JMN005,2021,8,20.0,0.35,moderate,estimated
JMN005,2021,9,18.6,0.35,moderate,estimated
JMN005,2021,10,18.6,0.35,moderate,estimated
JMN005,2021,11,18.6,0.35,moderate,estimated
JMN005,2021,12,20.0,0.35,moderate,estimated
JMN005,2022,1,20.35,0.35,moderate,estimated
JMN005,2022,2,20.35,0.35,moderate,estimated
JMN005,2022,3,20.35,0.35,moderate,estimated
JMN005,2022,4,21.95,0.35,moderate,estimated
JMN005,2022,5,21.95,0.35,moderate,estimated
JMN005,2022,6,21.95,0.35,moderate,estimated
JMN005,2022,7,20.35,0.35,moderate,estimated
JMN005,2022,8,20.35,0.35,moderate,estimated
JMN005,2022,9,18.95,0.35,moderate,estimated
JMN005,2022,10,18.95,0.35,moderate,estimated
JMN005,2022,11,18.95,0.35,moderate,estimated
JMN005,2022,12,20.35,0.35,moderate,estimated
JMN005,2023,1,20.7,0.35,moderate,estimated
JMN005,2023,2,20.7,0.35,moderate,estimated
JMN005,2023,3,20.7,0.35,moderate,estimated
JMN005,2023,4,22.3,0.35,moderate,estimated
JMN005,2023,5,22.3,0.35,moderate,estimated
JMN005,2023,6,22.3,0.35,moderate,estimated
JMN005,2023,7,20.7,0.35,moderate,estimated
JMN005,2023,8,20.7,0.35,moderate,estimated
JMN005,2023,9,19.3,0.35,moderate,estimated
JMN005,2023,10,19.3,0.35,moderate,estimated
JMN005,2023,11,19.3,0.35,moderate,estimated
JMN005,2023,12,20.7,0.35,moderate,estimated
JMN005,2024,1,21.05,0.35,moderate,estimated
JMN005,2024,2,21.05,0.35,moderate,estimated
JMN005,2024,3,21.05,0.35,moderate,estimated
JMN005,2024,4,22.65,0.35,moderate,estimated
JMN005,2024,5,22.65,0.35,moderate,estimated
JMN005,2024,6,22.65,0.35,moderate,estimated
JMN005,2024,7,21.05,0.35,moderate,estimated
JMN005,2024,8,21.05,0.35,moderate,estimated
JMN005,2024,9,19.65,0.35,moderate,estimated
JMN005,2024,10,19.65,0.35,moderate,estimated
JMN005,2024,11,19.65,0.35,moderate,estimated
JMN005,2024,12,21.05,0.35,moderate,estimated
MOR001,2019,1,26.0,0.0,saline,estimated
MOR001,2019,2,26.0,0.0,saline,estimated
MOR001,2019,3,26.0,0.0,saline,estimated
MOR001,2019,4,27.6,0.0,saline,estimated
MOR001,2019,5,27.6,0.0,saline,estimated
MOR001,2019,6,27.6,0.0,saline,estimated
MOR001,2019,7,26.0,0.0,saline,estimated
MOR001,2019,8,26.0,0.0,saline,estimated
MOR001,2019,9,24.6,0.0,moderate,estimated
MOR001,2019,10,24.6,0.0,moderate,estimated
MOR001,2019,11,24.6,0.0,moderate,estimated
MOR001,2019,12,26.0,0.0,saline,estimated
MOR001,2020,1,26.35,0.35,saline,estimated
MOR001,2020,2,26.35,0.35,saline,estimated
MOR001,2020,3,26.35,0.35,saline,estimated
MOR001,2020,4,27.95,0.35,saline,estimated
MOR001,2020,5,27.95,0.35,saline,estimated
MOR001,2020,6,27.95,0.35,saline,estimated
MOR001,2020,7,26.35,0.35,saline,estimated
MOR001,2020,8,26.35,0.35,saline,estimated
MOR001,2020,9,24.95,0.35,moderate,estimated
MOR001,2020,10,24.95,0.35,moderate,estimated
MOR001,2020,11,24.95,0.35,moderate,estimated
MOR001,2020,12,26.35,0.35,saline,estimated
MOR001,2021,1,26.7,0.35,saline,estimated
MOR001,2021,2,26.7,0.35,saline,estimated
MOR001,2021,3,26.7,0.35,saline,estimated
MOR001,2021,4,28.3,0.35,saline,estimated
MOR001,2021,5,28.3,0.35,saline,estimated
MOR001,2021,6,28.3,0.35,saline,estimated
MOR001,2021,7,26.7,0.35,saline,estimated
MOR001,2021,8,26.7,0.35,saline,estimated
MOR001,2021,9,25.3,0.35,saline,estimated
MOR001,2021,10,25.3,0.35,saline,estimated
MOR001,2021,11,25.3,0.35,saline,estimated
MOR001,2021,12,26.7,0.35,saline,estimated
MOR001,2022,1,27.05,0.35,saline,estimated
MOR001,2022,2,27.05,0.35,saline,estimated
MOR001,2022,3,27.05,0.35,saline,estimated
MOR001,2022,4,28.65,0.35,saline,estimated
MOR001,2022,5,28.65,0.35,saline,estimated
MOR001,2022,6,28.65,0.35,saline,estimated
MOR001,2022,7,27.05,0.35,saline,estimated
MOR001,2022,8,27.05,0.35,saline,estimated
MOR001,2022,9,25.65,0.35,saline,estimated
MOR001,2022,10,25.65,0.35,saline,estimated
MOR001,2022,11,25.65,0.35,saline,estimated
MOR001,2022,12,27.05,0.35,saline,estimated
MOR001,2023,1,27.4,0.35,saline,estimated
MOR001,2023,2,27.4,0.35,saline,estimated
MOR001,2023,3,27.4,0.35,saline,estimated
MOR001,2023,4,29.0,0.35,saline,estimated
MOR001,2023,5,29.0,0.35,saline,estimated
MOR001,2023,6,29.0,0.35,saline,estimated
MOR001,2023,7,27.4,0.35,saline,estimated
MOR001,2023,8,27.4,0.35,saline,estimated
MOR001,2023,9,26.0,0.35,saline,estimated
MOR001,2023,10,26.0,0.35,saline,estimated
MOR001,2023,11,26.0,0.35,saline,estimated
MOR001,2023,12,27.4,0.35,saline,estimated
MOR001,2024,1,27.75,0.35,saline,estimated
MOR001,2024,2,27.75,0.35,saline,estimated
MOR001,2024,3,27.75,0.35,saline,estimated
MOR001,2024,4,29.35,0.35,saline,estimated
MOR001,2024,5,29.35,0.35,saline,estimated
MOR001,2024,6,29.35,0.35,saline,estimated
MOR001,2024,7,27.75,0.35,saline,estimated
MOR001,2024,8,27.75,0.35,saline,estimated
MOR001,2024,9,26.35,0.35,saline,estimated
MOR001,2024,10,26.35,0.35,saline,estimated
MOR001,2024,11,26.35,0.35,saline,estimated
MOR001,2024,12,27.75,0.35,saline,estimated
MOR002,2019,1,24.4,0.0,moderate,estimated
MOR002,2019,2,24.4,0.0,moderate,estimated
MOR002,2019,3,24.4,0.0,moderate,estimated
MOR002,2019,4,26.0,0.0,saline,estimated
MOR002,2019,5,26.0,0.0,saline,estimated
MOR002,2019,6,26.0,0.0,saline,estimated
MOR002,2019,7,24.4,0.0,moderate,estimated
MOR002,2019,8,24.4,0.0,moderate,estimated
MOR002,2019,9,23.0,0.0,moderate,estimated
MOR002,2019,10,23.0,0.0,moderate,estimated
MOR002,2019,11,23.0,0.0,moderate,estimated
MOR002,2019,12,24.4,0.0,moderate,estimated
MOR002,2020,1,24.75,0.35,moderate,estimated
MOR002,2020,2,24.75,0.35,moderate,estimated
MOR002,2020,3,24.75,0.35,moderate,estimated
MOR002,2020,4,26.35,0.35,saline,estimated
MOR002,2020,5,26.35,0.35,saline,estimated
MOR002,2020,6,26.35,0.35,saline,estimated
MOR002,2020,7,24.75,0.35,moderate,estimated
MOR002,2020,8,24.75,0.35,moderate,estimated
MOR002,2020,9,23.35,0.35,moderate,estimated
MOR002,2020,10,23.35,0.35,moderate,estimated
MOR002,2020,11,23.35,0.35,moderate,estimated
MOR002,2020,12,24.75,0.35,moderate,estimated
MOR002,2021,1,25.1,0.35,saline,estimated
MOR002,2021,2,25.1,0.35,saline,estimated
MOR002,2021,3,25.1,0.35,saline,estimated
MOR002,2021,4,26.7,0.35,saline,estimated
MOR002,2021,5,26.7,0.35,saline,estimated
MOR002,2021,6,26.7,0.35,saline,estimated
MOR002,2021,7,25.1,0.35,saline,estimated
MOR002,2021,8,25.1,0.35,saline,estimated
MOR002,2021,9,23.7,0.35,moderate,estimated
MOR002,2021,10,23.7,0.35,moderate,estimated
MOR002,2021,11,23.7,0.35,moderate,estimated
MOR002,2021,12,25.1,0.35,saline,estimated
MOR002,2022,1,25.45,0.35,saline,estimated
MOR002,2022,2,25.45,0.35,saline,estimated
MOR002,2022,3,25.45,0.35,saline,estimated
MOR002,2022,4,27.05,0.35,saline,estimated
MOR002,2022,5,27.05,0.35,saline,estimated
MOR002,2022,6,27.05,0.35,saline,estimated
MOR002,2022,7,25.45,0.35,saline,estimated
MOR002,2022,8,25.45,0.35,saline,estimated
MOR002,2022,9,24.05,0.35,moderate,estimated
MOR002,2022,10,24.05,0.35,moderate,estimated
MOR002,2022,11,24.05,0.35,moderate,estimated
MOR002,2022,12,25.45,0.35,saline,estimated
MOR002,2023,1,25.8,0.35,saline,estimated
MOR002,2023,2,25.8,0.35,saline,estimated
MOR002,2023,3,25.8,0.35,saline,estimated
MOR002,2023,4,27.4,0.35,saline,estimated
MOR002,2023,5,27.4,0.35,saline,estimated
MOR002,2023,6,27.4,0.35,saline,estimated
MOR002,2023,7,25.8,0.35,saline,estimated
MOR002,2023,8,25.8,0.35,saline,estimated
MOR002,2023,9,24.4,0.35,moderate,estimated
MOR002,2023,10,24.4,0.35,moderate,estimated
MOR002,2023,11,24.4,0.35,moderate,estimated
MOR002,2023,12,25.8,0.35,saline,estimated
MOR002,2024,1,26.15,0.35,saline,estimated
MOR002,2024,2,26.15,0.35,saline,estimated
MOR002,2024,3,26.15,0.35,saline,estimated
MOR002,2024,4,27.75,0.35,saline,estimated
MOR002,2024,5,27.75,0.35,saline,estimated
MOR002,2024,6,27.75,0.35,saline,estimated
MOR002,2024,7,26.15,0.35,saline,estimated
MOR002,2024,8,26.15,0.35,saline,estimated
MOR002,2024,9,24.75,0.35,moderate,estimated
MOR002,2024,10,24.75,0.35,moderate,estimated
MOR002,2024,11,24.75,0.35,moderate,estimated
MOR002,2024,12,26.15,0.35,saline,estimated
MOR003,2019,1,26.7,0.0,saline,estimated
MOR003,2019,2,26.7,0.0,saline,estimated
MOR003,2019,3,26.7,0.0,saline,estimated
MOR003,2019,4,28.3,0.0,saline,estimated
MOR003,2019,5,28.3,0.0,saline,estimated
MOR003,2019,6,28.3,0.0,saline,estimated
MOR003,2019,7,26.7,0.0,saline,estimated
MOR003,2019,8,26.7,0.0,saline,estimated
MOR003,2019,9,25.3,0.0,saline,estimated
MOR003,2019,10,25.3,0.0,saline,estimated
MOR003,2019,11,25.3,0.0,saline,estimated
MOR003,2019,12,26.7,0.0,saline,estimated
MOR003,2020,1,27.05,0.35,saline,estimated
MOR003,2020,2,27.05,0.35,saline,estimated
MOR003,2020,3,27.05,0.35,saline,estimated
MOR003,2020,4,28.65,0.35,saline,estimated
MOR003,2020,5,28.65,0.35,saline,estimated
MOR003,2020,6,28.65,0.35,saline,estimated
MOR003,2020,7,27.05,0.35,saline,estimated
MOR003,2020,8,27.05,0.35,saline,estimated
MOR003,2020,9,25.65,0.35,saline,estimated
MOR003,2020,10,25.65,0.35,saline,estimated
MOR003,2020,11,25.65,0.35,saline,estimated
MOR003,2020,12,27.05,0.35,saline,estimated
MOR003,2021,1,27.4,0.35,saline,estimated
MOR003,2021,2,27.4,0.35,saline,estimated
MOR003,2021,3,27.4,0.35,saline,estimated
MOR003,2021,4,29.0,0.35,saline,estimated
MOR003,2021,5,29.0,0.35,saline,estimated
MOR003,2021,6,29.0,0.35,saline,estimated
MOR003,2021,7,27.4,0.35,saline,estimated
MOR003,2021,8,27.4,0.35,saline,estimated
MOR003,2021,9,26.0,0.35,saline,estimated
MOR003,2021,10,26.0,0.35,saline,estimated
MOR003,2021,11,26.0,0.35,saline,estimated
MOR003,2021,12,27.4,0.35,saline,estimated
MOR003,2022,1,27.75,0.35,saline,estimated
MOR003,2022,2,27.75,0.35,saline,estimated
MOR003,2022,3,27.75,0.35,saline,estimated
MOR003,2022,4,29.35,0.35,saline,estimated
MOR003,2022,5,29.35,0.35,saline,estimated
MOR003,2022,6,29.35,0.35,saline,estimated
MOR003,2022,7,27.75,0.35,saline,estimated
MOR003,2022,8,27.75,0.35,saline,estimated
MOR003,2022,9,26.35,0.35,saline,estimated
MOR003,2022,10,26.35,0.35,saline,estimated
MOR003,2022,11,26.35,0.35,saline,estimated
MOR003,2022,12,27.75,0.35,saline,estimated
MOR003,2023,1,28.1,0.35,saline,estimated
MOR003,2023,2,28.1,0.35,saline,estimated
MOR003,2023,3,28.1,0.35,saline,estimated
MOR003,2023,4,29.7,0.35,saline,estimated
MOR003,2023,5,29.7,0.35,saline,estimated
MOR003,2023,6,29.7,0.35,saline,estimated
MOR003,2023,7,28.1,0.35,saline,estimated
MOR003,2023,8,28.1,0.35,saline,estimated
MOR003,2023,9,26.7,0.35,saline,estimated
MOR003,2023,10,26.7,0.35,saline,estimated
MOR003,2023,11,26.7,0.35,saline,estimated
MOR003,2023,12,28.1,0.35,saline,estimated
MOR003,2024,1,28.45,0.35,saline,estimated
MOR003,2024,2,28.45,0.35,saline,estimated
MOR003,2024,3,28.45,0.35,saline,estimated
MOR003,2024,4,30.05,0.35,saline,estimated
MOR003,2024,5,30.05,0.35,saline,estimated
MOR003,2024,6,30.05,0.35,saline,estimated
MOR003,2024,7,28.45,0.35,saline,estimated
MOR003,2024,8,28.45,0.35,saline,estimated
MOR003,2024,9,27.05,0.35,saline,estimated
MOR003,2024,10,27.05,0.35,saline,estimated
MOR003,2024,11,27.05,0.35,saline,estimated
MOR003,2024,12,28.45,0.35,saline,estimated
MOR004,2019,1,28.3,0.0,saline,estimated
MOR004,2019,2,28.3,0.0,saline,estimated
MOR004,2019,3,28.3,0.0,saline,estimated
MOR004,2019,4,29.9,0.0,saline,estimated
MOR004,2019,5,29.9,0.0,saline,estimated
MOR004,2019,6,29.9,0.0,saline,estimated
MOR004,2019,7,28.3,0.0,saline,estimated
MOR004,2019,8,28.3,0.0,saline,estimated
MOR004,2019,9,26.9,0.0,saline,estimated
MOR004,2019,10,26.9,0.0,saline,estimated
MOR004,2019,11,26.9,0.0,saline,estimated
MOR004,2019,12,28.3,0.0,saline,estimated
MOR004,2020,1,28.65,0.35,saline,estimated
MOR004,2020,2,28.65,0.35,saline,estimated
MOR004,2020,3,28.65,0.35,saline,estimated
MOR004,2020,4,30.25,0.35,saline,estimated
MOR004,2020,5,30.25,0.35,saline,estimated
MOR004,2020,6,30.25,0.35,saline,estimated
MOR004,2020,7,28.65,0.35,saline,estimated
MOR004,2020,8,28.65,0.35,saline,estimated
MOR004,2020,9,27.25,0.35,saline,estimated
MOR004,2020,10,27.25,0.35,saline,estimated
MOR004,2020,11,27.25,0.35,saline,estimated
MOR004,2020,12,28.65,0.35,saline,estimated
MOR004,2021,1,29.0,0.35,saline,estimated
MOR004,2021,2,29.0,0.35,saline,estimated
MOR004,2021,3,29.0,0.35,saline,estimated
MOR004,2021,4,30.6,0.35,saline,estimated
MOR004,2021,5,30.6,0.35,saline,estimated
MOR004,2021,6,30.6,0.35,saline,estimated
MOR004,2021,7,29.0,0.35,saline,estimated
MOR004,2021,8,29.0,0.35,saline,estimated
MOR004,2021,9,27.6,0.35,saline,estimated
MOR004,2021,10,27.6,0.35,saline,estimated
MOR004,2021,11,27.6,0.35,saline,estimated
MOR004,2021,12,29.0,0.35,saline,estimated
MOR004,2022,1,29.35,0.35,saline,estimated
MOR004,2022,2,29.35,0.35,saline,estimated
MOR004,2022,3,29.35,0.35,saline,estimated
MOR004,2022,4,30.95,0.35,saline,estimated
MOR004,2022,5,30.95,0.35,saline,estimated
MOR004,2022,6,30.95,0.35,saline,estimated
MOR004,2022,7,29.35,0.35,saline,estimated
MOR004,2022,8,29.35,0.35,saline,estimated
MOR004,2022,9,27.95,0.35,saline,estimated
MOR004,2022,10,27.95,0.35,saline,estimated
MOR004,2022,11,27.95,0.35,saline,estimated
MOR004,2022,12,29.35,0.35,saline,estimated
MOR004,2023,1,29.7,0.35,saline,estimated
MOR004,2023,2,29.7,0.35,saline,estimated
MOR004,2023,3,29.7,0.35,saline,estimated
MOR004,2023,4,31.3,0.35,saline,estimated
MOR004,2023,5,31.3,0.35,saline,estimated
MOR004,2023,6,31.3,0.35,saline,estimated
MOR004,2023,7,29.7,0.35,saline,estimated
MOR004,2023,8,29.7,0.35,saline,estimated
MOR004,2023,9,28.3,0.35,saline,estimated
MOR004,2023,10,28.3,0.35,saline,estimated
MOR004,2023,11,28.3,0.35,saline,estimated
MOR004,2023,12,29.7,0.35,saline,estimated
MOR004,2024,1,30.05,0.35,saline,estimated
MOR004,2024,2,30.05,0.35,saline,estimated
MOR004,2024,3,30.05,0.35,saline,estimated
MOR004,2024,4,31.65,0.35,saline,estimated
MOR004,2024,5,31.65,0.35,saline,estimated
MOR004,2024,6,31.65,0.35,saline,estimated
MOR004,2024,7,30.05,0.35,saline,estimated
MOR004,2024,8,30.05,0.35,saline,estimated
MOR004,2024,9,28.65,0.35,saline,estimated
MOR004,2024,10,28.65,0.35,saline,estimated
MOR004,2024,11,28.65,0.35,saline,estimated
MOR004,2024,12,30.05,0.35,saline,estimated
PBD001,2019,1,13.4,0.0,good,estimated
PBD001,2019,2,13.4,0.0,good,estimated
PBD001,2019,3,13.4,0.0,good,estimated
PBD001,2019,4,15.0,0.0,good,estimated
PBD001,2019,5,15.0,0.0,good,estimated
PBD001,2019,6,15.0,0.0,good,estimated
PBD001,2019,7,13.4,0.0,good,estimated
PBD001,2019,8,13.4,0.0,good,estimated
PBD001,2019,9,12.0,0.0,good,estimated
PBD001,2019,10,12.0,0.0,good,estimated
PBD001,2019,11,12.0,0.0,good,estimated
PBD001,2019,12,13.4,0.0,good,estimated
PBD001,2020,1,13.75,0.35,good,estimated
PBD001,2020,2,13.75,0.35,good,estimated
PBD001,2020,3,13.75,0.35,good,estimated
PBD001,2020,4,15.35,0.35,good,estimated
PBD001,2020,5,15.35,0.35,good,estimated
PBD001,2020,6,15.35,0.35,good,estimated
PBD001,2020,7,13.75,0.35,good,estimated
PBD001,2020,8,13.75,0.35,good,estimated
PBD001,2020,9,12.35,0.35,good,estimated
PBD001,2020,10,12.35,0.35,good,estimated
PBD001,2020,11,12.35,0.35,good,estimated
PBD001,2020,12,13.75,0.35,good,estimated
PBD001,2021,1,14.1,0.35,good,estimated
PBD001,2021,2,14.1,0.35,good,estimated
PBD001,2021,3,14.1,0.35,good,estimated
PBD001,2021,4,15.7,0.35,good,estimated
PBD001,2021,5,15.7,0.35,good,estimated
PBD001,2021,6,15.7,0.35,good,estimated
PBD001,2021,7,14.1,0.35,good,estimated
PBD001,2021,8,14.1,0.35,good,estimated
PBD001,2021,9,12.7,0.35,good,estimated
PBD001,2021,10,12.7,0.35,good,estimated
PBD001,2021,11,12.7,0.35,good,estimated
PBD001,2021,12,14.1,0.35,good,estimated
PBD001,2022,1,14.45,0.35,good,estimated
PBD001,2022,2,14.45,0.35,good,estimated
PBD001,2022,3,14.45,0.35,good,estimated
PBD001,2022,4,16.05,0.35,good,estimated
PBD001,2022,5,16.05,0.35,good,estimated
PBD001,2022,6,16.05,0.35,good,estimated
PBD001,2022,7,14.45,0.35,good,estimated
PBD001,2022,8,14.45,0.35,good,estimated
PBD001,2022,9,13.05,0.35,good,estimated
PBD001,2022,10,13.05,0.35,good,estimated
PBD001,2022,11,13.05,0.35,good,estimated
PBD001,2022,12,14.45,0.35,good,estimated
PBD001,2023,1,14.8,0.35,good,estimated
PBD001,2023,2,14.8,0.35,good,estimated
PBD001,2023,3,14.8,0.35,good,estimated
PBD001,2023,4,16.4,0.35,good,estimated
PBD001,2023,5,16.4,0.35,good,estimated
PBD001,2023,6,16.4,0.35,good,estimated
PBD001,2023,7,14.8,0.35,good,estimated
PBD001,2023,8,14.8,0.35,good,estimated
PBD001,2023,9,13.4,0.35,good,estimated
PBD001,2023,10,13.4,0.35,good,estimated
PBD001,2023,11,13.4,0.35,good,estimated
PBD001,2023,12,14.8,0.35,good,estimated
PBD001,2024,1,15.15,0.35,good,estimated
PBD001,2024,2,15.15,0.35,good,estimated
PBD001,2024,3,15.15,0.35,good,estimated
PBD001,2024,4,16.75,0.35,good,estimated
PBD001,2024,5,16.75,0.35,good,estimated
PBD001,2024,6,16.75,0.35,good,estimated
PBD001,2024,7,15.15,0.35,good,estimated
PBD001,2024,8,15.15,0.35,good,estimated
PBD001,2024,9,13.75,0.35,good,estimated
PBD001,2024,10,13.75,0.35,good,estimated
PBD001,2024,11,13.75,0.35,good,estimated
PBD001,2024,12,15.15,0.35,good,estimated
PBD002,2019,1,13.0,0.0,good,estimated
PBD002,2019,2,13.0,0.0,good,estimated
PBD002,2019,3,13.0,0.0,good,estimated
PBD002,2019,4,14.6,0.0,good,estimated
PBD002,2019,5,14.6,0.0,good,estimated
PBD002,2019,6,14.6,0.0,good,estimated
PBD002,2019,7,13.0,0.0,good,estimated
PBD002,2019,8,13.0,0.0,good,estimated
PBD002,2019,9,11.6,0.0,good,estimated
PBD002,2019,10,11.6,0.0,good,estimated
PBD002,2019,11,11.6,0.0,good,estimated
PBD002,2019,12,13.0,0.0,good,estimated
PBD002,2020,1,13.35,0.35,good,estimated
PBD002,2020,2,13.35,0.35,good,estimated
PBD002,2020,3,13.35,0.35,good,estimated
PBD002,2020,4,14.95,0.35,good,estimated
PBD002,2020,5,14.95,0.35,good,estimated
PBD002,2020,6,14.95,0.35,good,estimated
PBD002,2020,7,13.35,0.35,good,estimated
PBD002,2020,8,13.35,0.35,good,estimated
PBD002,2020,9,11.95,0.35,good,estimated
PBD002,2020,10,11.95,0.35,good,estimated
PBD002,2020,11,11.95,0.35,good,estimated
PBD002,2020,12,13.35,0.35,good,estimated
PBD002,2021,1,13.7,0.35,good,estimated
PBD002,2021,2,13.7,0.35,good,estimated
PBD002,2021,3,13.7,0.35,good,estimated
PBD002,2021,4,15.3,0.35,good,estimated
PBD002,2021,5,15.3,0.35,good,estimated
PBD002,2021,6,15.3,0.35,good,estimated
PBD002,2021,7,13.7,0.35,good,estimated
PBD002,2021,8,13.7,0.35,good,estimated
PBD002,2021,9,12.3,0.35,good,estimated
PBD002,2021,10,12.3,0.35,good,estimated
PBD002,2021,11,12.3,0.35,good,estimated
PBD002,2021,12,13.7,0.35,good,estimated
PBD002,2022,1,14.05,0.35,good,estimated
PBD002,2022,2,14.05,0.35,good,estimated
PBD002,2022,3,14.05,0.35,good,estimated
PBD002,2022,4,15.65,0.35,good,estimated
PBD002,2022,5,15.65,0.35,good,estimated
PBD002,2022,6,15.65,0.35,good,estimated
PBD002,2022,7,14.05,0.35,good,estimated
PBD002,2022,8,14.05,0.35,good,estimated
PBD002,2022,9,12.65,0.35,good,estimated
PBD002,2022,10,12.65,0.35,good,estimated
PBD002,2022,11,12.65,0.35,good,estimated
PBD002,2022,12,14.05,0.35,good,estimated
PBD002,2023,1,14.4,0.35,good,estimated
PBD002,2023,2,14.4,0.35,good,estimated
PBD002,2023,3,14.4,0.35,good,estimated
PBD002,2023,4,16.0,0.35,good,estimated
PBD002,2023,5,16.0,0.35,good,estimated
PBD002,2023,6,16.0,0.35,good,estimated
PBD002,2023,7,14.4,0.35,good,estimated
PBD002,2023,8,14.4,0.35,good,estimated
PBD002,2023,9,13.0,0.35,good,estimated
PBD002,2023,10,13.0,0.35,good,estimated
PBD002,2023,11,13.0,0.35,good,estimated
PBD002,2023,12,14.4,0.35,good,estimated
PBD002,2024,1,14.75,0.35,good,estimated
PBD002,2024,2,14.75,0.35,good,estimated
PBD002,2024,3,14.75,0.35,good,estimated
PBD002,2024,4,16.35,0.35,good,estimated
PBD002,2024,5,16.35,0.35,good,estimated
PBD002,2024,6,16.35,0.35,good,estimated
PBD002,2024,7,14.75,0.35,good,estimated
PBD002,2024,8,14.75,0.35,good,estimated
PBD002,2024,9,13.35,0.35,good,estimated
PBD002,2024,10,13.35,0.35,good,estimated
PBD002,2024,11,13.35,0.35,good,estimated
PBD002,2024,12,14.75,0.35,good,estimated
PBD003,2019,1,12.1,0.0,good,estimated
PBD003,2019,2,12.1,0.0,good,estimated
PBD003,2019,3,12.1,0.0,good,estimated
PBD003,2019,4,13.7,0.0,good,estimated
PBD003,2019,5,13.7,0.0,good,estimated
PBD003,2019,6,13.7,0.0,good,estimated
PBD003,2019,7,12.1,0.0,good,estimated
PBD003,2019,8,12.1,0.0,good,estimated
PBD003,2019,9,10.7,0.0,good,estimated
PBD003,2019,10,10.7,0.0,good,estimated
PBD003,2019,11,10.7,0.0,good,estimated
PBD003,2019,12,12.1,0.0,good,estimated
PBD003,2020,1,12.45,0.35,good,estimated
PBD003,2020,2,12.45,0.35,good,estimated
PBD003,2020,3,12.45,0.35,good,estimated
PBD003,2020,4,14.05,0.35,good,estimated
PBD003,2020,5,14.05,0.35,good,estimated
PBD003,2020,6,14.05,0.35,good,estimated
PBD003,2020,7,12.45,0.35,good,estimated
PBD003,2020,8,12.45,0.35,good,estimated
PBD003,2020,9,11.05,0.35,good,estimated
PBD003,2020,10,11.05,0.35,good,estimated
PBD003,2020,11,11.05,0.35,good,estimated
PBD003,2020,12,12.45,0.35,good,estimated
PBD003,2021,1,12.8,0.35,good,estimated
PBD003,2021,2,12.8,0.35,good,estimated
PBD003,2021,3,12.8,0.35,good,estimated
PBD003,2021,4,14.4,0.35,good,estimated
PBD003,2021,5,14.4,0.35,good,estimated
PBD003,2021,6,14.4,0.35,good,estimated
PBD003,2021,7,12.8,0.35,good,estimated
PBD003,2021,8,12.8,0.35,good,estimated
PBD003,2021,9,11.4,0.35,good,estimated
PBD003,2021,10,11.4,0.35,good,estimated
PBD003,2021,11,11.4,0.35,good,estimated
PBD003,2021,12,12.8,0.35,good,estimated
PBD003,2022,1,13.15,0.35,good,estimated
PBD003,2022,2,13.15,0.35,good,estimated
PBD003,2022,3,13.15,0.35,good,estimated
PBD003,2022,4,14.75,0.35,good,estimated
PBD003,2022,5,14.75,0.35,good,estimated
PBD003,2022,6,14.75,0.35,good,estimated
PBD003,2022,7,13.15,0.35,good,estimated
PBD003,2022,8,13.15,0.35,good,estimated
PBD003,2022,9,11.75,0.35,good,estimated
PBD003,2022,10,11.75,0.35,good,estimated
PBD003,2022,11,11.75,0.35,good,estimated
PBD003,2022,12,13.15,0.35,good,estimated
PBD003,2023,1,13.5,0.35,good,estimated
PBD003,2023,2,13.5,0.35,good,estimated
PBD003,2023,3,13.5,0.35,good,estimated
PBD003,2023,4,15.1,0.35,good,estimated
PBD003,2023,5,15.1,0.35,good,estimated
PBD003,2023,6,15.1,0.35,good,estimated
PBD003,2023,7,13.5,0.35,good,estimated
PBD003,2023,8,13.5,0.35,good,estimated
PBD003,2023,9,12.1,0.35,good,estimated
PBD003,2023,10,12.1,0.35,good,estimated
PBD003,2023,11,12.1,0.35,good,estimated
PBD003,2023,12,13.5,0.35,good,estimated
PBD003,2024,1,13.85,0.35,good,estimated
PBD003,2024,2,13.85,0.35,good,estimated
PBD003,2024,3,13.85,0.35,good,estimated
PBD003,2024,4,15.45,0.35,good,estimated
PBD003,2024,5,15.45,0.35,good,estimated
PBD003,2024,6,15.45,0.35,good,estimated
PBD003,2024,7,13.85,0.35,good,estimated
PBD003,2024,8,13.85,0.35,good,estimated
PBD003,2024,9,12.45,0.35,good,estimated
PBD003,2024,10,12.45,0.35,good,estimated
PBD003,2024,11,12.45,0.35,good,estimated
PBD003,2024,12,13.85,0.35,good,estimated
DWK001,2019,1,20.6,0.0,moderate,estimated
DWK001,2019,2,20.6,0.0,moderate,estimated
DWK001,2019,3,20.6,0.0,moderate,estimated
DWK001,2019,4,22.2,0.0,moderate,estimated
DWK001,2019,5,22.2,0.0,moderate,estimated
DWK001,2019,6,22.2,0.0,moderate,estimated
DWK001,2019,7,20.6,0.0,moderate,estimated
DWK001,2019,8,20.6,0.0,moderate,estimated
DWK001,2019,9,19.2,0.0,moderate,estimated
DWK001,2019,10,19.2,0.0,moderate,estimated
DWK001,2019,11,19.2,0.0,moderate,estimated
DWK001,2019,12,20.6,0.0,moderate,estimated
DWK001,2020,1,20.95,0.35,moderate,estimated
DWK001,2020,2,20.95,0.35,moderate,estimated
DWK001,2020,3,20.95,0.35,moderate,estimated
DWK001,2020,4,22.55,0.35,moderate,estimated
DWK001,2020,5,22.55,0.35,moderate,estimated
DWK001,2020,6,22.55,0.35,moderate,estimated
DWK001,2020,7,20.95,0.35,moderate,estimated
DWK001,2020,8,20.95,0.35,moderate,estimated
DWK001,2020,9,19.55,0.35,moderate,estimated
DWK001,2020,10,19.55,0.35,moderate,estimated
DWK001,2020,11,19.55,0.35,moderate,estimated
DWK001,2020,12,20.95,0.35,moderate,estimated
DWK001,2021,1,21.3,0.35,moderate,estimated
DWK001,2021,2,21.3,0.35,moderate,estimated
DWK001,2021,3,21.3,0.35,moderate,estimated
DWK001,2021,4,22.9,0.35,moderate,estimated
DWK001,2021,5,22.9,0.35,moderate,estimated
DWK001,2021,6,22.9,0.35,moderate,estimated
DWK001,2021,7,21.3,0.35,moderate,estimated
DWK001,2021,8,21.3,0.35,moderate,estimated
DWK001,2021,9,19.9,0.35,moderate,estimated
DWK001,2021,10,19.9,0.35,moderate,estimated
DWK001,2021,11,19.9,0.35,moderate,estimated
DWK001,2021,12,21.3,0.35,moderate,estimated
DWK001,2022,1,21.65,0.35,moderate,estimated
DWK001,2022,2,21.65,0.35,moderate,estimated
DWK001,2022,3,21.65,0.35,moderate,estimated
DWK001,2022,4,23.25,0.35,moderate,estimated
DWK001,2022,5,23.25,0.35,moderate,estimated
DWK001,2022,6,23.25,0.35,moderate,estimated
DWK001,2022,7,21.65,0.35,moderate,estimated
DWK001,2022,8,21.65,0.35,moderate,estimated
DWK001,2022,9,20.25,0.35,moderate,estimated
DWK001,2022,10,20.25,0.35,moderate,estimated
DWK001,2022,11,20.25,0.35,moderate,estimated
DWK001,2022,12,21.65,0.35,moderate,estimated
DWK001,2023,1,22.0,0.35,moderate,estimated
DWK001,2023,2,22.0,0.35,moderate,estimated
DWK001,2023,3,22.0,0.35,moderate,estimated
DWK001,2023,4,23.6,0.35,moderate,estimated
DWK001,2023,5,23.6,0.35,moderate,estimated
DWK001,2023,6,23.6,0.35,moderate,estimated
DWK001,2023,7,22.0,0.35,moderate,estimated
DWK001,2023,8,22.0,0.35,moderate,estimated
DWK001,2023,9,20.6,0.35,moderate,estimated
DWK001,2023,10,20.6,0.35,moderate,estimated
DWK001,2023,11,20.6,0.35,moderate,estimated
DWK001,2023,12,22.0,0.35,moderate,estimated
DWK001,2024,1,22.35,0.35,moderate,estimated
DWK001,2024,2,22.35,0.35,moderate,estimated
DWK001,2024,3,22.35,0.35,moderate,estimated
DWK001,2024,4,23.95,0.35,moderate,estimated
DWK001,2024,5,23.95,0.35,moderate,estimated
DWK001,2024,6,23.95,0.35,moderate,estimated
DWK001,2024,7,22.35,0.35,moderate,estimated
DWK001,2024,8,22.35,0.35,moderate,estimated
DWK001,2024,9,20.95,0.35,moderate,estimated
DWK001,2024,10,20.95,0.35,moderate,estimated
DWK001,2024,11,20.95,0.35,moderate,estimated
DWK001,2024,12,22.35,0.35,moderate,estimated
DWK002,2019,1,20.0,0.0,moderate,estimated
DWK002,2019,2,20.0,0.0,moderate,estimated
DWK002,2019,3,20.0,0.0,moderate,estimated
DWK002,2019,4,21.6,0.0,moderate,estimated
DWK002,2019,5,21.6,0.0,moderate,estimated
DWK002,2019,6,21.6,0.0,moderate,estimated
DWK002,2019,7,20.0,0.0,moderate,estimated
DWK002,2019,8,20.0,0.0,moderate,estimated
DWK002,2019,9,18.6,0.0,moderate,estimated
DWK002,2019,10,18.6,0.0,moderate,estimated
DWK002,2019,11,18.6,0.0,moderate,estimated
DWK002,2019,12,20.0,0.0,moderate,estimated
DWK002,2020,1,20.35,0.35,moderate,estimated
DWK002,2020,2,20.35,0.35,moderate,estimated
DWK002,2020,3,20.35,0.35,moderate,estimated
DWK002,2020,4,21.95,0.35,moderate,estimated
DWK002,2020,5,21.95,0.35,moderate,estimated
DWK002,2020,6,21.95,0.35,moderate,estimated
DWK002,2020,7,20.35,0.35,moderate,estimated
DWK002,2020,8,20.35,0.35,moderate,estimated
DWK002,2020,9,18.95,0.35,moderate,estimated
DWK002,2020,10,18.95,0.35,moderate,estimated
DWK002,2020,11,18.95,0.35,moderate,estimated
DWK002,2020,12,20.35,0.35,moderate,estimated
DWK002,2021,1,20.7,0.35,moderate,estimated
DWK002,2021,2,20.7,0.35,moderate,estimated
DWK002,2021,3,20.7,0.35,moderate,estimated
DWK002,2021,4,22.3,0.35,moderate,estimated
DWK002,2021,5,22.3,0.35,moderate,estimated
DWK002,2021,6,22.3,0.35,moderate,estimated
DWK002,2021,7,20.7,0.35,moderate,estimated
DWK002,2021,8,20.7,0.35,moderate,estimated
DWK002,2021,9,19.3,0.35,moderate,estimated
DWK002,2021,10,19.3,0.35,moderate,estimated
DWK002,2021,11,19.3,0.35,moderate,estimated
DWK002,2021,12,20.7,0.35,moderate,estimated
DWK002,2022,1,21.05,0.35,moderate,estimated
DWK002,2022,2,21.05,0.35,moderate,estimated
DWK002,2022,3,21.05,0.35,moderate,estimated
DWK002,2022,4,22.65,0.35,moderate,estimated
DWK002,2022,5,22.65,0.35,moderate,estimated
DWK002,2022,6,22.65,0.35,moderate,estimated
DWK002,2022,7,21.05,0.35,moderate,estimated
DWK002,2022,8,21.05,0.35,moderate,estimated
DWK002,2022,9,19.65,0.35,moderate,estimated
DWK002,2022,10,19.65,0.35,moderate,estimated
DWK002,2022,11,19.65,0.35,moderate,estimated
DWK002,2022,12,21.05,0.35,moderate,estimated
DWK002,2023,1,21.4,0.35,moderate,estimated
DWK002,2023,2,21.4,0.35,moderate,estimated
DWK002,2023,3,21.4,0.35,moderate,estimated
DWK002,2023,4,23.0,0.35,moderate,estimated
DWK002,2023,5,23.0,0.35,moderate,estimated
DWK002,2023,6,23.0,0.35,moderate,estimated
DWK002,2023,7,21.4,0.35,moderate,estimated
DWK002,2023,8,21.4,0.35,moderate,estimated
DWK002,2023,9,20.0,0.35,moderate,estimated
DWK002,2023,10,20.0,0.35,moderate,estimated
DWK002,2023,11,20.0,0.35,moderate,estimated
DWK002,2023,12,21.4,0.35,moderate,estimated
DWK002,2024,1,21.75,0.35,moderate,estimated
DWK002,2024,2,21.75,0.35,moderate,estimated
DWK002,2024,3,21.75,0.35,moderate,estimated
DWK002,2024,4,23.35,0.35,moderate,estimated
DWK002,2024,5,23.35,0.35,moderate,estimated
DWK002,2024,6,23.35,0.35,moderate,estimated
DWK002,2024,7,21.75,0.35,moderate,estimated
DWK002,2024,8,21.75,0.35,moderate,estimated
DWK002,2024,9,20.35,0.35,moderate,estimated
DWK002,2024,10,20.35,0.35,moderate,estimated
DWK002,2024,11,20.35,0.35,moderate,estimated
DWK002,2024,12,21.75,0.35,moderate,estimated
DWK003,2019,1,19.1,0.0,moderate,estimated
DWK003,2019,2,19.1,0.0,moderate,estimated
DWK003,2019,3,19.1,0.0,moderate,estimated
DWK003,2019,4,20.7,0.0,moderate,estimated
DWK003,2019,5,20.7,0.0,moderate,estimated
DWK003,2019,6,20.7,0.0,moderate,estimated
DWK003,2019,7,19.1,0.0,moderate,estimated
DWK003,2019,8,19.1,0.0,moderate,estimated
DWK003,2019,9,17.7,0.0,good,estimated
DWK003,2019,10,17.7,0.0,good,estimated
DWK003,2019,11,17.7,0.0,good,estimated
DWK003,2019,12,19.1,0.0,moderate,estimated
DWK003,2020,1,19.45,0.35,moderate,estimated
DWK003,2020,2,19.45,0.35,moderate,estimated
DWK003,2020,3,19.45,0.35,moderate,estimated
DWK003,2020,4,21.05,0.35,moderate,estimated
DWK003,2020,5,21.05,0.35,moderate,estimated
DWK003,2020,6,21.05,0.35,moderate,estimated
DWK003,2020,7,19.45,0.35,moderate,estimated
DWK003,2020,8,19.45,0.35,moderate,estimated
DWK003,2020,9,18.05,0.35,moderate,estimated
DWK003,2020,10,18.05,0.35,moderate,estimated
DWK003,2020,11,18.05,0.35,moderate,estimated
DWK003,2020,12,19.45,0.35,moderate,estimated
DWK003,2021,1,19.8,0.35,moderate,estimated
DWK003,2021,2,19.8,0.35,moderate,estimated
DWK003,2021,3,19.8,0.35,moderate,estimated
DWK003,2021,4,21.4,0.35,moderate,estimated
DWK003,2021,5,21.4,0.35,moderate,estimated
DWK003,2021,6,21.4,0.35,moderate,estimated
DWK003,2021,7,19.8,0.35,moderate,estimated
DWK003,2021,8,19.8,0.35,moderate,estimated
DWK003,2021,9,18.4,0.35,moderate,estimated
DWK003,2021,10,18.4,0.35,moderate,estimated
DWK003,2021,11,18.4,0.35,moderate,estimated
DWK003,2021,12,19.8,0.35,moderate,estimated
DWK003,2022,1,20.15,0.35,moderate,estimated
DWK003,2022,2,20.15,0.35,moderate,estimated
DWK003,2022,3,20.15,0.35,moderate,estimated
DWK003,2022,4,21.75,0.35,moderate,estimated
DWK003,2022,5,21.75,0.35,moderate,estimated
DWK003,2022,6,21.75,0.35,moderate,estimated
DWK003,2022,7,20.15,0.35,moderate,estimated
DWK003,2022,8,20.15,0.35,moderate,estimated
DWK003,2022,9,18.75,0.35,moderate,estimated
DWK003,2022,10,18.75,0.35,moderate,estimated
DWK003,2022,11,18.75,0.35,moderate,estimated
DWK003,2022,12,20.15,0.35,moderate,estimated
DWK003,2023,1,20.5,0.35,moderate,estimated
DWK003,2023,2,20.5,0.35,moderate,estimated
DWK003,2023,3,20.5,0.35,moderate,estimated
DWK003,2023,4,22.1,0.35,moderate,estimated
DWK003,2023,5,22.1,0.35,moderate,estimated
DWK003,2023,6,22.1,0.35,moderate,estimated
DWK003,2023,7,20.5,0.35,moderate,estimated
DWK003,2023,8,20.5,0.35,moderate,estimated
DWK003,2023,9,19.1,0.35,moderate,estimated
DWK003,2023,10,19.1,0.35,moderate,estimated
DWK003,2023,11,19.1,0.35,moderate,estimated
DWK003,2023,12,20.5,0.35,moderate,estimated
DWK003,2024,1,20.85,0.35,moderate,estimated
DWK003,2024,2,20.85,0.35,moderate,estimated
DWK003,2024,3,20.85,0.35,moderate,estimated
DWK003,2024,4,22.45,0.35,moderate,estimated
DWK003,2024,5,22.45,0.35,moderate,estimated
DWK003,2024,6,22.45,0.35,moderate,estimated
DWK003,2024,7,20.85,0.35,moderate,estimated
DWK003,2024,8,20.85,0.35,moderate,estimated
DWK003,2024,9,19.45,0.35,moderate,estimated
DWK003,2024,10,19.45,0.35,moderate,estimated
DWK003,2024,11,19.45,0.35,moderate,estimated
DWK003,2024,12,20.85,0.35,moderate,estimated
DWK004,2019,1,21.4,0.0,moderate,estimated
DWK004,2019,2,21.4,0.0,moderate,estimated
DWK004,2019,3,21.4,0.0,moderate,estimated
DWK004,2019,4,23.0,0.0,moderate,estimated
DWK004,2019,5,23.0,0.0,moderate,estimated
DWK004,2019,6,23.0,0.0,moderate,estimated
DWK004,2019,7,21.4,0.0,moderate,estimated
DWK004,2019,8,21.4,0.0,moderate,estimated
DWK004,2019,9,20.0,0.0,moderate,estimated
DWK004,2019,10,20.0,0.0,moderate,estimated
DWK004,2019,11,20.0,0.0,moderate,estimated
DWK004,2019,12,21.4,0.0,moderate,estimated
DWK004,2020,1,21.75,0.35,moderate,estimated
DWK004,2020,2,21.75,0.35,moderate,estimated
DWK004,2020,3,21.75,0.35,moderate,estimated
DWK004,2020,4,23.35,0.35,moderate,estimated
DWK004,2020,5,23.35,0.35,moderate,estimated
DWK004,2020,6,23.35,0.35,moderate,estimated
DWK004,2020,7,21.75,0.35,moderate,estimated
DWK004,2020,8,21.75,0.35,moderate,estimated
DWK004,2020,9,20.35,0.35,moderate,estimated
DWK004,2020,10,20.35,0.35,moderate,estimated
DWK004,2020,11,20.35,0.35,moderate,estimated
DWK004,2020,12,21.75,0.35,moderate,estimated
DWK004,2021,1,22.1,0.35,moderate,estimated
DWK004,2021,2,22.1,0.35,moderate,estimated
DWK004,2021,3,22.1,0.35,moderate,estimated
DWK004,2021,4,23.7,0.35,moderate,estimated
DWK004,2021,5,23.7,0.35,moderate,estimated
DWK004,2021,6,23.7,0.35,moderate,estimated
DWK004,2021,7,22.1,0.35,moderate,estimated
DWK004,2021,8,22.1,0.35,moderate,estimated
DWK004,2021,9,20.7,0.35,moderate,estimated
DWK004,2021,10,20.7,0.35,moderate,estimated
DWK004,2021,11,20.7,0.35,moderate,estimated
DWK004,2021,12,22.1,0.35,moderate,estimated
DWK004,2022,1,22.45,0.35,moderate,estimated
DWK004,2022,2,22.45,0.35,moderate,estimated
DWK004,2022,3,22.45,0.35,moderate,estimated
DWK004,2022,4,24.05,0.35,moderate,estimated
DWK004,2022,5,24.05,0.35,moderate,estimated
DWK004,2022,6,24.05,0.35,moderate,estimated
DWK004,2022,7,22.45,0.35,moderate,estimated
DWK004,2022,8,22.45,0.35,moderate,estimated
DWK004,2022,9,21.05,0.35,moderate,estimated
DWK004,2022,10,21.05,0.35,moderate,estimated
DWK004,2022,11,21.05,0.35,moderate,estimated
DWK004,2022,12,22.45,0.35,moderate,estimated
DWK004,2023,1,22.8,0.35,moderate,estimated
DWK004,2023,2,22.8,0.35,moderate,estimated
DWK004,2023,3,22.8,0.35,moderate,estimated
DWK004,2023,4,24.4,0.35,moderate,estimated
DWK004,2023,5,24.4,0.35,moderate,estimated
DWK004,2023,6,24.4,0.35,moderate,estimated
DWK004,2023,7,22.8,0.35,moderate,estimated
DWK004,2023,8,22.8,0.35,moderate,estimated
DWK004,2023,9,21.4,0.35,moderate,estimated
DWK004,2023,10,21.4,0.35,moderate,estimated
DWK004,2023,11,21.4,0.35,moderate,estimated
DWK004,2023,12,22.8,0.35,moderate,estimated
DWK004,2024,1,23.15,0.35,moderate,estimated
DWK004,2024,2,23.15,0.35,moderate,estimated
DWK004,2024,3,23.15,0.35,moderate,estimated
DWK004,2024,4,24.75,0.35,moderate,estimated
DWK004,2024,5,24.75,0.35,moderate,estimated
DWK004,2024,6,24.75,0.35,moderate,estimated
DWK004,2024,7,23.15,0.35,moderate,estimated
DWK004,2024,8,23.15,0.35,moderate,estimated
DWK004,2024,9,21.75,0.35,moderate,estimated
DWK004,2024,10,21.75,0.35,moderate,estimated
DWK004,2024,11,21.75,0.35,moderate,estimated
DWK004,2024,12,23.15,0.35,moderate,estimated
BTD001,2019,1,25.3,0.0,saline,estimated
BTD001,2019,2,25.3,0.0,saline,estimated
BTD001,2019,3,25.3,0.0,saline,estimated
BTD001,2019,4,26.9,0.0,saline,estimated
BTD001,2019,5,26.9,0.0,saline,estimated
BTD001,2019,6,26.9,0.0,saline,estimated
BTD001,2019,7,25.3,0.0,saline,estimated
BTD001,2019,8,25.3,0.0,saline,estimated
BTD001,2019,9,23.9,0.0,moderate,estimated
BTD001,2019,10,23.9,0.0,moderate,estimated
BTD001,2019,11,23.9,0.0,moderate,estimated
BTD001,2019,12,25.3,0.0,saline,estimated
BTD001,2020,1,25.65,0.35,saline,estimated
BTD001,2020,2,25.65,0.35,saline,estimated
BTD001,2020,3,25.65,0.35,saline,estimated
BTD001,2020,4,27.25,0.35,saline,estimated
BTD001,2020,5,27.25,0.35,saline,estimated
BTD001,2020,6,27.25,0.35,saline,estimated
BTD001,2020,7,25.65,0.35,saline,estimated
BTD001,2020,8,25.65,0.35,saline,estimated
BTD001,2020,9,24.25,0.35,moderate,estimated
BTD001,2020,10,24.25,0.35,moderate,estimated
BTD001,2020,11,24.25,0.35,moderate,estimated
BTD001,2020,12,25.65,0.35,saline,estimated
BTD001,2021,1,26.0,0.35,saline,estimated
BTD001,2021,2,26.0,0.35,saline,estimated
BTD001,2021,3,26.0,0.35,saline,estimated
BTD001,2021,4,27.6,0.35,saline,estimated
BTD001,2021,5,27.6,0.35,saline,estimated
BTD001,2021,6,27.6,0.35,saline,estimated
BTD001,2021,7,26.0,0.35,saline,estimated
BTD001,2021,8,26.0,0.35,saline,estimated
BTD001,2021,9,24.6,0.35,moderate,estimated
BTD001,2021,10,24.6,0.35,moderate,estimated
BTD001,2021,11,24.6,0.35,moderate,estimated
BTD001,2021,12,26.0,0.35,saline,estimated
BTD001,2022,1,26.35,0.35,saline,estimated
BTD001,2022,2,26.35,0.35,saline,estimated
BTD001,2022,3,26.35,0.35,saline,estimated
BTD001,2022,4,27.95,0.35,saline,estimated
BTD001,2022,5,27.95,0.35,saline,estimated
BTD001,2022,6,27.95,0.35,saline,estimated
BTD001,2022,7,26.35,0.35,saline,estimated
BTD001,2022,8,26.35,0.35,saline,estimated
BTD001,2022,9,24.95,0.35,moderate,estimated
BTD001,2022,10,24.95,0.35,moderate,estimated
BTD001,2022,11,24.95,0.35,moderate,estimated
BTD001,2022,12,26.35,0.35,saline,estimated
BTD001,2023,1,26.7,0.35,saline,estimated
BTD001,2023,2,26.7,0.35,saline,estimated
BTD001,2023,3,26.7,0.35,saline,estimated
BTD001,2023,4,28.3,0.35,saline,estimated
BTD001,2023,5,28.3,0.35,saline,estimated
BTD001,2023,6,28.3,0.35,saline,estimated
BTD001,2023,7,26.7,0.35,saline,estimated
BTD001,2023,8,26.7,0.35,saline,estimated
BTD001,2023,9,25.3,0.35,saline,estimated
BTD001,2023,10,25.3,0.35,saline,estimated
BTD001,2023,11,25.3,0.35,saline,estimated
BTD001,2023,12,26.7,0.35,saline,estimated
BTD001,2024,1,27.05,0.35,saline,estimated
BTD001,2024,2,27.05,0.35,saline,estimated
BTD001,2024,3,27.05,0.35,saline,estimated
BTD001,2024,4,28.65,0.35,saline,estimated
BTD001,2024,5,28.65,0.35,saline,estimated
BTD001,2024,6,28.65,0.35,saline,estimated
BTD001,2024,7,27.05,0.35,saline,estimated
BTD001,2024,8,27.05,0.35,saline,estimated
BTD001,2024,9,25.65,0.35,saline,estimated
BTD001,2024,10,25.65,0.35,saline,estimated
BTD001,2024,11,25.65,0.35,saline,estimated
BTD001,2024,12,27.05,0.35,saline,estimated
BTD002,2019,1,26.5,0.0,saline,estimated
BTD002,2019,2,26.5,0.0,saline,estimated
BTD002,2019,3,26.5,0.0,saline,estimated
BTD002,2019,4,28.1,0.0,saline,estimated
BTD002,2019,5,28.1,0.0,saline,estimated
BTD002,2019,6,28.1,0.0,saline,estimated
BTD002,2019,7,26.5,0.0,saline,estimated
BTD002,2019,8,26.5,0.0,saline,estimated
BTD002,2019,9,25.1,0.0,saline,estimated
BTD002,2019,10,25.1,0.0,saline,estimated
BTD002,2019,11,25.1,0.0,saline,estimated
BTD002,2019,12,26.5,0.0,saline,estimated
BTD002,2020,1,26.85,0.35,saline,estimated
BTD002,2020,2,26.85,0.35,saline,estimated
BTD002,2020,3,26.85,0.35,saline,estimated
BTD002,2020,4,28.45,0.35,saline,estimated
BTD002,2020,5,28.45,0.35,saline,estimated
BTD002,2020,6,28.45,0.35,saline,estimated
BTD002,2020,7,26.85,0.35,saline,estimated
BTD002,2020,8,26.85,0.35,saline,estimated
BTD002,2020,9,25.45,0.35,saline,estimated
BTD002,2020,10,25.45,0.35,saline,estimated
BTD002,2020,11,25.45,0.35,saline,estimated
BTD002,2020,12,26.85,0.35,saline,estimated
BTD002,2021,1,27.2,0.35,saline,estimated
BTD002,2021,2,27.2,0.35,saline,estimated
BTD002,2021,3,27.2,0.35,saline,estimated
BTD002,2021,4,28.8,0.35,saline,estimated
BTD002,2021,5,28.8,0.35,saline,estimated
BTD002,2021,6,28.8,0.35,saline,estimated
BTD002,2021,7,27.2,0.35,saline,estimated
BTD002,2021,8,27.2,0.35,saline,estimated
BTD002,2021,9,25.8,0.35,saline,estimated
BTD002,2021,10,25.8,0.35,saline,estimated
BTD002,2021,11,25.8,0.35,saline,estimated
BTD002,2021,12,27.2,0.35,saline,estimated
BTD002,2022,1,27.55,0.35,saline,estimated
BTD002,2022,2,27.55,0.35,saline,estimated
BTD002,2022,3,27.55,0.35,saline,estimated
BTD002,2022,4,29.15,0.35,saline,estimated
BTD002,2022,5,29.15,0.35,saline,estimated
BTD002,2022,6,29.15,0.35,saline,estimated
BTD002,2022,7,27.55,0.35,saline,estimated
BTD002,2022,8,27.55,0.35,saline,estimated
BTD002,2022,9,26.15,0.35,saline,estimated
BTD002,2022,10,26.15,0.35,saline,estimated
BTD002,2022,11,26.15,0.35,saline,estimated
BTD002,2022,12,27.55,0.35,saline,estimated
BTD002,2023,1,27.9,0.35,saline,estimated
BTD002,2023,2,27.9,0.35,saline,estimated
BTD002,2023,3,27.9,0.35,saline,estimated
BTD002,2023,4,29.5,0.35,saline,estimated
BTD002,2023,5,29.5,0.35,saline,estimated
BTD002,2023,6,29.5,0.35,saline,estimated
BTD002,2023,7,27.9,0.35,saline,estimated
BTD002,2023,8,27.9,0.35,saline,estimated
BTD002,2023,9,26.5,0.35,saline,estimated
BTD002,2023,10,26.5,0.35,saline,estimated
BTD002,2023,11,26.5,0.35,saline,estimated
BTD002,2023,12,27.9,0.35,saline,estimated
BTD002,2024,1,28.25,0.35,saline,estimated
BTD002,2024,2,28.25,0.35,saline,estimated
BTD002,2024,3,28.25,0.35,saline,estimated
BTD002,2024,4,29.85,0.35,saline,estimated
BTD002,2024,5,29.85,0.35,saline,estimated
BTD002,2024,6,29.85,0.35,saline,estimated
BTD002,2024,7,28.25,0.35,saline,estimated
BTD002,2024,8,28.25,0.35,saline,estimated
BTD002,2024,9,26.85,0.35,saline,estimated
BTD002,2024,10,26.85,0.35,saline,estimated
BTD002,2024,11,26.85,0.35,saline,estimated
BTD002,2024,12,28.25,0.35,saline,estimated
BTD003,2019,1,27.0,0.0,saline,estimated
BTD003,2019,2,27.0,0.0,saline,estimated
BTD003,2019,3,27.0,0.0,saline,estimated
BTD003,2019,4,28.6,0.0,saline,estimated
BTD003,2019,5,28.6,0.0,saline,estimated
BTD003,2019,6,28.6,0.0,saline,estimated
BTD003,2019,7,27.0,0.0,saline,estimated
BTD003,2019,8,27.0,0.0,saline,estimated
BTD003,2019,9,25.6,0.0,saline,estimated
BTD003,2019,10,25.6,0.0,saline,estimated
BTD003,2019,11,25.6,0.0,saline,estimated
BTD003,2019,12,27.0,0.0,saline,estimated
BTD003,2020,1,27.35,0.35,saline,estimated
BTD003,2020,2,27.35,0.35,saline,estimated
BTD003,2020,3,27.35,0.35,saline,estimated
BTD003,2020,4,28.95,0.35,saline,estimated
BTD003,2020,5,28.95,0.35,saline,estimated
BTD003,2020,6,28.95,0.35,saline,estimated
BTD003,2020,7,27.35,0.35,saline,estimated
BTD003,2020,8,27.35,0.35,saline,estimated
BTD003,2020,9,25.95,0.35,saline,estimated
BTD003,2020,10,25.95,0.35,saline,estimated
BTD003,2020,11,25.95,0.35,saline,estimated
BTD003,2020,12,27.35,0.35,saline,estimated
BTD003,2021,1,27.7,0.35,saline,estimated
BTD003,2021,2,27.7,0.35,saline,estimated
BTD003,2021,3,27.7,0.35,saline,estimated
BTD003,2021,4,29.3,0.35,saline,estimated
BTD003,2021,5,29.3,0.35,saline,estimated
BTD003,2021,6,29.3,0.35,saline,estimated
BTD003,2021,7,27.7,0.35,saline,estimated
BTD003,2021,8,27.7,0.35,saline,estimated
BTD003,2021,9,26.3,0.35,saline,estimated
BTD003,2021,10,26.3,0.35,saline,estimated
BTD003,2021,11,26.3,0.35,saline,estimated
BTD003,2021,12,27.7,0.35,saline,estimated
BTD003,2022,1,28.05,0.35,saline,estimated
BTD003,2022,2,28.05,0.35,saline,estimated
BTD003,2022,3,28.05,0.35,saline,estimated
BTD003,2022,4,29.65,0.35,saline,estimated
BTD003,2022,5,29.65,0.35,saline,estimated
BTD003,2022,6,29.65,0.35,saline,estimated
BTD003,2022,7,28.05,0.35,saline,estimated
BTD003,2022,8,28.05,0.35,saline,estimated
BTD003,2022,9,26.65,0.35,saline,estimated
BTD003,2022,10,26.65,0.35,saline,estimated
BTD003,2022,11,26.65,0.35,saline,estimated
BTD003,2022,12,28.05,0.35,saline,estimated
BTD003,2023,1,28.4,0.35,saline,estimated
BTD003,2023,2,28.4,0.35,saline,estimated
BTD003,2023,3,28.4,0.35,saline,estimated
BTD003,2023,4,30.0,0.35,saline,estimated
BTD003,2023,5,30.0,0.35,saline,estimated
BTD003,2023,6,30.0,0.35,saline,estimated
BTD003,2023,7,28.4,0.35,saline,estimated
BTD003,2023,8,28.4,0.35,saline,estimated
BTD003,2023,9,27.0,0.35,saline,estimated
BTD003,2023,10,27.0,0.35,saline,estimated
BTD003,2023,11,27.0,0.35,saline,estimated
BTD003,2023,12,28.4,0.35,saline,estimated
BTD003,2024,1,28.75,0.35,saline,estimated
BTD003,2024,2,28.75,0.35,saline,estimated
BTD003,2024,3,28.75,0.35,saline,estimated
BTD003,2024,4,30.35,0.35,saline,estimated
BTD003,2024,5,30.35,0.35,saline,estimated
BTD003,2024,6,30.35,0.35,saline,estimated
BTD003,2024,7,28.75,0.35,saline,estimated
BTD003,2024,8,28.75,0.35,saline,estimated
BTD003,2024,9,27.35,0.35,saline,estimated
BTD003,2024,10,27.35,0.35,saline,estimated
BTD003,2024,11,27.35,0.35,saline,estimated
BTD003,2024,12,28.75,0.35,saline,estimated
