village_id,year,month,rainfall_mm,historical_avg_mm,deficit_pct,season,data_source
RKT001,2019,1,7.3,6.5,12.3,rabi,estimated
RKT001,2019,2,7.3,6.5,12.3,rabi,estimated
RKT001,2019,3,7.3,6.5,12.3,rabi,estimated
RKT001,2019,4,14.6,13.0,12.3,summer,estimated
RKT001,2019,5,21.7,19.4,11.9,summer,estimated
RKT001,2019,6,130.6,116.6,12.0,kharif,estimated
RKT001,2019,7,254.0,226.8,12.0,kharif,estimated
RKT001,2019,8,188.7,168.5,12.0,kharif,estimated
RKT001,2019,9,79.9,71.3,12.1,kharif,estimated
RKT001,2019,10,21.7,19.4,11.9,rabi,estimated
RKT001,2019,11,7.3,6.5,12.3,rabi,estimated
RKT001,2019,12,0.0,0.0,0.0,rabi,estimated
RKT001,2020,1,6.8,6.5,4.6,rabi,estimated
RKT001,2020,2,6.8,6.5,4.6,rabi,estimated
RKT001,2020,3,6.8,6.5,4.6,rabi,estimated
RKT001,2020,4,13.7,13.0,5.4,summer,estimated
RKT001,2020,5,20.4,19.4,5.2,summer,estimated
RKT001,2020,6,122.4,116.6,5.0,kharif,estimated
RKT001,2020,7,238.1,226.8,5.0,kharif,estimated
RKT001,2020,8,176.9,168.5,5.0,kharif,estimated
RKT001,2020,9,74.9,71.3,5.0,kharif,estimated
RKT001,2020,10,20.4,19.4,5.2,rabi,estimated
RKT001,2020,11,6.8,6.5,4.6,rabi,estimated
RKT001,2020,12,0.0,0.0,0.0,rabi,estimated
RKT001,2021,1,5.7,6.5,-12.3,rabi,estimated
RKT001,2021,2,5.7,6.5,-12.3,rabi,estimated
RKT001,2021,3,5.7,6.5,-12.3,rabi,estimated
RKT001,2021,4,11.4,13.0,-12.3,summer,estimated
RKT001,2021,5,17.1,19.4,-11.9,summer,estimated
RKT001,2021,6,102.6,116.6,-12.0,kharif,estimated
RKT001,2021,7,199.6,226.8,-12.0,kharif,estimated
RKT001,2021,8,148.3,168.5,-12.0,kharif,estimated
RKT001,2021,9,62.7,71.3,-12.1,kharif,estimated
RKT001,2021,10,17.1,19.4,-11.9,rabi,estimated
RKT001,2021,11,5.7,6.5,-12.3,rabi,estimated
RKT001,2021,12,0.0,0.0,0.0,rabi,estimated
RKT001,2022,1,6.1,6.5,-6.2,rabi,estimated
RKT001,2022,2,6.1,6.5,-6.2,rabi,estimated
RKT001,2022,3,6.1,6.5,-6.2,rabi,estimated
RKT001,2022,4,12.2,13.0,-6.2,summer,estimated
RKT001,2022,5,18.2,19.4,-6.2,summer,estimated
RKT001,2022,6,109.6,116.6,-6.0,kharif,estimated
RKT001,2022,7,213.2,226.8,-6.0,kharif,estimated
RKT001,2022,8,158.4,168.5,-6.0,kharif,estimated
RKT001,2022,9,67.0,71.3,-6.0,kharif,estimated
RKT001,2022,10,18.2,19.4,-6.2,rabi,estimated
RKT001,2022,11,6.1,6.5,-6.2,rabi,estimated
RKT001,2022,12,0.0,0.0,0.0,rabi,estimated
RKT001,2023,1,5.3,6.5,-18.5,rabi,estimated
RKT001,2023,2,5.3,6.5,-18.5,rabi,estimated
RKT001,2023,3,5.3,6.5,-18.5,rabi,estimated
RKT001,2023,4,10.7,13.0,-17.7,summer,estimated
RKT001,2023,5,15.9,19.4,-18.0,summer,estimated
RKT001,2023,6,95.6,116.6,-18.0,kharif,estimated
RKT001,2023,7,186.0,226.8,-18.0,kharif,estimated
RKT001,2023,8,138.2,168.5,-18.0,kharif,estimated
RKT001,2023,9,58.5,71.3,-18.0,kharif,estimated
RKT001,2023,10,15.9,19.4,-18.0,rabi,estimated
RKT001,2023,11,5.3,6.5,-18.5,rabi,estimated
RKT001,2023,12,0.0,0.0,0.0,rabi,estimated
RKT001,2024,1,6.4,6.5,-1.5,rabi,estimated
RKT001,2024,2,6.4,6.5,-1.5,rabi,estimated
RKT001,2024,3,6.4,6.5,-1.5,rabi,estimated
RKT001,2024,4,12.7,13.0,-2.3,summer,estimated
RKT001,2024,5,19.0,19.4,-2.1,summer,estimated
RKT001,2024,6,114.3,116.6,-2.0,kharif,estimated
RKT001,2024,7,222.3,226.8,-2.0,kharif,estimated
RKT001,2024,8,165.1,168.5,-2.0,kharif,estimated
RKT001,2024,9,69.9,71.3,-2.0,kharif,estimated
RKT001,2024,10,19.0,19.4,-2.1,rabi,estimated
RKT001,2024,11,6.4,6.5,-1.5,rabi,estimated
RKT001,2024,12,0.0,0.0,0.0,rabi,estimated
RKT002,2019,1,7.3,6.5,12.3,rabi,estimated
RKT002,2019,2,7.3,6.5,12.3,rabi,estimated
RKT002,2019,3,7.3,6.5,12.3,rabi,estimated
RKT002,2019,4,14.6,13.0,12.3,summer,estimated
RKT002,2019,5,21.7,19.4,11.9,summer,estimated
RKT002,2019,6,130.6,116.6,12.0,kharif,estimated
RKT002,2019,7,254.0,226.8,12.0,kharif,estimated
RKT002,2019,8,188.7,168.5,12.0,kharif,estimated
RKT002,2019,9,79.9,71.3,12.1,kharif,estimated
RKT002,2019,10,21.7,19.4,11.9,rabi,estimated
RKT002,2019,11,7.3,6.5,12.3,rabi,estimated
RKT002,2019,12,0.0,0.0,0.0,rabi,estimated
RKT002,2020,1,6.8,6.5,4.6,rabi,estimated
RKT002,2020,2,6.8,6.5,4.6,rabi,estimated
RKT002,2020,3,6.8,6.5,4.6,rabi,estimated
RKT002,2020,4,13.7,13.0,5.4,summer,estimated
RKT002,2020,5,20.4,19.4,5.2,summer,estimated
RKT002,2020,6,122.4,116.6,5.0,kharif,estimated
RKT002,2020,7,238.1,226.8,5.0,kharif,estimated
RKT002,2020,8,176.9,168.5,5.0,kharif,estimated
RKT002,2020,9,74.9,71.3,5.0,kharif,estimated
RKT002,2020,10,20.4,19.4,5.2,rabi,estimated
RKT002,2020,11,6.8,6.5,4.6,rabi,estimated
RKT002,2020,12,0.0,0.0,0.0,rabi,estimated
RKT002,2021,1,5.7,6.5,-12.3,rabi,estimated
RKT002,2021,2,5.7,6.5,-12.3,rabi,estimated
RKT002,2021,3,5.7,6.5,-12.3,rabi,estimated
RKT002,2021,4,11.4,13.0,-12.3,summer,estimated
RKT002,2021,5,17.1,19.4,-11.9,summer,estimated
RKT002,2021,6,102.6,116.6,-12.0,kharif,estimated
RKT002,2021,7,199.6,226.8,-12.0,kharif,estimated
RKT002,2021,8,148.3,168.5,-12.0,kharif,estimated
RKT002,2021,9,62.7,71.3,-12.1,kharif,estimated
RKT002,2021,10,17.1,19.4,-11.9,rabi,estimated
RKT002,2021,11,5.7,6.5,-12.3,rabi,estimated
RKT002,2021,12,0.0,0.0,0.0,rabi,estimated
RKT002,2022,1,6.1,6.5,-6.2,rabi,estimated
RKT002,2022,2,6.1,6.5,-6.2,rabi,estimated
RKT002,2022,3,6.1,6.5,-6.2,rabi,estimated
RKT002,2022,4,12.2,13.0,-6.2,summer,estimated
RKT002,2022,5,18.2,19.4,-6.2,summer,estimated
RKT002,2022,6,109.6,116.6,-6.0,kharif,estimated
RKT002,2022,7,213.2,226.8,-6.0,kharif,estimated
RKT002,2022,8,158.4,168.5,-6.0,kharif,estimated
RKT002,2022,9,67.0,71.3,-6.0,kharif,estimated
RKT002,2022,10,18.2,19.4,-6.2,rabi,estimated
RKT002,2022,11,6.1,6.5,-6.2,rabi,estimated
RKT002,2022,12,0.0,0.0,0.0,rabi,estimated
RKT002,2023,1,5.3,6.5,-18.5,rabi,estimated
RKT002,2023,2,5.3,6.5,-18.5,rabi,estimated
RKT002,2023,3,5.3,6.5,-18.5,rabi,estimated
RKT002,2023,4,10.7,13.0,-17.7,summer,estimated
RKT002,2023,5,15.9,19.4,-18.0,summer,estimated
RKT002,2023,6,95.6,116.6,-18.0,kharif,estimated
RKT002,2023,7,186.0,226.8,-18.0,kharif,estimated
RKT002,2023,8,138.2,168.5,-18.0,kharif,estimated
RKT002,2023,9,58.5,71.3,-18.0,kharif,estimated
RKT002,2023,10,15.9,19.4,-18.0,rabi,estimated
RKT002,2023,11,5.3,6.5,-18.5,rabi,estimated
RKT002,2023,12,0.0,0.0,0.0,rabi,estimated
RKT002,2024,1,6.4,6.5,-1.5,rabi,estimated
RKT002,2024,2,6.4,6.5,-1.5,rabi,estimated
RKT002,2024,3,6.4,6.5,-1.5,rabi,estimated
RKT002,2024,4,12.7,13.0,-2.3,summer,estimated
RKT002,2024,5,19.0,19.4,-2.1,summer,estimated
RKT002,2024,6,114.3,116.6,-2.0,kharif,estimated
RKT002,2024,7,222.3,226.8,-2.0,kharif,estimated
RKT002,2024,8,165.1,168.5,-2.0,kharif,estimated
RKT002,2024,9,69.9,71.3,-2.0,kharif,estimated
RKT002,2024,10,19.0,19.4,-2.1,rabi,estimated
RKT002,2024,11,6.4,6.5,-1.5,rabi,estimated
RKT002,2024,12,0.0,0.0,0.0,rabi,estimated
RKT003,2019,1,7.3,6.5,12.3,rabi,estimated
RKT003,2019,2,7.3,6.5,12.3,rabi,estimated
RKT003,2019,3,7.3,6.5,12.3,rabi,estimated
RKT003,2019,4,14.4,12.9,11.6,summer,estimated
RKT003,2019,5,21.6,19.3,11.9,summer,estimated
RKT003,2019,6,130.0,116.1,12.0,kharif,estimated
RKT003,2019,7,252.8,225.7,12.0,kharif,estimated
RKT003,2019,8,187.8,167.7,12.0,kharif,estimated
RKT003,2019,9,79.5,71.0,12.0,kharif,estimated
RKT003,2019,10,21.6,19.3,11.9,rabi,estimated
RKT003,2019,11,7.3,6.5,12.3,rabi,estimated
RKT003,2019,12,0.0,0.0,0.0,rabi,estimated
RKT003,2020,1,6.8,6.5,4.6,rabi,estimated
RKT003,2020,2,6.8,6.5,4.6,rabi,estimated
RKT003,2020,3,6.8,6.5,4.6,rabi,estimated
RKT003,2020,4,13.5,12.9,4.7,summer,estimated
RKT003,2020,5,20.3,19.3,5.2,summer,estimated
RKT003,2020,6,121.9,116.1,5.0,kharif,estimated
RKT003,2020,7,237.0,225.7,5.0,kharif,estimated
RKT003,2020,8,176.1,167.7,5.0,kharif,estimated
RKT003,2020,9,74.5,71.0,4.9,kharif,estimated
RKT003,2020,10,20.3,19.3,5.2,rabi,estimated
RKT003,2020,11,6.8,6.5,4.6,rabi,estimated
RKT003,2020,12,0.0,0.0,0.0,rabi,estimated
RKT003,2021,1,5.7,6.5,-12.3,rabi,estimated
RKT003,2021,2,5.7,6.5,-12.3,rabi,estimated
RKT003,2021,3,5.7,6.5,-12.3,rabi,estimated
RKT003,2021,4,11.4,12.9,-11.6,summer,estimated
RKT003,2021,5,17.0,19.3,-11.9,summer,estimated
RKT003,2021,6,102.2,116.1,-12.0,kharif,estimated
RKT003,2021,7,198.6,225.7,-12.0,kharif,estimated
RKT003,2021,8,147.6,167.7,-12.0,kharif,estimated
RKT003,2021,9,62.5,71.0,-12.0,kharif,estimated
RKT003,2021,10,17.0,19.3,-11.9,rabi,estimated
RKT003,2021,11,5.7,6.5,-12.3,rabi,estimated
RKT003,2021,12,0.0,0.0,0.0,rabi,estimated
RKT003,2022,1,6.1,6.5,-6.2,rabi,estimated
RKT003,2022,2,6.1,6.5,-6.2,rabi,estimated
RKT003,2022,3,6.1,6.5,-6.2,rabi,estimated
RKT003,2022,4,12.1,12.9,-6.2,summer,estimated
RKT003,2022,5,18.1,19.3,-6.2,summer,estimated
RKT003,2022,6,109.1,116.1,-6.0,kharif,estimated
RKT003,2022,7,212.2,225.7,-6.0,kharif,estimated
RKT003,2022,8,157.6,167.7,-6.0,kharif,estimated
RKT003,2022,9,66.7,71.0,-6.1,kharif,estimated
RKT003,2022,10,18.1,19.3,-6.2,rabi,estimated
RKT003,2022,11,6.1,6.5,-6.2,rabi,estimated
RKT003,2022,12,0.0,0.0,0.0,rabi,estimated
RKT003,2023,1,5.3,6.5,-18.5,rabi,estimated
RKT003,2023,2,5.3,6.5,-18.5,rabi,estimated
RKT003,2023,3,5.3,6.5,-18.5,rabi,estimated
RKT003,2023,4,10.6,12.9,-17.8,summer,estimated
RKT003,2023,5,15.8,19.3,-18.1,summer,estimated
RKT003,2023,6,95.2,116.1,-18.0,kharif,estimated
RKT003,2023,7,185.1,225.7,-18.0,kharif,estimated
RKT003,2023,8,137.5,167.7,-18.0,kharif,estimated
RKT003,2023,9,58.2,71.0,-18.0,kharif,estimated
RKT003,2023,10,15.8,19.3,-18.1,rabi,estimated
RKT003,2023,11,5.3,6.5,-18.5,rabi,estimated
RKT003,2023,12,0.0,0.0,0.0,rabi,estimated
RKT003,2024,1,6.4,6.5,-1.5,rabi,estimated
RKT003,2024,2,6.4,6.5,-1.5,rabi,estimated
RKT003,2024,3,6.4,6.5,-1.5,rabi,estimated
RKT003,2024,4,12.6,12.9,-2.3,summer,estimated
RKT003,2024,5,18.9,19.3,-2.1,summer,estimated
RKT003,2024,6,113.8,116.1,-2.0,kharif,estimated
RKT003,2024,7,221.2,225.7,-2.0,kharif,estimated
RKT003,2024,8,164.3,167.7,-2.0,kharif,estimated
RKT003,2024,9,69.6,71.0,-2.0,kharif,estimated
RKT003,2024,10,18.9,19.3,-2.1,rabi,estimated
RKT003,2024,11,6.4,6.5,-1.5,rabi,estimated
RKT003,2024,12,0.0,0.0,0.0,rabi,estimated
RKT004,2019,1,7.3,6.5,12.3,rabi,estimated
RKT004,2019,2,7.3,6.5,12.3,rabi,estimated
RKT004,2019,3,7.3,6.5,12.3,rabi,estimated
RKT004,2019,4,14.6,13.0,12.3,summer,estimated
RKT004,2019,5,21.8,19.5,11.8,summer,estimated
RKT004,2019,6,131.0,117.0,12.0,kharif,estimated
RKT004,2019,7,254.8,227.5,12.0,kharif,estimated
RKT004,2019,8,189.3,169.0,12.0,kharif,estimated
RKT004,2019,9,80.1,71.5,12.0,kharif,estimated
RKT004,2019,10,21.8,19.5,11.8,rabi,estimated
RKT004,2019,11,7.3,6.5,12.3,rabi,estimated
RKT004,2019,12,0.0,0.0,0.0,rabi,estimated
RKT004,2020,1,6.8,6.5,4.6,rabi,estimated
RKT004,2020,2,6.8,6.5,4.6,rabi,estimated
RKT004,2020,3,6.8,6.5,4.6,rabi,estimated
RKT004,2020,4,13.7,13.0,5.4,summer,estimated
RKT004,2020,5,20.5,19.5,5.1,summer,estimated
RKT004,2020,6,122.9,117.0,5.0,kharif,estimated
RKT004,2020,7,238.9,227.5,5.0,kharif,estimated
RKT004,2020,8,177.5,169.0,5.0,kharif,estimated
RKT004,2020,9,75.1,71.5,5.0,kharif,estimated
RKT004,2020,10,20.5,19.5,5.1,rabi,estimated
RKT004,2020,11,6.8,6.5,4.6,rabi,estimated
RKT004,2020,12,0.0,0.0,0.0,rabi,estimated
RKT004,2021,1,5.7,6.5,-12.3,rabi,estimated
RKT004,2021,2,5.7,6.5,-12.3,rabi,estimated
RKT004,2021,3,5.7,6.5,-12.3,rabi,estimated
RKT004,2021,4,11.4,13.0,-12.3,summer,estimated
RKT004,2021,5,17.2,19.5,-11.8,summer,estimated
RKT004,2021,6,103.0,117.0,-12.0,kharif,estimated
RKT004,2021,7,200.2,227.5,-12.0,kharif,estimated
RKT004,2021,8,148.7,169.0,-12.0,kharif,estimated
RKT004,2021,9,62.9,71.5,-12.0,kharif,estimated
RKT004,2021,10,17.2,19.5,-11.8,rabi,estimated
RKT004,2021,11,5.7,6.5,-12.3,rabi,estimated
RKT004,2021,12,0.0,0.0,0.0,rabi,estimated
RKT004,2022,1,6.1,6.5,-6.2,rabi,estimated
RKT004,2022,2,6.1,6.5,-6.2,rabi,estimated
RKT004,2022,3,6.1,6.5,-6.2,rabi,estimated
RKT004,2022,4,12.2,13.0,-6.2,summer,estimated
RKT004,2022,5,18.3,19.5,-6.2,summer,estimated
RKT004,2022,6,110.0,117.0,-6.0,kharif,estimated
RKT004,2022,7,213.8,227.5,-6.0,kharif,estimated
RKT004,2022,8,158.9,169.0,-6.0,kharif,estimated
RKT004,2022,9,67.2,71.5,-6.0,kharif,estimated
RKT004,2022,10,18.3,19.5,-6.2,rabi,estimated
RKT004,2022,11,6.1,6.5,-6.2,rabi,estimated
RKT004,2022,12,0.0,0.0,0.0,rabi,estimated
RKT004,2023,1,5.3,6.5,-18.5,rabi,estimated
RKT004,2023,2,5.3,6.5,-18.5,rabi,estimated
RKT004,2023,3,5.3,6.5,-18.5,rabi,estimated
RKT004,2023,4,10.7,13.0,-17.7,summer,estimated
RKT004,2023,5,16.0,19.5,-17.9,summer,estimated
RKT004,2023,6,95.9,117.0,-18.0,kharif,estimated
RKT004,2023,7,186.5,227.5,-18.0,kharif,estimated
RKT004,2023,8,138.6,169.0,-18.0,kharif,estimated
RKT004,2023,9,58.6,71.5,-18.0,kharif,estimated
RKT004,2023,10,16.0,19.5,-17.9,rabi,estimated
RKT004,2023,11,5.3,6.5,-18.5,rabi,estimated
RKT004,2023,12,0.0,0.0,0.0,rabi,estimated
RKT004,2024,1,6.4,6.5,-1.5,rabi,estimated
RKT004,2024,2,6.4,6.5,-1.5,rabi,estimated
RKT004,2024,3,6.4,6.5,-1.5,rabi,estimated
RKT004,2024,4,12.7,13.0,-2.3,summer,estimated
RKT004,2024,5,19.1,19.5,-2.1,summer,estimated
RKT004,2024,6,114.7,117.0,-2.0,kharif,estimated
RKT004,2024,7,222.9,227.5,-2.0,kharif,estimated
RKT004,2024,8,165.6,169.0,-2.0,kharif,estimated
RKT004,2024,9,70.1,71.5,-2.0,kharif,estimated
RKT004,2024,10,19.1,19.5,-2.1,rabi,estimated
RKT004,2024,11,6.4,6.5,-1.5,rabi,estimated
RKT004,2024,12,0.0,0.0,0.0,rabi,estimated
RKT005,2019,1,7.6,6.8,11.8,rabi,estimated
RKT005,2019,2,7.6,6.8,11.8,rabi,estimated
RKT005,2019,3,7.6,6.8,11.8,rabi,estimated
RKT005,2019,4,15.2,13.6,11.8,summer,estimated
RKT005,2019,5,22.8,20.4,11.8,summer,estimated
RKT005,2019,6,137.1,122.4,12.0,kharif,estimated
RKT005,2019,7,266.6,238.0,12.0,kharif,estimated
RKT005,2019,8,198.0,176.8,12.0,kharif,estimated
RKT005,2019,9,83.8,74.8,12.0,kharif,estimated
RKT005,2019,10,22.8,20.4,11.8,rabi,estimated
RKT005,2019,11,7.6,6.8,11.8,rabi,estimated
RKT005,2019,12,0.0,0.0,0.0,rabi,estimated
RKT005,2020,1,7.1,6.8,4.4,rabi,estimated
RKT005,2020,2,7.1,6.8,4.4,rabi,estimated
RKT005,2020,3,7.1,6.8,4.4,rabi,estimated
RKT005,2020,4,14.3,13.6,5.1,summer,estimated
RKT005,2020,5,21.4,20.4,4.9,summer,estimated
RKT005,2020,6,128.5,122.4,5.0,kharif,estimated
RKT005,2020,7,249.9,238.0,5.0,kharif,estimated
RKT005,2020,8,185.6,176.8,5.0,kharif,estimated
RKT005,2020,9,78.5,74.8,4.9,kharif,estimated
RKT005,2020,10,21.4,20.4,4.9,rabi,estimated
RKT005,2020,11,7.1,6.8,4.4,rabi,estimated
RKT005,2020,12,0.0,0.0,0.0,rabi,estimated
RKT005,2021,1,6.0,6.8,-11.8,rabi,estimated
RKT005,2021,2,6.0,6.8,-11.8,rabi,estimated
RKT005,2021,3,6.0,6.8,-11.8,rabi,estimated
RKT005,2021,4,12.0,13.6,-11.8,summer,estimated
RKT005,2021,5,18.0,20.4,-11.8,summer,estimated
RKT005,2021,6,107.7,122.4,-12.0,kharif,estimated
RKT005,2021,7,209.4,238.0,-12.0,kharif,estimated
RKT005,2021,8,155.6,176.8,-12.0,kharif,estimated
RKT005,2021,9,65.8,74.8,-12.0,kharif,estimated
RKT005,2021,10,18.0,20.4,-11.8,rabi,estimated
RKT005,2021,11,6.0,6.8,-11.8,rabi,estimated
RKT005,2021,12,0.0,0.0,0.0,rabi,estimated
RKT005,2022,1,6.4,6.8,-5.9,rabi,estimated
RKT005,2022,2,6.4,6.8,-5.9,rabi,estimated
RKT005,2022,3,6.4,6.8,-5.9,rabi,estimated
RKT005,2022,4,12.8,13.6,-5.9,summer,estimated
RKT005,2022,5,19.2,20.4,-5.9,summer,estimated
RKT005,2022,6,115.1,122.4,-6.0,kharif,estimated
RKT005,2022,7,223.7,238.0,-6.0,kharif,estimated
RKT005,2022,8,166.2,176.8,-6.0,kharif,estimated
RKT005,2022,9,70.3,74.8,-6.0,kharif,estimated
RKT005,2022,10,19.2,20.4,-5.9,rabi,estimated
RKT005,2022,11,6.4,6.8,-5.9,rabi,estimated
RKT005,2022,12,0.0,0.0,0.0,rabi,estimated
RKT005,2023,1,5.6,6.8,-17.6,rabi,estimated
RKT005,2023,2,5.6,6.8,-17.6,rabi,estimated
RKT005,2023,3,5.6,6.8,-17.6,rabi,estimated
RKT005,2023,4,11.2,13.6,-17.6,summer,estimated
RKT005,2023,5,16.7,20.4,-18.1,summer,estimated
RKT005,2023,6,100.4,122.4,-18.0,kharif,estimated
RKT005,2023,7,195.2,238.0,-18.0,kharif,estimated
RKT005,2023,8,145.0,176.8,-18.0,kharif,estimated
RKT005,2023,9,61.3,74.8,-18.0,kharif,estimated
RKT005,2023,10,16.7,20.4,-18.1,rabi,estimated
RKT005,2023,11,5.6,6.8,-17.6,rabi,estimated
RKT005,2023,12,0.0,0.0,0.0,rabi,estimated
RKT005,2024,1,6.7,6.8,-1.5,rabi,estimated
RKT005,2024,2,6.7,6.8,-1.5,rabi,estimated
RKT005,2024,3,6.7,6.8,-1.5,rabi,estimated
RKT005,2024,4,13.3,13.6,-2.2,summer,estimated
RKT005,2024,5,20.0,20.4,-2.0,summer,estimated
RKT005,2024,6,120.0,122.4,-2.0,kharif,estimated
RKT005,2024,7,233.2,238.0,-2.0,kharif,estimated
RKT005,2024,8,173.3,176.8,-2.0,kharif,estimated
RKT005,2024,9,73.3,74.8,-2.0,kharif,estimated
RKT005,2024,10,20.0,20.4,-2.0,rabi,estimated
RKT005,2024,11,6.7,6.8,-1.5,rabi,estimated
RKT005,2024,12,0.0,0.0,0.0,rabi,estimated
RKT006,2019,1,6.9,6.2,11.3,rabi,estimated
RKT006,2019,2,6.9,6.2,11.3,rabi,estimated
RKT006,2019,3,6.9,6.2,11.3,rabi,estimated
RKT006,2019,4,13.9,12.4,12.1,summer,estimated
RKT006,2019,5,20.8,18.6,11.8,summer,estimated
RKT006,2019,6,125.0,111.6,12.0,kharif,estimated
RKT006,2019,7,243.0,217.0,12.0,kharif,estimated
RKT006,2019,8,180.5,161.2,12.0,kharif,estimated
RKT006,2019,9,76.4,68.2,12.0,kharif,estimated
RKT006,2019,10,20.8,18.6,11.8,rabi,estimated
RKT006,2019,11,6.9,6.2,11.3,rabi,estimated
RKT006,2019,12,0.0,0.0,0.0,rabi,estimated
RKT006,2020,1,6.5,6.2,4.8,rabi,estimated
RKT006,2020,2,6.5,6.2,4.8,rabi,estimated
RKT006,2020,3,6.5,6.2,4.8,rabi,estimated
RKT006,2020,4,13.0,12.4,4.8,summer,estimated
RKT006,2020,5,19.5,18.6,4.8,summer,estimated
RKT006,2020,6,117.2,111.6,5.0,kharif,estimated
RKT006,2020,7,227.9,217.0,5.0,kharif,estimated
RKT006,2020,8,169.3,161.2,5.0,kharif,estimated
RKT006,2020,9,71.6,68.2,5.0,kharif,estimated
RKT006,2020,10,19.5,18.6,4.8,rabi,estimated
RKT006,2020,11,6.5,6.2,4.8,rabi,estimated
RKT006,2020,12,0.0,0.0,0.0,rabi,estimated
RKT006,2021,1,5.5,6.2,-11.3,rabi,estimated
RKT006,2021,2,5.5,6.2,-11.3,rabi,estimated
RKT006,2021,3,5.5,6.2,-11.3,rabi,estimated
RKT006,2021,4,10.9,12.4,-12.1,summer,estimated
RKT006,2021,5,16.4,18.6,-11.8,summer,estimated
RKT006,2021,6,98.2,111.6,-12.0,kharif,estimated
RKT006,2021,7,191.0,217.0,-12.0,kharif,estimated
RKT006,2021,8,141.9,161.2,-12.0,kharif,estimated
RKT006,2021,9,60.0,68.2,-12.0,kharif,estimated
RKT006,2021,10,16.4,18.6,-11.8,rabi,estimated
RKT006,2021,11,5.5,6.2,-11.3,rabi,estimated
RKT006,2021,12,0.0,0.0,0.0,rabi,estimated
RKT006,2022,1,5.8,6.2,-6.5,rabi,estimated
RKT006,2022,2,5.8,6.2,-6.5,rabi,estimated
RKT006,2022,3,5.8,6.2,-6.5,rabi,estimated
RKT006,2022,4,11.7,12.4,-5.6,summer,estimated
RKT006,2022,5,17.5,18.6,-5.9,summer,estimated
RKT006,2022,6,104.9,111.6,-6.0,kharif,estimated
RKT006,2022,7,204.0,217.0,-6.0,kharif,estimated
RKT006,2022,8,151.5,161.2,-6.0,kharif,estimated
RKT006,2022,9,64.1,68.2,-6.0,kharif,estimated
RKT006,2022,10,17.5,18.6,-5.9,rabi,estimated
RKT006,2022,11,5.8,6.2,-6.5,rabi,estimated
RKT006,2022,12,0.0,0.0,0.0,rabi,estimated
RKT006,2023,1,5.1,6.2,-17.7,rabi,estimated
RKT006,2023,2,5.1,6.2,-17.7,rabi,estimated
RKT006,2023,3,5.1,6.2,-17.7,rabi,estimated
RKT006,2023,4,10.2,12.4,-17.7,summer,estimated
RKT006,2023,5,15.3,18.6,-17.7,summer,estimated
RKT006,2023,6,91.5,111.6,-18.0,kharif,estimated
RKT006,2023,7,177.9,217.0,-18.0,kharif,estimated
RKT006,2023,8,132.2,161.2,-18.0,kharif,estimated
RKT006,2023,9,55.9,68.2,-18.0,kharif,estimated
RKT006,2023,10,15.3,18.6,-17.7,rabi,estimated
RKT006,2023,11,5.1,6.2,-17.7,rabi,estimated
RKT006,2023,12,0.0,0.0,0.0,rabi,estimated
RKT006,2024,1,6.1,6.2,-1.6,rabi,estimated
RKT006,2024,2,6.1,6.2,-1.6,rabi,estimated
RKT006,2024,3,6.1,6.2,-1.6,rabi,estimated
RKT006,2024,4,12.2,12.4,-1.6,summer,estimated
RKT006,2024,5,18.2,18.6,-2.2,summer,estimated
RKT006,2024,6,109.4,111.6,-2.0,kharif,estimated
RKT006,2024,7,212.7,217.0,-2.0,kharif,estimated
RKT006,2024,8,158.0,161.2,-2.0,kharif,estimated
RKT006,2024,9,66.8,68.2,-2.1,kharif,estimated
RKT006,2024,10,18.2,18.6,-2.2,rabi,estimated
RKT006,2024,11,6.1,6.2,-1.6,rabi,estimated
RKT006,2024,12,0.0,0.0,0.0,rabi,estimated
RKT007,2019,1,6.6,5.9,11.9,rabi,estimated
RKT007,2019,2,6.6,5.9,11.9,rabi,estimated
RKT007,2019,3,6.6,5.9,11.9,rabi,estimated
RKT007,2019,4,13.2,11.8,11.9,summer,estimated
RKT007,2019,5,19.8,17.7,11.9,summer,estimated
RKT007,2019,6,118.9,106.2,12.0,kharif,estimated
RKT007,2019,7,231.3,206.5,12.0,kharif,estimated
RKT007,2019,8,171.8,153.4,12.0,kharif,estimated
RKT007,2019,9,72.7,64.9,12.0,kharif,estimated
RKT007,2019,10,19.8,17.7,11.9,rabi,estimated
RKT007,2019,11,6.6,5.9,11.9,rabi,estimated
RKT007,2019,12,0.0,0.0,0.0,rabi,estimated
RKT007,2020,1,6.2,5.9,5.1,rabi,estimated
RKT007,2020,2,6.2,5.9,5.1,rabi,estimated
RKT007,2020,3,6.2,5.9,5.1,rabi,estimated
RKT007,2020,4,12.4,11.8,5.1,summer,estimated
RKT007,2020,5,18.6,17.7,5.1,summer,estimated
RKT007,2020,6,111.5,106.2,5.0,kharif,estimated
RKT007,2020,7,216.8,206.5,5.0,kharif,estimated
RKT007,2020,8,161.1,153.4,5.0,kharif,estimated
RKT007,2020,9,68.1,64.9,4.9,kharif,estimated
RKT007,2020,10,18.6,17.7,5.1,rabi,estimated
RKT007,2020,11,6.2,5.9,5.1,rabi,estimated
RKT007,2020,12,0.0,0.0,0.0,rabi,estimated
RKT007,2021,1,5.2,5.9,-11.9,rabi,estimated
RKT007,2021,2,5.2,5.9,-11.9,rabi,estimated
RKT007,2021,3,5.2,5.9,-11.9,rabi,estimated
RKT007,2021,4,10.4,11.8,-11.9,summer,estimated
RKT007,2021,5,15.6,17.7,-11.9,summer,estimated
RKT007,2021,6,93.5,106.2,-12.0,kharif,estimated
RKT007,2021,7,181.7,206.5,-12.0,kharif,estimated
RKT007,2021,8,135.0,153.4,-12.0,kharif,estimated
RKT007,2021,9,57.1,64.9,-12.0,kharif,estimated
RKT007,2021,10,15.6,17.7,-11.9,rabi,estimated
RKT007,2021,11,5.2,5.9,-11.9,rabi,estimated
RKT007,2021,12,0.0,0.0,0.0,rabi,estimated
RKT007,2022,1,5.5,5.9,-6.8,rabi,estimated
RKT007,2022,2,5.5,5.9,-6.8,rabi,estimated
RKT007,2022,3,5.5,5.9,-6.8,rabi,estimated
RKT007,2022,4,11.1,11.8,-5.9,summer,estimated
RKT007,2022,5,16.6,17.7,-6.2,summer,estimated
RKT007,2022,6,99.8,106.2,-6.0,kharif,estimated
RKT007,2022,7,194.1,206.5,-6.0,kharif,estimated
RKT007,2022,8,144.2,153.4,-6.0,kharif,estimated
RKT007,2022,9,61.0,64.9,-6.0,kharif,estimated
RKT007,2022,10,16.6,17.7,-6.2,rabi,estimated
RKT007,2022,11,5.5,5.9,-6.8,rabi,estimated
RKT007,2022,12,0.0,0.0,0.0,rabi,estimated
RKT007,2023,1,4.8,5.9,-18.6,rabi,estimated
RKT007,2023,2,4.8,5.9,-18.6,rabi,estimated
RKT007,2023,3,4.8,5.9,-18.6,rabi,estimated
RKT007,2023,4,9.7,11.8,-17.8,summer,estimated
RKT007,2023,5,14.5,17.7,-18.1,summer,estimated
RKT007,2023,6,87.1,106.2,-18.0,kharif,estimated
RKT007,2023,7,169.3,206.5,-18.0,kharif,estimated
RKT007,2023,8,125.8,153.4,-18.0,kharif,estimated
RKT007,2023,9,53.2,64.9,-18.0,kharif,estimated
RKT007,2023,10,14.5,17.7,-18.1,rabi,estimated
RKT007,2023,11,4.8,5.9,-18.6,rabi,estimated
RKT007,2023,12,0.0,0.0,0.0,rabi,estimated
RKT007,2024,1,5.8,5.9,-1.7,rabi,estimated
RKT007,2024,2,5.8,5.9,-1.7,rabi,estimated
RKT007,2024,3,5.8,5.9,-1.7,rabi,estimated
RKT007,2024,4,11.6,11.8,-1.7,summer,estimated
RKT007,2024,5,17.3,17.7,-2.3,summer,estimated
RKT007,2024,6,104.1,106.2,-2.0,kharif,estimated
RKT007,2024,7,202.4,206.5,-2.0,kharif,estimated
RKT007,2024,8,150.3,153.4,-2.0,kharif,estimated
RKT007,2024,9,63.6,64.9,-2.0,kharif,estimated
RKT007,2024,10,17.3,17.7,-2.3,rabi,estimated
RKT007,2024,11,5.8,5.9,-1.7,rabi,estimated
RKT007,2024,12,0.0,0.0,0.0,rabi,estimated
RKT008,2019,1,6.8,6.1,11.5,rabi,estimated
RKT008,2019,2,6.8,6.1,11.5,rabi,estimated
RKT008,2019,3,6.8,6.1,11.5,rabi,estimated
RKT008,2019,4,13.7,12.2,12.3,summer,estimated
RKT008,2019,5,20.5,18.3,12.0,summer,estimated
RKT008,2019,6,123.0,109.8,12.0,kharif,estimated
RKT008,2019,7,239.1,213.5,12.0,kharif,estimated
RKT008,2019,8,177.6,158.6,12.0,kharif,estimated
RKT008,2019,9,75.2,67.1,12.1,kharif,estimated
RKT008,2019,10,20.5,18.3,12.0,rabi,estimated
RKT008,2019,11,6.8,6.1,11.5,rabi,estimated
RKT008,2019,12,0.0,0.0,0.0,rabi,estimated
RKT008,2020,1,6.4,6.1,4.9,rabi,estimated
RKT008,2020,2,6.4,6.1,4.9,rabi,estimated
RKT008,2020,3,6.4,6.1,4.9,rabi,estimated
RKT008,2020,4,12.8,12.2,4.9,summer,estimated
RKT008,2020,5,19.2,18.3,4.9,summer,estimated
RKT008,2020,6,115.3,109.8,5.0,kharif,estimated
RKT008,2020,7,224.2,213.5,5.0,kharif,estimated
RKT008,2020,8,166.5,158.6,5.0,kharif,estimated
RKT008,2020,9,70.5,67.1,5.1,kharif,estimated
RKT008,2020,10,19.2,18.3,4.9,rabi,estimated
RKT008,2020,11,6.4,6.1,4.9,rabi,estimated
RKT008,2020,12,0.0,0.0,0.0,rabi,estimated
RKT008,2021,1,5.4,6.1,-11.5,rabi,estimated
RKT008,2021,2,5.4,6.1,-11.5,rabi,estimated
RKT008,2021,3,5.4,6.1,-11.5,rabi,estimated
RKT008,2021,4,10.7,12.2,-12.3,summer,estimated
RKT008,2021,5,16.1,18.3,-12.0,summer,estimated
RKT008,2021,6,96.6,109.8,-12.0,kharif,estimated
RKT008,2021,7,187.9,213.5,-12.0,kharif,estimated
RKT008,2021,8,139.6,158.6,-12.0,kharif,estimated
RKT008,2021,9,59.0,67.1,-12.1,kharif,estimated
RKT008,2021,10,16.1,18.3,-12.0,rabi,estimated
RKT008,2021,11,5.4,6.1,-11.5,rabi,estimated
RKT008,2021,12,0.0,0.0,0.0,rabi,estimated
RKT008,2022,1,5.7,6.1,-6.6,rabi,estimated
RKT008,2022,2,5.7,6.1,-6.6,rabi,estimated
RKT008,2022,3,5.7,6.1,-6.6,rabi,estimated
RKT008,2022,4,11.5,12.2,-5.7,summer,estimated
RKT008,2022,5,17.2,18.3,-6.0,summer,estimated
RKT008,2022,6,103.2,109.8,-6.0,kharif,estimated
RKT008,2022,7,200.7,213.5,-6.0,kharif,estimated
RKT008,2022,8,149.1,158.6,-6.0,kharif,estimated
RKT008,2022,9,63.1,67.1,-6.0,kharif,estimated
RKT008,2022,10,17.2,18.3,-6.0,rabi,estimated
RKT008,2022,11,5.7,6.1,-6.6,rabi,estimated
RKT008,2022,12,0.0,0.0,0.0,rabi,estimated
RKT008,2023,1,5.0,6.1,-18.0,rabi,estimated
RKT008,2023,2,5.0,6.1,-18.0,rabi,estimated
RKT008,2023,3,5.0,6.1,-18.0,rabi,estimated
RKT008,2023,4,10.0,12.2,-18.0,summer,estimated
RKT008,2023,5,15.0,18.3,-18.0,summer,estimated
RKT008,2023,6,90.0,109.8,-18.0,kharif,estimated
RKT008,2023,7,175.1,213.5,-18.0,kharif,estimated
RKT008,2023,8,130.1,158.6,-18.0,kharif,estimated
RKT008,2023,9,55.0,67.1,-18.0,kharif,estimated
RKT008,2023,10,15.0,18.3,-18.0,rabi,estimated
RKT008,2023,11,5.0,6.1,-18.0,rabi,estimated
RKT008,2023,12,0.0,0.0,0.0,rabi,estimated
RKT008,2024,1,6.0,6.1,-1.6,rabi,estimated
RKT008,2024,2,6.0,6.1,-1.6,rabi,estimated
RKT008,2024,3,6.0,6.1,-1.6,rabi,estimated
RKT008,2024,4,12.0,12.2,-1.6,summer,estimated
RKT008,2024,5,17.9,18.3,-2.2,summer,estimated
RKT008,2024,6,107.6,109.8,-2.0,kharif,estimated
RKT008,2024,7,209.2,213.5,-2.0,kharif,estimated
RKT008,2024,8,155.4,158.6,-2.0,kharif,estimated
RKT008,2024,9,65.8,67.1,-1.9,kharif,estimated
RKT008,2024,10,17.9,18.3,-2.2,rabi,estimated
RKT008,2024,11,6.0,6.1,-1.6,rabi,estimated
RKT008,2024,12,0.0,0.0,0.0,rabi,estimated
RKT009,2019,1,7.4,6.6,12.1,rabi,estimated
RKT009,2019,2,7.4,6.6,12.1,rabi,estimated
RKT009,2019,3,7.4,6.6,12.1,rabi,estimated
RKT009,2019,4,14.8,13.2,12.1,summer,estimated
RKT009,2019,5,22.2,19.8,12.1,summer,estimated
RKT009,2019,6,133.1,118.8,12.0,kharif,estimated
RKT009,2019,7,258.7,231.0,12.0,kharif,estimated
RKT009,2019,8,192.2,171.6,12.0,kharif,estimated
RKT009,2019,9,81.3,72.6,12.0,kharif,estimated
RKT009,2019,10,22.2,19.8,12.1,rabi,estimated
RKT009,2019,11,7.4,6.6,12.1,rabi,estimated
RKT009,2019,12,0.0,0.0,0.0,rabi,estimated
RKT009,2020,1,6.9,6.6,4.5,rabi,estimated
RKT009,2020,2,6.9,6.6,4.5,rabi,estimated
RKT009,2020,3,6.9,6.6,4.5,rabi,estimated
RKT009,2020,4,13.9,13.2,5.3,summer,estimated
RKT009,2020,5,20.8,19.8,5.1,summer,estimated
RKT009,2020,6,124.7,118.8,5.0,kharif,estimated
RKT009,2020,7,242.6,231.0,5.0,kharif,estimated
RKT009,2020,8,180.2,171.6,5.0,kharif,estimated
RKT009,2020,9,76.2,72.6,5.0,kharif,estimated
RKT009,2020,10,20.8,19.8,5.1,rabi,estimated
RKT009,2020,11,6.9,6.6,4.5,rabi,estimated
RKT009,2020,12,0.0,0.0,0.0,rabi,estimated
RKT009,2021,1,5.8,6.6,-12.1,rabi,estimated
RKT009,2021,2,5.8,6.6,-12.1,rabi,estimated
RKT009,2021,3,5.8,6.6,-12.1,rabi,estimated
RKT009,2021,4,11.6,13.2,-12.1,summer,estimated
RKT009,2021,5,17.4,19.8,-12.1,summer,estimated
RKT009,2021,6,104.5,118.8,-12.0,kharif,estimated
RKT009,2021,7,203.3,231.0,-12.0,kharif,estimated
RKT009,2021,8,151.0,171.6,-12.0,kharif,estimated
RKT009,2021,9,63.9,72.6,-12.0,kharif,estimated
RKT009,2021,10,17.4,19.8,-12.1,rabi,estimated
RKT009,2021,11,5.8,6.6,-12.1,rabi,estimated
RKT009,2021,12,0.0,0.0,0.0,rabi,estimated
RKT009,2022,1,6.2,6.6,-6.1,rabi,estimated
RKT009,2022,2,6.2,6.6,-6.1,rabi,estimated
RKT009,2022,3,6.2,6.6,-6.1,rabi,estimated
RKT009,2022,4,12.4,13.2,-6.1,summer,estimated
RKT009,2022,5,18.6,19.8,-6.1,summer,estimated
RKT009,2022,6,111.7,118.8,-6.0,kharif,estimated
RKT009,2022,7,217.1,231.0,-6.0,kharif,estimated
RKT009,2022,8,161.3,171.6,-6.0,kharif,estimated
RKT009,2022,9,68.2,72.6,-6.1,kharif,estimated
RKT009,2022,10,18.6,19.8,-6.1,rabi,estimated
RKT009,2022,11,6.2,6.6,-6.1,rabi,estimated
RKT009,2022,12,0.0,0.0,0.0,rabi,estimated
RKT009,2023,1,5.4,6.6,-18.2,rabi,estimated
RKT009,2023,2,5.4,6.6,-18.2,rabi,estimated
RKT009,2023,3,5.4,6.6,-18.2,rabi,estimated
RKT009,2023,4,10.8,13.2,-18.2,summer,estimated
RKT009,2023,5,16.2,19.8,-18.2,summer,estimated
RKT009,2023,6,97.4,118.8,-18.0,kharif,estimated
RKT009,2023,7,189.4,231.0,-18.0,kharif,estimated
RKT009,2023,8,140.7,171.6,-18.0,kharif,estimated
RKT009,2023,9,59.5,72.6,-18.0,kharif,estimated
RKT009,2023,10,16.2,19.8,-18.2,rabi,estimated
RKT009,2023,11,5.4,6.6,-18.2,rabi,estimated
RKT009,2023,12,0.0,0.0,0.0,rabi,estimated
RKT009,2024,1,6.5,6.6,-1.5,rabi,estimated
RKT009,2024,2,6.5,6.6,-1.5,rabi,estimated
RKT009,2024,3,6.5,6.6,-1.5,rabi,estimated
RKT009,2024,4,12.9,13.2,-2.3,summer,estimated
RKT009,2024,5,19.4,19.8,-2.0,summer,estimated
RKT009,2024,6,116.4,118.8,-2.0,kharif,estimated
RKT009,2024,7,226.4,231.0,-2.0,kharif,estimated
RKT009,2024,8,168.2,171.6,-2.0,kharif,estimated
RKT009,2024,9,71.1,72.6,-2.1,kharif,estimated
RKT009,2024,10,19.4,19.8,-2.0,rabi,estimated
RKT009,2024,11,6.5,6.6,-1.5,rabi,estimated
RKT009,2024,12,0.0,0.0,0.0,rabi,estimated
RKT010,2019,1,7.5,6.7,11.9,rabi,estimated
RKT010,2019,2,7.5,6.7,11.9,rabi,estimated
RKT010,2019,3,7.5,6.7,11.9,rabi,estimated
RKT010,2019,4,15.0,13.4,11.9,summer,estimated
RKT010,2019,5,22.6,20.2,11.9,summer,estimated
RKT010,2019,6,135.5,121.0,12.0,kharif,estimated
RKT010,2019,7,263.4,235.2,12.0,kharif,estimated
RKT010,2019,8,195.7,174.7,12.0,kharif,estimated
RKT010,2019,9,82.8,73.9,12.0,kharif,estimated
RKT010,2019,10,22.6,20.2,11.9,rabi,estimated
RKT010,2019,11,7.5,6.7,11.9,rabi,estimated
RKT010,2019,12,0.0,0.0,0.0,rabi,estimated
RKT010,2020,1,7.0,6.7,4.5,rabi,estimated
RKT010,2020,2,7.0,6.7,4.5,rabi,estimated
RKT010,2020,3,7.0,6.7,4.5,rabi,estimated
RKT010,2020,4,14.1,13.4,5.2,summer,estimated
RKT010,2020,5,21.2,20.2,5.0,summer,estimated
RKT010,2020,6,127.1,121.0,5.0,kharif,estimated
RKT010,2020,7,247.0,235.2,5.0,kharif,estimated
RKT010,2020,8,183.4,174.7,5.0,kharif,estimated
RKT010,2020,9,77.6,73.9,5.0,kharif,estimated
RKT010,2020,10,21.2,20.2,5.0,rabi,estimated
RKT010,2020,11,7.0,6.7,4.5,rabi,estimated
RKT010,2020,12,0.0,0.0,0.0,rabi,estimated
RKT010,2021,1,5.9,6.7,-11.9,rabi,estimated
RKT010,2021,2,5.9,6.7,-11.9,rabi,estimated
RKT010,2021,3,5.9,6.7,-11.9,rabi,estimated
RKT010,2021,4,11.8,13.4,-11.9,summer,estimated
RKT010,2021,5,17.8,20.2,-11.9,summer,estimated
RKT010,2021,6,106.5,121.0,-12.0,kharif,estimated
RKT010,2021,7,207.0,235.2,-12.0,kharif,estimated
RKT010,2021,8,153.7,174.7,-12.0,kharif,estimated
RKT010,2021,9,65.0,73.9,-12.0,kharif,estimated
RKT010,2021,10,17.8,20.2,-11.9,rabi,estimated
RKT010,2021,11,5.9,6.7,-11.9,rabi,estimated
RKT010,2021,12,0.0,0.0,0.0,rabi,estimated
RKT010,2022,1,6.3,6.7,-6.0,rabi,estimated
RKT010,2022,2,6.3,6.7,-6.0,rabi,estimated
RKT010,2022,3,6.3,6.7,-6.0,rabi,estimated
RKT010,2022,4,12.6,13.4,-6.0,summer,estimated
RKT010,2022,5,19.0,20.2,-5.9,summer,estimated
RKT010,2022,6,113.7,121.0,-6.0,kharif,estimated
RKT010,2022,7,221.1,235.2,-6.0,kharif,estimated
RKT010,2022,8,164.2,174.7,-6.0,kharif,estimated
RKT010,2022,9,69.5,73.9,-6.0,kharif,estimated
RKT010,2022,10,19.0,20.2,-5.9,rabi,estimated
RKT010,2022,11,6.3,6.7,-6.0,rabi,estimated
RKT010,2022,12,0.0,0.0,0.0,rabi,estimated
RKT010,2023,1,5.5,6.7,-17.9,rabi,estimated
RKT010,2023,2,5.5,6.7,-17.9,rabi,estimated
RKT010,2023,3,5.5,6.7,-17.9,rabi,estimated
RKT010,2023,4,11.0,13.4,-17.9,summer,estimated
RKT010,2023,5,16.6,20.2,-17.8,summer,estimated
RKT010,2023,6,99.2,121.0,-18.0,kharif,estimated
RKT010,2023,7,192.9,235.2,-18.0,kharif,estimated
RKT010,2023,8,143.3,174.7,-18.0,kharif,estimated
RKT010,2023,9,60.6,73.9,-18.0,kharif,estimated
RKT010,2023,10,16.6,20.2,-17.8,rabi,estimated
RKT010,2023,11,5.5,6.7,-17.9,rabi,estimated
RKT010,2023,12,0.0,0.0,0.0,rabi,estimated
RKT010,2024,1,6.6,6.7,-1.5,rabi,estimated
RKT010,2024,2,6.6,6.7,-1.5,rabi,estimated
RKT010,2024,3,6.6,6.7,-1.5,rabi,estimated
RKT010,2024,4,13.1,13.4,-2.2,summer,estimated
RKT010,2024,5,19.8,20.2,-2.0,summer,estimated
RKT010,2024,6,118.6,121.0,-2.0,kharif,estimated
RKT010,2024,7,230.5,235.2,-2.0,kharif,estimated
RKT010,2024,8,171.2,174.7,-2.0,kharif,estimated
RKT010,2024,9,72.4,73.9,-2.0,kharif,estimated
RKT010,2024,10,19.8,20.2,-2.0,rabi,estimated
RKT010,2024,11,6.6,6.7,-1.5,rabi,estimated
RKT010,2024,12,0.0,0.0,0.0,rabi,estimated
RKT011,2019,1,7.8,7.0,11.4,rabi,estimated
RKT011,2019,2,7.8,7.0,11.4,rabi,estimated
RKT011,2019,3,7.8,7.0,11.4,rabi,estimated
RKT011,2019,4,15.6,13.9,12.2,summer,estimated
RKT011,2019,5,23.3,20.8,12.0,summer,estimated
RKT011,2019,6,140.1,125.1,12.0,kharif,estimated
RKT011,2019,7,272.4,243.2,12.0,kharif,estimated
RKT011,2019,8,202.4,180.7,12.0,kharif,estimated
RKT011,2019,9,85.7,76.5,12.0,kharif,estimated
RKT011,2019,10,23.3,20.8,12.0,rabi,estimated
RKT011,2019,11,7.8,7.0,11.4,rabi,estimated
RKT011,2019,12,0.0,0.0,0.0,rabi,estimated
RKT011,2020,1,7.4,7.0,5.7,rabi,estimated
RKT011,2020,2,7.4,7.0,5.7,rabi,estimated
RKT011,2020,3,7.4,7.0,5.7,rabi,estimated
RKT011,2020,4,14.6,13.9,5.0,summer,estimated
RKT011,2020,5,21.8,20.8,4.8,summer,estimated
RKT011,2020,6,131.4,125.1,5.0,kharif,estimated
RKT011,2020,7,255.4,243.2,5.0,kharif,estimated
RKT011,2020,8,189.7,180.7,5.0,kharif,estimated
RKT011,2020,9,80.3,76.5,5.0,kharif,estimated
RKT011,2020,10,21.8,20.8,4.8,rabi,estimated
RKT011,2020,11,7.4,7.0,5.7,rabi,estimated
RKT011,2020,12,0.0,0.0,0.0,rabi,estimated
RKT011,2021,1,6.2,7.0,-11.4,rabi,estimated
RKT011,2021,2,6.2,7.0,-11.4,rabi,estimated
RKT011,2021,3,6.2,7.0,-11.4,rabi,estimated
RKT011,2021,4,12.2,13.9,-12.2,summer,estimated
RKT011,2021,5,18.3,20.8,-12.0,summer,estimated
RKT011,2021,6,110.1,125.1,-12.0,kharif,estimated
RKT011,2021,7,214.0,243.2,-12.0,kharif,estimated
RKT011,2021,8,159.0,180.7,-12.0,kharif,estimated
RKT011,2021,9,67.3,76.5,-12.0,kharif,estimated
RKT011,2021,10,18.3,20.8,-12.0,rabi,estimated
RKT011,2021,11,6.2,7.0,-11.4,rabi,estimated
RKT011,2021,12,0.0,0.0,0.0,rabi,estimated
RKT011,2022,1,6.6,7.0,-5.7,rabi,estimated
RKT011,2022,2,6.6,7.0,-5.7,rabi,estimated
RKT011,2022,3,6.6,7.0,-5.7,rabi,estimated
RKT011,2022,4,13.1,13.9,-5.8,summer,estimated
RKT011,2022,5,19.6,20.8,-5.8,summer,estimated
RKT011,2022,6,117.6,125.1,-6.0,kharif,estimated
RKT011,2022,7,228.6,243.2,-6.0,kharif,estimated
RKT011,2022,8,169.9,180.7,-6.0,kharif,estimated
RKT011,2022,9,71.9,76.5,-6.0,kharif,estimated
RKT011,2022,10,19.6,20.8,-5.8,rabi,estimated
RKT011,2022,11,6.6,7.0,-5.7,rabi,estimated
RKT011,2022,12,0.0,0.0,0.0,rabi,estimated
RKT011,2023,1,5.7,7.0,-18.6,rabi,estimated
RKT011,2023,2,5.7,7.0,-18.6,rabi,estimated
RKT011,2023,3,5.7,7.0,-18.6,rabi,estimated
RKT011,2023,4,11.4,13.9,-18.0,summer,estimated
RKT011,2023,5,17.1,20.8,-17.8,summer,estimated
RKT011,2023,6,102.6,125.1,-18.0,kharif,estimated
RKT011,2023,7,199.4,243.2,-18.0,kharif,estimated
RKT011,2023,8,148.2,180.7,-18.0,kharif,estimated
RKT011,2023,9,62.7,76.5,-18.0,kharif,estimated
RKT011,2023,10,17.1,20.8,-17.8,rabi,estimated
RKT011,2023,11,5.7,7.0,-18.6,rabi,estimated
RKT011,2023,12,0.0,0.0,0.0,rabi,estimated
RKT011,2024,1,6.9,7.0,-1.4,rabi,estimated
RKT011,2024,2,6.9,7.0,-1.4,rabi,estimated
RKT011,2024,3,6.9,7.0,-1.4,rabi,estimated
RKT011,2024,4,13.6,13.9,-2.2,summer,estimated
RKT011,2024,5,20.4,20.8,-1.9,summer,estimated
RKT011,2024,6,122.6,125.1,-2.0,kharif,estimated
RKT011,2024,7,238.3,243.2,-2.0,kharif,estimated
RKT011,2024,8,177.1,180.7,-2.0,kharif,estimated
RKT011,2024,9,75.0,76.5,-2.0,kharif,estimated
RKT011,2024,10,20.4,20.8,-1.9,rabi,estimated
RKT011,2024,11,6.9,7.0,-1.4,rabi,estimated
RKT011,2024,12,0.0,0.0,0.0,rabi,estimated
RKT012,2019,1,7.8,7.0,11.4,rabi,estimated
RKT012,2019,2,7.8,7.0,11.4,rabi,estimated
RKT012,2019,3,7.8,7.0,11.4,rabi,estimated
RKT012,2019,4,15.8,14.1,12.1,summer,estimated
RKT012,2019,5,23.6,21.1,11.8,summer,estimated
RKT012,2019,6,142.1,126.9,12.0,kharif,estimated
RKT012,2019,7,276.3,246.7,12.0,kharif,estimated
RKT012,2019,8,205.3,183.3,12.0,kharif,estimated
RKT012,2019,9,86.8,77.5,12.0,kharif,estimated
RKT012,2019,10,23.6,21.1,11.8,rabi,estimated
RKT012,2019,11,7.8,7.0,11.4,rabi,estimated
RKT012,2019,12,0.0,0.0,0.0,rabi,estimated
RKT012,2020,1,7.4,7.0,5.7,rabi,estimated
RKT012,2020,2,7.4,7.0,5.7,rabi,estimated
RKT012,2020,3,7.4,7.0,5.7,rabi,estimated
RKT012,2020,4,14.8,14.1,5.0,summer,estimated
RKT012,2020,5,22.2,21.1,5.2,summer,estimated
RKT012,2020,6,133.2,126.9,5.0,kharif,estimated
RKT012,2020,7,259.0,246.7,5.0,kharif,estimated
RKT012,2020,8,192.5,183.3,5.0,kharif,estimated
RKT012,2020,9,81.4,77.5,5.0,kharif,estimated
RKT012,2020,10,22.2,21.1,5.2,rabi,estimated
RKT012,2020,11,7.4,7.0,5.7,rabi,estimated
RKT012,2020,12,0.0,0.0,0.0,rabi,estimated
RKT012,2021,1,6.2,7.0,-11.4,rabi,estimated
RKT012,2021,2,6.2,7.0,-11.4,rabi,estimated
RKT012,2021,3,6.2,7.0,-11.4,rabi,estimated
RKT012,2021,4,12.4,14.1,-12.1,summer,estimated
RKT012,2021,5,18.6,21.1,-11.8,summer,estimated
RKT012,2021,6,111.7,126.9,-12.0,kharif,estimated
RKT012,2021,7,217.1,246.7,-12.0,kharif,estimated
RKT012,2021,8,161.3,183.3,-12.0,kharif,estimated
RKT012,2021,9,68.2,77.5,-12.0,kharif,estimated
RKT012,2021,10,18.6,21.1,-11.8,rabi,estimated
RKT012,2021,11,6.2,7.0,-11.4,rabi,estimated
RKT012,2021,12,0.0,0.0,0.0,rabi,estimated
RKT012,2022,1,6.6,7.0,-5.7,rabi,estimated
RKT012,2022,2,6.6,7.0,-5.7,rabi,estimated
RKT012,2022,3,6.6,7.0,-5.7,rabi,estimated
RKT012,2022,4,13.3,14.1,-5.7,summer,estimated
RKT012,2022,5,19.8,21.1,-6.2,summer,estimated
RKT012,2022,6,119.3,126.9,-6.0,kharif,estimated
RKT012,2022,7,231.9,246.7,-6.0,kharif,estimated
RKT012,2022,8,172.3,183.3,-6.0,kharif,estimated
RKT012,2022,9,72.8,77.5,-6.1,kharif,estimated
RKT012,2022,10,19.8,21.1,-6.2,rabi,estimated
RKT012,2022,11,6.6,7.0,-5.7,rabi,estimated
RKT012,2022,12,0.0,0.0,0.0,rabi,estimated
RKT012,2023,1,5.7,7.0,-18.6,rabi,estimated
RKT012,2023,2,5.7,7.0,-18.6,rabi,estimated
RKT012,2023,3,5.7,7.0,-18.6,rabi,estimated
RKT012,2023,4,11.6,14.1,-17.7,summer,estimated
RKT012,2023,5,17.3,21.1,-18.0,summer,estimated
RKT012,2023,6,104.1,126.9,-18.0,kharif,estimated
RKT012,2023,7,202.3,246.7,-18.0,kharif,estimated
RKT012,2023,8,150.3,183.3,-18.0,kharif,estimated
RKT012,2023,9,63.5,77.5,-18.1,kharif,estimated
RKT012,2023,10,17.3,21.1,-18.0,rabi,estimated
RKT012,2023,11,5.7,7.0,-18.6,rabi,estimated
RKT012,2023,12,0.0,0.0,0.0,rabi,estimated
RKT012,2024,1,6.9,7.0,-1.4,rabi,estimated
RKT012,2024,2,6.9,7.0,-1.4,rabi,estimated
RKT012,2024,3,6.9,7.0,-1.4,rabi,estimated
RKT012,2024,4,13.8,14.1,-2.1,summer,estimated
RKT012,2024,5,20.7,21.1,-1.9,summer,estimated
RKT012,2024,6,124.4,126.9,-2.0,kharif,estimated
RKT012,2024,7,241.8,246.7,-2.0,kharif,estimated
RKT012,2024,8,179.6,183.3,-2.0,kharif,estimated
RKT012,2024,9,76.0,77.5,-1.9,kharif,estimated
RKT012,2024,10,20.7,21.1,-1.9,rabi,estimated
RKT012,2024,11,6.9,7.0,-1.4,rabi,estimated
RKT012,2024,12,0.0,0.0,0.0,rabi,estimated
RKT013,2019,1,5.7,5.1,11.8,rabi,estimated
RKT013,2019,2,5.7,5.1,11.8,rabi,estimated
RKT013,2019,3,5.7,5.1,11.8,rabi,estimated
RKT013,2019,4,11.4,10.2,11.8,summer,estimated
RKT013,2019,5,17.1,15.3,11.8,summer,estimated
RKT013,2019,6,102.8,91.8,12.0,kharif,estimated
RKT013,2019,7,199.9,178.5,12.0,kharif,estimated
RKT013,2019,8,148.5,132.6,12.0,kharif,estimated
RKT013,2019,9,62.8,56.1,11.9,kharif,estimated
RKT013,2019,10,17.1,15.3,11.8,rabi,estimated
RKT013,2019,11,5.7,5.1,11.8,rabi,estimated
RKT013,2019,12,0.0,0.0,0.0,rabi,estimated
RKT013,2020,1,5.4,5.1,5.9,rabi,estimated
RKT013,2020,2,5.4,5.1,5.9,rabi,estimated
RKT013,2020,3,5.4,5.1,5.9,rabi,estimated
RKT013,2020,4,10.7,10.2,4.9,summer,estimated
RKT013,2020,5,16.1,15.3,5.2,summer,estimated
RKT013,2020,6,96.4,91.8,5.0,kharif,estimated
RKT013,2020,7,187.4,178.5,5.0,kharif,estimated
RKT013,2020,8,139.2,132.6,5.0,kharif,estimated
RKT013,2020,9,58.9,56.1,5.0,kharif,estimated
RKT013,2020,10,16.1,15.3,5.2,rabi,estimated
RKT013,2020,11,5.4,5.1,5.9,rabi,estimated
RKT013,2020,12,0.0,0.0,0.0,rabi,estimated
RKT013,2021,1,4.5,5.1,-11.8,rabi,estimated
RKT013,2021,2,4.5,5.1,-11.8,rabi,estimated
RKT013,2021,3,4.5,5.1,-11.8,rabi,estimated
RKT013,2021,4,9.0,10.2,-11.8,summer,estimated
RKT013,2021,5,13.5,15.3,-11.8,summer,estimated
RKT013,2021,6,80.8,91.8,-12.0,kharif,estimated
RKT013,2021,7,157.1,178.5,-12.0,kharif,estimated
RKT013,2021,8,116.7,132.6,-12.0,kharif,estimated
RKT013,2021,9,49.4,56.1,-11.9,kharif,estimated
RKT013,2021,10,13.5,15.3,-11.8,rabi,estimated
RKT013,2021,11,4.5,5.1,-11.8,rabi,estimated
RKT013,2021,12,0.0,0.0,0.0,rabi,estimated
RKT013,2022,1,4.8,5.1,-5.9,rabi,estimated
RKT013,2022,2,4.8,5.1,-5.9,rabi,estimated
RKT013,2022,3,4.8,5.1,-5.9,rabi,estimated
RKT013,2022,4,9.6,10.2,-5.9,summer,estimated
RKT013,2022,5,14.4,15.3,-5.9,summer,estimated
RKT013,2022,6,86.3,91.8,-6.0,kharif,estimated
RKT013,2022,7,167.8,178.5,-6.0,kharif,estimated
RKT013,2022,8,124.6,132.6,-6.0,kharif,estimated
RKT013,2022,9,52.7,56.1,-6.1,kharif,estimated
RKT013,2022,10,14.4,15.3,-5.9,rabi,estimated
RKT013,2022,11,4.8,5.1,-5.9,rabi,estimated
RKT013,2022,12,0.0,0.0,0.0,rabi,estimated
RKT013,2023,1,4.2,5.1,-17.6,rabi,estimated
RKT013,2023,2,4.2,5.1,-17.6,rabi,estimated
RKT013,2023,3,4.2,5.1,-17.6,rabi,estimated
RKT013,2023,4,8.4,10.2,-17.6,summer,estimated
RKT013,2023,5,12.5,15.3,-18.3,summer,estimated
RKT013,2023,6,75.3,91.8,-18.0,kharif,estimated
RKT013,2023,7,146.4,178.5,-18.0,kharif,estimated
RKT013,2023,8,108.7,132.6,-18.0,kharif,estimated
RKT013,2023,9,46.0,56.1,-18.0,kharif,estimated
RKT013,2023,10,12.5,15.3,-18.3,rabi,estimated
RKT013,2023,11,4.2,5.1,-17.6,rabi,estimated
RKT013,2023,12,0.0,0.0,0.0,rabi,estimated
RKT013,2024,1,5.0,5.1,-2.0,rabi,estimated
RKT013,2024,2,5.0,5.1,-2.0,rabi,estimated
RKT013,2024,3,5.0,5.1,-2.0,rabi,estimated
RKT013,2024,4,10.0,10.2,-2.0,summer,estimated
RKT013,2024,5,15.0,15.3,-2.0,summer,estimated
RKT013,2024,6,90.0,91.8,-2.0,kharif,estimated
RKT013,2024,7,174.9,178.5,-2.0,kharif,estimated
RKT013,2024,8,129.9,132.6,-2.0,kharif,estimated
RKT013,2024,9,55.0,56.1,-2.0,kharif,estimated
RKT013,2024,10,15.0,15.3,-2.0,rabi,estimated
RKT013,2024,11,5.0,5.1,-2.0,rabi,estimated
RKT013,2024,12,0.0,0.0,0.0,rabi,estimated
RKT014,2019,1,5.9,5.3,11.3,rabi,estimated
RKT014,2019,2,5.9,5.3,11.3,rabi,estimated
RKT014,2019,3,5.9,5.3,11.3,rabi,estimated
RKT014,2019,4,11.9,10.6,12.3,summer,estimated
RKT014,2019,5,17.8,15.9,11.9,summer,estimated
RKT014,2019,6,106.8,95.4,11.9,kharif,estimated
RKT014,2019,7,207.8,185.5,12.0,kharif,estimated
RKT014,2019,8,154.3,137.8,12.0,kharif,estimated
RKT014,2019,9,65.3,58.3,12.0,kharif,estimated
RKT014,2019,10,17.8,15.9,11.9,rabi,estimated
RKT014,2019,11,5.9,5.3,11.3,rabi,estimated
RKT014,2019,12,0.0,0.0,0.0,rabi,estimated
RKT014,2020,1,5.6,5.3,5.7,rabi,estimated
RKT014,2020,2,5.6,5.3,5.7,rabi,estimated
RKT014,2020,3,5.6,5.3,5.7,rabi,estimated
RKT014,2020,4,11.1,10.6,4.7,summer,estimated
RKT014,2020,5,16.7,15.9,5.0,summer,estimated
RKT014,2020,6,100.2,95.4,5.0,kharif,estimated
RKT014,2020,7,194.8,185.5,5.0,kharif,estimated
RKT014,2020,8,144.7,137.8,5.0,kharif,estimated
RKT014,2020,9,61.2,58.3,5.0,kharif,estimated
RKT014,2020,10,16.7,15.9,5.0,rabi,estimated
RKT014,2020,11,5.6,5.3,5.7,rabi,estimated
RKT014,2020,12,0.0,0.0,0.0,rabi,estimated
RKT014,2021,1,4.7,5.3,-11.3,rabi,estimated
RKT014,2021,2,4.7,5.3,-11.3,rabi,estimated
RKT014,2021,3,4.7,5.3,-11.3,rabi,estimated
RKT014,2021,4,9.3,10.6,-12.3,summer,estimated
RKT014,2021,5,14.0,15.9,-11.9,summer,estimated
RKT014,2021,6,84.0,95.4,-11.9,kharif,estimated
RKT014,2021,7,163.2,185.5,-12.0,kharif,estimated
RKT014,2021,8,121.3,137.8,-12.0,kharif,estimated
RKT014,2021,9,51.3,58.3,-12.0,kharif,estimated
RKT014,2021,10,14.0,15.9,-11.9,rabi,estimated
RKT014,2021,11,4.7,5.3,-11.3,rabi,estimated
RKT014,2021,12,0.0,0.0,0.0,rabi,estimated
RKT014,2022,1,5.0,5.3,-5.7,rabi,estimated
RKT014,2022,2,5.0,5.3,-5.7,rabi,estimated
RKT014,2022,3,5.0,5.3,-5.7,rabi,estimated
RKT014,2022,4,10.0,10.6,-5.7,summer,estimated
RKT014,2022,5,14.9,15.9,-6.3,summer,estimated
RKT014,2022,6,89.7,95.4,-6.0,kharif,estimated
RKT014,2022,7,174.4,185.5,-6.0,kharif,estimated
RKT014,2022,8,129.5,137.8,-6.0,kharif,estimated
RKT014,2022,9,54.8,58.3,-6.0,kharif,estimated
RKT014,2022,10,14.9,15.9,-6.3,rabi,estimated
RKT014,2022,11,5.0,5.3,-5.7,rabi,estimated
RKT014,2022,12,0.0,0.0,0.0,rabi,estimated
RKT014,2023,1,4.3,5.3,-18.9,rabi,estimated
RKT014,2023,2,4.3,5.3,-18.9,rabi,estimated
RKT014,2023,3,4.3,5.3,-18.9,rabi,estimated
RKT014,2023,4,8.7,10.6,-17.9,summer,estimated
RKT014,2023,5,13.0,15.9,-18.2,summer,estimated
RKT014,2023,6,78.2,95.4,-18.0,kharif,estimated
RKT014,2023,7,152.1,185.5,-18.0,kharif,estimated
RKT014,2023,8,113.0,137.8,-18.0,kharif,estimated
RKT014,2023,9,47.8,58.3,-18.0,kharif,estimated
RKT014,2023,10,13.0,15.9,-18.2,rabi,estimated
RKT014,2023,11,4.3,5.3,-18.9,rabi,estimated
RKT014,2023,12,0.0,0.0,0.0,rabi,estimated
RKT014,2024,1,5.2,5.3,-1.9,rabi,estimated
RKT014,2024,2,5.2,5.3,-1.9,rabi,estimated
RKT014,2024,3,5.2,5.3,-1.9,rabi,estimated
RKT014,2024,4,10.4,10.6,-1.9,summer,estimated
RKT014,2024,5,15.6,15.9,-1.9,summer,estimated
RKT014,2024,6,93.5,95.4,-2.0,kharif,estimated
RKT014,2024,7,181.8,185.5,-2.0,kharif,estimated
RKT014,2024,8,135.0,137.8,-2.0,kharif,estimated
RKT014,2024,9,57.1,58.3,-2.1,kharif,estimated
RKT014,2024,10,15.6,15.9,-1.9,rabi,estimated
RKT014,2024,11,5.2,5.3,-1.9,rabi,estimated
RKT014,2024,12,0.0,0.0,0.0,rabi,estimated
RKT015,2019,1,6.9,6.2,11.3,rabi,estimated
RKT015,2019,2,6.9,6.2,11.3,rabi,estimated
RKT015,2019,3,6.9,6.2,11.3,rabi,estimated
RKT015,2019,4,13.8,12.3,12.2,summer,estimated
RKT015,2019,5,20.6,18.4,12.0,summer,estimated
RKT015,2019,6,124.0,110.7,12.0,kharif,estimated
RKT015,2019,7,241.0,215.2,12.0,kharif,estimated
RKT015,2019,8,179.1,159.9,12.0,kharif,estimated
RKT015,2019,9,75.8,67.7,12.0,kharif,estimated
RKT015,2019,10,20.6,18.4,12.0,rabi,estimated
RKT015,2019,11,6.9,6.2,11.3,rabi,estimated
RKT015,2019,12,0.0,0.0,0.0,rabi,estimated
RKT015,2020,1,6.5,6.2,4.8,rabi,estimated
RKT015,2020,2,6.5,6.2,4.8,rabi,estimated
RKT015,2020,3,6.5,6.2,4.8,rabi,estimated
RKT015,2020,4,12.9,12.3,4.9,summer,estimated
RKT015,2020,5,19.3,18.4,4.9,summer,estimated
RKT015,2020,6,116.2,110.7,5.0,kharif,estimated
RKT015,2020,7,226.0,215.2,5.0,kharif,estimated
RKT015,2020,8,167.9,159.9,5.0,kharif,estimated
RKT015,2020,9,71.1,67.7,5.0,kharif,estimated
RKT015,2020,10,19.3,18.4,4.9,rabi,estimated
RKT015,2020,11,6.5,6.2,4.8,rabi,estimated
RKT015,2020,12,0.0,0.0,0.0,rabi,estimated
RKT015,2021,1,5.5,6.2,-11.3,rabi,estimated
RKT015,2021,2,5.5,6.2,-11.3,rabi,estimated
RKT015,2021,3,5.5,6.2,-11.3,rabi,estimated
RKT015,2021,4,10.8,12.3,-12.2,summer,estimated
RKT015,2021,5,16.2,18.4,-12.0,summer,estimated
RKT015,2021,6,97.4,110.7,-12.0,kharif,estimated
RKT015,2021,7,189.4,215.2,-12.0,kharif,estimated
RKT015,2021,8,140.7,159.9,-12.0,kharif,estimated
RKT015,2021,9,59.6,67.7,-12.0,kharif,estimated
RKT015,2021,10,16.2,18.4,-12.0,rabi,estimated
RKT015,2021,11,5.5,6.2,-11.3,rabi,estimated
RKT015,2021,12,0.0,0.0,0.0,rabi,estimated
RKT015,2022,1,5.8,6.2,-6.5,rabi,estimated
RKT015,2022,2,5.8,6.2,-6.5,rabi,estimated
RKT015,2022,3,5.8,6.2,-6.5,rabi,estimated
RKT015,2022,4,11.6,12.3,-5.7,summer,estimated
RKT015,2022,5,17.3,18.4,-6.0,summer,estimated
RKT015,2022,6,104.1,110.7,-6.0,kharif,estimated
RKT015,2022,7,202.3,215.2,-6.0,kharif,estimated
RKT015,2022,8,150.3,159.9,-6.0,kharif,estimated
RKT015,2022,9,63.6,67.7,-6.1,kharif,estimated
RKT015,2022,10,17.3,18.4,-6.0,rabi,estimated
RKT015,2022,11,5.8,6.2,-6.5,rabi,estimated
RKT015,2022,12,0.0,0.0,0.0,rabi,estimated
RKT015,2023,1,5.1,6.2,-17.7,rabi,estimated
RKT015,2023,2,5.1,6.2,-17.7,rabi,estimated
RKT015,2023,3,5.1,6.2,-17.7,rabi,estimated
RKT015,2023,4,10.1,12.3,-17.9,summer,estimated
RKT015,2023,5,15.1,18.4,-17.9,summer,estimated
RKT015,2023,6,90.8,110.7,-18.0,kharif,estimated
RKT015,2023,7,176.5,215.2,-18.0,kharif,estimated
RKT015,2023,8,131.1,159.9,-18.0,kharif,estimated
RKT015,2023,9,55.5,67.7,-18.0,kharif,estimated
RKT015,2023,10,15.1,18.4,-17.9,rabi,estimated
RKT015,2023,11,5.1,6.2,-17.7,rabi,estimated
RKT015,2023,12,0.0,0.0,0.0,rabi,estimated
RKT015,2024,1,6.1,6.2,-1.6,rabi,estimated
RKT015,2024,2,6.1,6.2,-1.6,rabi,estimated
RKT015,2024,3,6.1,6.2,-1.6,rabi,estimated
RKT015,2024,4,12.1,12.3,-1.6,summer,estimated
RKT015,2024,5,18.0,18.4,-2.2,summer,estimated
RKT015,2024,6,108.5,110.7,-2.0,kharif,estimated
RKT015,2024,7,210.9,215.2,-2.0,kharif,estimated
RKT015,2024,8,156.7,159.9,-2.0,kharif,estimated
RKT015,2024,9,66.3,67.7,-2.1,kharif,estimated
RKT015,2024,10,18.0,18.4,-2.2,rabi,estimated
RKT015,2024,11,6.1,6.2,-1.6,rabi,estimated
RKT015,2024,12,0.0,0.0,0.0,rabi,estimated
JNG001,2019,1,8.6,7.7,11.7,rabi,estimated
JNG001,2019,2,8.6,7.7,11.7,rabi,estimated
JNG001,2019,3,8.6,7.7,11.7,rabi,estimated
JNG001,2019,4,17.2,15.4,11.7,summer,estimated
JNG001,2019,5,25.9,23.1,12.1,summer,estimated
JNG001,2019,6,155.2,138.6,12.0,kharif,estimated
JNG001,2019,7,301.8,269.5,12.0,kharif,estimated
JNG001,2019,8,224.2,200.2,12.0,kharif,estimated
JNG001,2019,9,94.9,84.7,12.0,kharif,estimated
JNG001,2019,10,25.9,23.1,12.1,rabi,estimated
JNG001,2019,11,8.6,7.7,11.7,rabi,estimated
JNG001,2019,12,0.0,0.0,0.0,rabi,estimated
JNG001,2020,1,8.1,7.7,5.2,rabi,estimated
JNG001,2020,2,8.1,7.7,5.2,rabi,estimated
JNG001,2020,3,8.1,7.7,5.2,rabi,estimated
JNG001,2020,4,16.2,15.4,5.2,summer,estimated
JNG001,2020,5,24.3,23.1,5.2,summer,estimated
JNG001,2020,6,145.5,138.6,5.0,kharif,estimated
JNG001,2020,7,283.0,269.5,5.0,kharif,estimated
JNG001,2020,8,210.2,200.2,5.0,kharif,estimated
JNG001,2020,9,88.9,84.7,5.0,kharif,estimated
JNG001,2020,10,24.3,23.1,5.2,rabi,estimated
JNG001,2020,11,8.1,7.7,5.2,rabi,estimated
JNG001,2020,12,0.0,0.0,0.0,rabi,estimated
JNG001,2021,1,6.8,7.7,-11.7,rabi,estimated
JNG001,2021,2,6.8,7.7,-11.7,rabi,estimated
JNG001,2021,3,6.8,7.7,-11.7,rabi,estimated
JNG001,2021,4,13.6,15.4,-11.7,summer,estimated
JNG001,2021,5,20.3,23.1,-12.1,summer,estimated
JNG001,2021,6,122.0,138.6,-12.0,kharif,estimated
JNG001,2021,7,237.2,269.5,-12.0,kharif,estimated
JNG001,2021,8,176.2,200.2,-12.0,kharif,estimated
JNG001,2021,9,74.5,84.7,-12.0,kharif,estimated
JNG001,2021,10,20.3,23.1,-12.1,rabi,estimated
JNG001,2021,11,6.8,7.7,-11.7,rabi,estimated
JNG001,2021,12,0.0,0.0,0.0,rabi,estimated
JNG001,2022,1,7.2,7.7,-6.5,rabi,estimated
JNG001,2022,2,7.2,7.7,-6.5,rabi,estimated
JNG001,2022,3,7.2,7.7,-6.5,rabi,estimated
JNG001,2022,4,14.5,15.4,-5.8,summer,estimated
JNG001,2022,5,21.7,23.1,-6.1,summer,estimated
JNG001,2022,6,130.3,138.6,-6.0,kharif,estimated
JNG001,2022,7,253.3,269.5,-6.0,kharif,estimated
JNG001,2022,8,188.2,200.2,-6.0,kharif,estimated
JNG001,2022,9,79.6,84.7,-6.0,kharif,estimated
JNG001,2022,10,21.7,23.1,-6.1,rabi,estimated
JNG001,2022,11,7.2,7.7,-6.5,rabi,estimated
JNG001,2022,12,0.0,0.0,0.0,rabi,estimated
JNG001,2023,1,6.3,7.7,-18.2,rabi,estimated
JNG001,2023,2,6.3,7.7,-18.2,rabi,estimated
JNG001,2023,3,6.3,7.7,-18.2,rabi,estimated
JNG001,2023,4,12.6,15.4,-18.2,summer,estimated
JNG001,2023,5,18.9,23.1,-18.2,summer,estimated
JNG001,2023,6,113.7,138.6,-18.0,kharif,estimated
JNG001,2023,7,221.0,269.5,-18.0,kharif,estimated
JNG001,2023,8,164.2,200.2,-18.0,kharif,estimated
JNG001,2023,9,69.5,84.7,-17.9,kharif,estimated
JNG001,2023,10,18.9,23.1,-18.2,rabi,estimated
JNG001,2023,11,6.3,7.7,-18.2,rabi,estimated
JNG001,2023,12,0.0,0.0,0.0,rabi,estimated
JNG001,2024,1,7.5,7.7,-2.6,rabi,estimated
JNG001,2024,2,7.5,7.7,-2.6,rabi,estimated
JNG001,2024,3,7.5,7.7,-2.6,rabi,estimated
JNG001,2024,4,15.1,15.4,-1.9,summer,estimated
JNG001,2024,5,22.6,23.1,-2.2,summer,estimated
JNG001,2024,6,135.8,138.6,-2.0,kharif,estimated
JNG001,2024,7,264.1,269.5,-2.0,kharif,estimated
JNG001,2024,8,196.2,200.2,-2.0,kharif,estimated
JNG001,2024,9,83.0,84.7,-2.0,kharif,estimated
JNG001,2024,10,22.6,23.1,-2.2,rabi,estimated
JNG001,2024,11,7.5,7.7,-2.6,rabi,estimated
JNG001,2024,12,0.0,0.0,0.0,rabi,estimated
JNG002,2019,1,8.3,7.4,12.2,rabi,estimated
JNG002,2019,2,8.3,7.4,12.2,rabi,estimated
JNG002,2019,3,8.3,7.4,12.2,rabi,estimated
JNG002,2019,4,16.5,14.7,12.2,summer,estimated
JNG002,2019,5,24.8,22.1,12.2,summer,estimated
JNG002,2019,6,148.2,132.3,12.0,kharif,estimated
JNG002,2019,7,288.1,257.2,12.0,kharif,estimated
JNG002,2019,8,214.0,191.1,12.0,kharif,estimated
JNG002,2019,9,90.5,80.8,12.0,kharif,estimated
JNG002,2019,10,24.8,22.1,12.2,rabi,estimated
JNG002,2019,11,8.3,7.4,12.2,rabi,estimated
JNG002,2019,12,0.0,0.0,0.0,rabi,estimated
JNG002,2020,1,7.8,7.4,5.4,rabi,estimated
JNG002,2020,2,7.8,7.4,5.4,rabi,estimated
JNG002,2020,3,7.8,7.4,5.4,rabi,estimated
JNG002,2020,4,15.4,14.7,4.8,summer,estimated
JNG002,2020,5,23.2,22.1,5.0,summer,estimated
JNG002,2020,6,138.9,132.3,5.0,kharif,estimated
JNG002,2020,7,270.1,257.2,5.0,kharif,estimated
JNG002,2020,8,200.7,191.1,5.0,kharif,estimated
JNG002,2020,9,84.8,80.8,5.0,kharif,estimated
JNG002,2020,10,23.2,22.1,5.0,rabi,estimated
JNG002,2020,11,7.8,7.4,5.4,rabi,estimated
JNG002,2020,12,0.0,0.0,0.0,rabi,estimated
JNG002,2021,1,6.5,7.4,-12.2,rabi,estimated
JNG002,2021,2,6.5,7.4,-12.2,rabi,estimated
JNG002,2021,3,6.5,7.4,-12.2,rabi,estimated
JNG002,2021,4,12.9,14.7,-12.2,summer,estimated
JNG002,2021,5,19.4,22.1,-12.2,summer,estimated
JNG002,2021,6,116.4,132.3,-12.0,kharif,estimated
JNG002,2021,7,226.3,257.2,-12.0,kharif,estimated
JNG002,2021,8,168.2,191.1,-12.0,kharif,estimated
JNG002,2021,9,71.1,80.8,-12.0,kharif,estimated
JNG002,2021,10,19.4,22.1,-12.2,rabi,estimated
JNG002,2021,11,6.5,7.4,-12.2,rabi,estimated
JNG002,2021,12,0.0,0.0,0.0,rabi,estimated
JNG002,2022,1,7.0,7.4,-5.4,rabi,estimated
JNG002,2022,2,7.0,7.4,-5.4,rabi,estimated
JNG002,2022,3,7.0,7.4,-5.4,rabi,estimated
JNG002,2022,4,13.8,14.7,-6.1,summer,estimated
JNG002,2022,5,20.8,22.1,-5.9,summer,estimated
JNG002,2022,6,124.4,132.3,-6.0,kharif,estimated
JNG002,2022,7,241.8,257.2,-6.0,kharif,estimated
JNG002,2022,8,179.6,191.1,-6.0,kharif,estimated
JNG002,2022,9,76.0,80.8,-5.9,kharif,estimated
JNG002,2022,10,20.8,22.1,-5.9,rabi,estimated
JNG002,2022,11,7.0,7.4,-5.4,rabi,estimated
JNG002,2022,12,0.0,0.0,0.0,rabi,estimated
JNG002,2023,1,6.1,7.4,-17.6,rabi,estimated
JNG002,2023,2,6.1,7.4,-17.6,rabi,estimated
JNG002,2023,3,6.1,7.4,-17.6,rabi,estimated
JNG002,2023,4,12.1,14.7,-17.7,summer,estimated
JNG002,2023,5,18.1,22.1,-18.1,summer,estimated
JNG002,2023,6,108.5,132.3,-18.0,kharif,estimated
JNG002,2023,7,210.9,257.2,-18.0,kharif,estimated
JNG002,2023,8,156.7,191.1,-18.0,kharif,estimated
JNG002,2023,9,66.3,80.8,-17.9,kharif,estimated
JNG002,2023,10,18.1,22.1,-18.1,rabi,estimated
JNG002,2023,11,6.1,7.4,-17.6,rabi,estimated
JNG002,2023,12,0.0,0.0,0.0,rabi,estimated
JNG002,2024,1,7.3,7.4,-1.4,rabi,estimated
JNG002,2024,2,7.3,7.4,-1.4,rabi,estimated
JNG002,2024,3,7.3,7.4,-1.4,rabi,estimated
JNG002,2024,4,14.4,14.7,-2.0,summer,estimated
JNG002,2024,5,21.7,22.1,-1.8,summer,estimated
JNG002,2024,6,129.7,132.3,-2.0,kharif,estimated
JNG002,2024,7,252.1,257.2,-2.0,kharif,estimated
JNG002,2024,8,187.3,191.1,-2.0,kharif,estimated
JNG002,2024,9,79.2,80.8,-2.0,kharif,estimated
JNG002,2024,10,21.7,22.1,-1.8,rabi,estimated
JNG002,2024,11,7.3,7.4,-1.4,rabi,estimated
JNG002,2024,12,0.0,0.0,0.0,rabi,estimated
JNG003,2019,1,8.7,7.8,11.5,rabi,estimated
JNG003,2019,2,8.7,7.8,11.5,rabi,estimated
JNG003,2019,3,8.7,7.8,11.5,rabi,estimated
JNG003,2019,4,17.5,15.6,12.2,summer,estimated
JNG003,2019,5,26.2,23.4,12.0,summer,estimated
JNG003,2019,6,157.2,140.4,12.0,kharif,estimated
JNG003,2019,7,305.8,273.0,12.0,kharif,estimated
JNG003,2019,8,227.1,202.8,12.0,kharif,estimated
JNG003,2019,9,96.1,85.8,12.0,kharif,estimated
JNG003,2019,10,26.2,23.4,12.0,rabi,estimated
JNG003,2019,11,8.7,7.8,11.5,rabi,estimated
JNG003,2019,12,0.0,0.0,0.0,rabi,estimated
JNG003,2020,1,8.2,7.8,5.1,rabi,estimated
JNG003,2020,2,8.2,7.8,5.1,rabi,estimated
JNG003,2020,3,8.2,7.8,5.1,rabi,estimated
JNG003,2020,4,16.4,15.6,5.1,summer,estimated
JNG003,2020,5,24.6,23.4,5.1,summer,estimated
JNG003,2020,6,147.4,140.4,5.0,kharif,estimated
JNG003,2020,7,286.7,273.0,5.0,kharif,estimated
JNG003,2020,8,212.9,202.8,5.0,kharif,estimated
JNG003,2020,9,90.1,85.8,5.0,kharif,estimated
JNG003,2020,10,24.6,23.4,5.1,rabi,estimated
JNG003,2020,11,8.2,7.8,5.1,rabi,estimated
JNG003,2020,12,0.0,0.0,0.0,rabi,estimated
JNG003,2021,1,6.9,7.8,-11.5,rabi,estimated
JNG003,2021,2,6.9,7.8,-11.5,rabi,estimated
JNG003,2021,3,6.9,7.8,-11.5,rabi,estimated
JNG003,2021,4,13.7,15.6,-12.2,summer,estimated
JNG003,2021,5,20.6,23.4,-12.0,summer,estimated
JNG003,2021,6,123.6,140.4,-12.0,kharif,estimated
JNG003,2021,7,240.2,273.0,-12.0,kharif,estimated
JNG003,2021,8,178.5,202.8,-12.0,kharif,estimated
JNG003,2021,9,75.5,85.8,-12.0,kharif,estimated
JNG003,2021,10,20.6,23.4,-12.0,rabi,estimated
JNG003,2021,11,6.9,7.8,-11.5,rabi,estimated
JNG003,2021,12,0.0,0.0,0.0,rabi,estimated
JNG003,2022,1,7.3,7.8,-6.4,rabi,estimated
JNG003,2022,2,7.3,7.8,-6.4,rabi,estimated
JNG003,2022,3,7.3,7.8,-6.4,rabi,estimated
JNG003,2022,4,14.7,15.6,-5.8,summer,estimated
JNG003,2022,5,22.0,23.4,-6.0,summer,estimated
JNG003,2022,6,132.0,140.4,-6.0,kharif,estimated
JNG003,2022,7,256.6,273.0,-6.0,kharif,estimated
JNG003,2022,8,190.6,202.8,-6.0,kharif,estimated
JNG003,2022,9,80.7,85.8,-5.9,kharif,estimated
JNG003,2022,10,22.0,23.4,-6.0,rabi,estimated
JNG003,2022,11,7.3,7.8,-6.4,rabi,estimated
JNG003,2022,12,0.0,0.0,0.0,rabi,estimated
JNG003,2023,1,6.4,7.8,-17.9,rabi,estimated
JNG003,2023,2,6.4,7.8,-17.9,rabi,estimated
JNG003,2023,3,6.4,7.8,-17.9,rabi,estimated
JNG003,2023,4,12.8,15.6,-17.9,summer,estimated
JNG003,2023,5,19.2,23.4,-17.9,summer,estimated
JNG003,2023,6,115.1,140.4,-18.0,kharif,estimated
JNG003,2023,7,223.9,273.0,-18.0,kharif,estimated
JNG003,2023,8,166.3,202.8,-18.0,kharif,estimated
JNG003,2023,9,70.4,85.8,-17.9,kharif,estimated
JNG003,2023,10,19.2,23.4,-17.9,rabi,estimated
JNG003,2023,11,6.4,7.8,-17.9,rabi,estimated
JNG003,2023,12,0.0,0.0,0.0,rabi,estimated
JNG003,2024,1,7.6,7.8,-2.6,rabi,estimated
JNG003,2024,2,7.6,7.8,-2.6,rabi,estimated
JNG003,2024,3,7.6,7.8,-2.6,rabi,estimated
JNG003,2024,4,15.3,15.6,-1.9,summer,estimated
JNG003,2024,5,22.9,23.4,-2.1,summer,estimated
JNG003,2024,6,137.6,140.4,-2.0,kharif,estimated
JNG003,2024,7,267.5,273.0,-2.0,kharif,estimated
JNG003,2024,8,198.7,202.8,-2.0,kharif,estimated
JNG003,2024,9,84.1,85.8,-2.0,kharif,estimated
JNG003,2024,10,22.9,23.4,-2.1,rabi,estimated
JNG003,2024,11,7.6,7.8,-2.6,rabi,estimated
JNG003,2024,12,0.0,0.0,0.0,rabi,estimated
JNG004,2019,1,9.0,8.0,12.5,rabi,estimated
JNG004,2019,2,9.0,8.0,12.5,rabi,estimated
JNG004,2019,3,9.0,8.0,12.5,rabi,estimated
JNG004,2019,4,17.9,16.0,11.9,summer,estimated
JNG004,2019,5,26.8,23.9,12.1,summer,estimated
JNG004,2019,6,160.8,143.6,12.0,kharif,estimated
JNG004,2019,7,312.8,279.3,12.0,kharif,estimated
JNG004,2019,8,232.4,207.5,12.0,kharif,estimated
JNG004,2019,9,98.3,87.8,12.0,kharif,estimated
JNG004,2019,10,26.8,23.9,12.1,rabi,estimated
JNG004,2019,11,9.0,8.0,12.5,rabi,estimated
JNG004,2019,12,0.0,0.0,0.0,rabi,estimated
JNG004,2020,1,8.4,8.0,5.0,rabi,estimated
JNG004,2020,2,8.4,8.0,5.0,rabi,estimated
JNG004,2020,3,8.4,8.0,5.0,rabi,estimated
JNG004,2020,4,16.8,16.0,5.0,summer,estimated
JNG004,2020,5,25.1,23.9,5.0,summer,estimated
JNG004,2020,6,150.8,143.6,5.0,kharif,estimated
JNG004,2020,7,293.3,279.3,5.0,kharif,estimated
JNG004,2020,8,217.9,207.5,5.0,kharif,estimated
JNG004,2020,9,92.2,87.8,5.0,kharif,estimated
JNG004,2020,10,25.1,23.9,5.0,rabi,estimated
JNG004,2020,11,8.4,8.0,5.0,rabi,estimated
JNG004,2020,12,0.0,0.0,0.0,rabi,estimated
JNG004,2021,1,7.0,8.0,-12.5,rabi,estimated
JNG004,2021,2,7.0,8.0,-12.5,rabi,estimated
JNG004,2021,3,7.0,8.0,-12.5,rabi,estimated
JNG004,2021,4,14.1,16.0,-11.9,summer,estimated
JNG004,2021,5,21.0,23.9,-12.1,summer,estimated
JNG004,2021,6,126.4,143.6,-12.0,kharif,estimated
JNG004,2021,7,245.8,279.3,-12.0,kharif,estimated
JNG004,2021,8,182.6,207.5,-12.0,kharif,estimated
JNG004,2021,9,77.3,87.8,-12.0,kharif,estimated
JNG004,2021,10,21.0,23.9,-12.1,rabi,estimated
JNG004,2021,11,7.0,8.0,-12.5,rabi,estimated
JNG004,2021,12,0.0,0.0,0.0,rabi,estimated
JNG004,2022,1,7.5,8.0,-6.2,rabi,estimated
JNG004,2022,2,7.5,8.0,-6.2,rabi,estimated
JNG004,2022,3,7.5,8.0,-6.2,rabi,estimated
JNG004,2022,4,15.0,16.0,-6.2,summer,estimated
JNG004,2022,5,22.5,23.9,-5.9,summer,estimated
JNG004,2022,6,135.0,143.6,-6.0,kharif,estimated
JNG004,2022,7,262.5,279.3,-6.0,kharif,estimated
JNG004,2022,8,195.0,207.5,-6.0,kharif,estimated
JNG004,2022,9,82.5,87.8,-6.0,kharif,estimated
JNG004,2022,10,22.5,23.9,-5.9,rabi,estimated
JNG004,2022,11,7.5,8.0,-6.2,rabi,estimated
JNG004,2022,12,0.0,0.0,0.0,rabi,estimated
JNG004,2023,1,6.6,8.0,-17.5,rabi,estimated
JNG004,2023,2,6.6,8.0,-17.5,rabi,estimated
JNG004,2023,3,6.6,8.0,-17.5,rabi,estimated
JNG004,2023,4,13.1,16.0,-18.1,summer,estimated
JNG004,2023,5,19.6,23.9,-18.0,summer,estimated
JNG004,2023,6,117.8,143.6,-18.0,kharif,estimated
JNG004,2023,7,229.0,279.3,-18.0,kharif,estimated
JNG004,2023,8,170.1,207.5,-18.0,kharif,estimated
JNG004,2023,9,72.0,87.8,-18.0,kharif,estimated
JNG004,2023,10,19.6,23.9,-18.0,rabi,estimated
JNG004,2023,11,6.6,8.0,-17.5,rabi,estimated
JNG004,2023,12,0.0,0.0,0.0,rabi,estimated
JNG004,2024,1,7.8,8.0,-2.5,rabi,estimated
JNG004,2024,2,7.8,8.0,-2.5,rabi,estimated
JNG004,2024,3,7.8,8.0,-2.5,rabi,estimated
JNG004,2024,4,15.7,16.0,-1.9,summer,estimated
JNG004,2024,5,23.4,23.9,-2.1,summer,estimated
JNG004,2024,6,140.7,143.6,-2.0,kharif,estimated
JNG004,2024,7,273.7,279.3,-2.0,kharif,estimated
JNG004,2024,8,203.3,207.5,-2.0,kharif,estimated
JNG004,2024,9,86.0,87.8,-2.1,kharif,estimated
JNG004,2024,10,23.4,23.9,-2.1,rabi,estimated
JNG004,2024,11,7.8,8.0,-2.5,rabi,estimated
JNG004,2024,12,0.0,0.0,0.0,rabi,estimated
JNG005,2019,1,8.4,7.5,12.0,rabi,estimated
JNG005,2019,2,8.4,7.5,12.0,rabi,estimated
JNG005,2019,3,8.4,7.5,12.0,rabi,estimated
JNG005,2019,4,16.8,15.0,12.0,summer,estimated
JNG005,2019,5,25.1,22.4,12.1,summer,estimated
JNG005,2019,6,150.8,134.6,12.0,kharif,estimated
JNG005,2019,7,293.2,261.8,12.0,kharif,estimated
JNG005,2019,8,217.8,194.5,12.0,kharif,estimated
JNG005,2019,9,92.2,82.3,12.0,kharif,estimated
JNG005,2019,10,25.1,22.4,12.1,rabi,estimated
JNG005,2019,11,8.4,7.5,12.0,rabi,estimated
JNG005,2019,12,0.0,0.0,0.0,rabi,estimated
JNG005,2020,1,7.9,7.5,5.3,rabi,estimated
JNG005,2020,2,7.9,7.5,5.3,rabi,estimated
JNG005,2020,3,7.9,7.5,5.3,rabi,estimated
JNG005,2020,4,15.8,15.0,5.3,summer,estimated
JNG005,2020,5,23.5,22.4,4.9,summer,estimated
JNG005,2020,6,141.3,134.6,5.0,kharif,estimated
JNG005,2020,7,274.9,261.8,5.0,kharif,estimated
JNG005,2020,8,204.2,194.5,5.0,kharif,estimated
JNG005,2020,9,86.4,82.3,5.0,kharif,estimated
JNG005,2020,10,23.5,22.4,4.9,rabi,estimated
JNG005,2020,11,7.9,7.5,5.3,rabi,estimated
JNG005,2020,12,0.0,0.0,0.0,rabi,estimated
JNG005,2021,1,6.6,7.5,-12.0,rabi,estimated
JNG005,2021,2,6.6,7.5,-12.0,rabi,estimated
JNG005,2021,3,6.6,7.5,-12.0,rabi,estimated
JNG005,2021,4,13.2,15.0,-12.0,summer,estimated
JNG005,2021,5,19.7,22.4,-12.1,summer,estimated
JNG005,2021,6,118.4,134.6,-12.0,kharif,estimated
JNG005,2021,7,230.4,261.8,-12.0,kharif,estimated
JNG005,2021,8,171.2,194.5,-12.0,kharif,estimated
JNG005,2021,9,72.4,82.3,-12.0,kharif,estimated
JNG005,2021,10,19.7,22.4,-12.1,rabi,estimated
JNG005,2021,11,6.6,7.5,-12.0,rabi,estimated
JNG005,2021,12,0.0,0.0,0.0,rabi,estimated
JNG005,2022,1,7.0,7.5,-6.7,rabi,estimated
JNG005,2022,2,7.0,7.5,-6.7,rabi,estimated
JNG005,2022,3,7.0,7.5,-6.7,rabi,estimated
JNG005,2022,4,14.1,15.0,-6.0,summer,estimated
JNG005,2022,5,21.1,22.4,-5.8,summer,estimated
JNG005,2022,6,126.5,134.6,-6.0,kharif,estimated
JNG005,2022,7,246.1,261.8,-6.0,kharif,estimated
JNG005,2022,8,182.8,194.5,-6.0,kharif,estimated
JNG005,2022,9,77.4,82.3,-6.0,kharif,estimated
JNG005,2022,10,21.1,22.4,-5.8,rabi,estimated
JNG005,2022,11,7.0,7.5,-6.7,rabi,estimated
JNG005,2022,12,0.0,0.0,0.0,rabi,estimated
JNG005,2023,1,6.1,7.5,-18.7,rabi,estimated
JNG005,2023,2,6.1,7.5,-18.7,rabi,estimated
JNG005,2023,3,6.1,7.5,-18.7,rabi,estimated
JNG005,2023,4,12.3,15.0,-18.0,summer,estimated
JNG005,2023,5,18.4,22.4,-17.9,summer,estimated
JNG005,2023,6,110.4,134.6,-18.0,kharif,estimated
JNG005,2023,7,214.7,261.8,-18.0,kharif,estimated
JNG005,2023,8,159.5,194.5,-18.0,kharif,estimated
JNG005,2023,9,67.5,82.3,-18.0,kharif,estimated
JNG005,2023,10,18.4,22.4,-17.9,rabi,estimated
JNG005,2023,11,6.1,7.5,-18.7,rabi,estimated
JNG005,2023,12,0.0,0.0,0.0,rabi,estimated
JNG005,2024,1,7.3,7.5,-2.7,rabi,estimated
JNG005,2024,2,7.3,7.5,-2.7,rabi,estimated
JNG005,2024,3,7.3,7.5,-2.7,rabi,estimated
JNG005,2024,4,14.7,15.0,-2.0,summer,estimated
JNG005,2024,5,22.0,22.4,-1.8,summer,estimated
JNG005,2024,6,131.9,134.6,-2.0,kharif,estimated
JNG005,2024,7,256.6,261.8,-2.0,kharif,estimated
JNG005,2024,8,190.6,194.5,-2.0,kharif,estimated
JNG005,2024,9,80.7,82.3,-1.9,kharif,estimated
JNG005,2024,10,22.0,22.4,-1.8,rabi,estimated
JNG005,2024,11,7.3,7.5,-2.7,rabi,estimated
JNG005,2024,12,0.0,0.0,0.0,rabi,estimated
JNG006,2019,1,8.5,7.6,11.8,rabi,estimated
JNG006,2019,2,8.5,7.6,11.8,rabi,estimated
JNG006,2019,3,8.5,7.6,11.8,rabi,estimated
JNG006,2019,4,17.0,15.2,11.8,summer,estimated
JNG006,2019,5,25.6,22.9,11.8,summer,estimated
JNG006,2019,6,153.7,137.2,12.0,kharif,estimated
JNG006,2019,7,298.7,266.7,12.0,kharif,estimated
JNG006,2019,8,221.9,198.1,12.0,kharif,estimated
JNG006,2019,9,93.9,83.8,12.1,kharif,estimated
JNG006,2019,10,25.6,22.9,11.8,rabi,estimated
JNG006,2019,11,8.5,7.6,11.8,rabi,estimated
JNG006,2019,12,0.0,0.0,0.0,rabi,estimated
JNG006,2020,1,8.0,7.6,5.3,rabi,estimated
JNG006,2020,2,8.0,7.6,5.3,rabi,estimated
JNG006,2020,3,8.0,7.6,5.3,rabi,estimated
JNG006,2020,4,16.0,15.2,5.3,summer,estimated
JNG006,2020,5,24.0,22.9,4.8,summer,estimated
JNG006,2020,6,144.1,137.2,5.0,kharif,estimated
JNG006,2020,7,280.0,266.7,5.0,kharif,estimated
JNG006,2020,8,208.0,198.1,5.0,kharif,estimated
JNG006,2020,9,88.0,83.8,5.0,kharif,estimated
JNG006,2020,10,24.0,22.9,4.8,rabi,estimated
JNG006,2020,11,8.0,7.6,5.3,rabi,estimated
JNG006,2020,12,0.0,0.0,0.0,rabi,estimated
JNG006,2021,1,6.7,7.6,-11.8,rabi,estimated
JNG006,2021,2,6.7,7.6,-11.8,rabi,estimated
JNG006,2021,3,6.7,7.6,-11.8,rabi,estimated
JNG006,2021,4,13.4,15.2,-11.8,summer,estimated
JNG006,2021,5,20.2,22.9,-11.8,summer,estimated
JNG006,2021,6,120.7,137.2,-12.0,kharif,estimated
JNG006,2021,7,234.7,266.7,-12.0,kharif,estimated
JNG006,2021,8,174.3,198.1,-12.0,kharif,estimated
JNG006,2021,9,73.7,83.8,-12.1,kharif,estimated
JNG006,2021,10,20.2,22.9,-11.8,rabi,estimated
JNG006,2021,11,6.7,7.6,-11.8,rabi,estimated
JNG006,2021,12,0.0,0.0,0.0,rabi,estimated
JNG006,2022,1,7.1,7.6,-6.6,rabi,estimated
JNG006,2022,2,7.1,7.6,-6.6,rabi,estimated
JNG006,2022,3,7.1,7.6,-6.6,rabi,estimated
JNG006,2022,4,14.3,15.2,-5.9,summer,estimated
JNG006,2022,5,21.5,22.9,-6.1,summer,estimated
JNG006,2022,6,129.0,137.2,-6.0,kharif,estimated
JNG006,2022,7,250.7,266.7,-6.0,kharif,estimated
JNG006,2022,8,186.2,198.1,-6.0,kharif,estimated
JNG006,2022,9,78.8,83.8,-6.0,kharif,estimated
JNG006,2022,10,21.5,22.9,-6.1,rabi,estimated
JNG006,2022,11,7.1,7.6,-6.6,rabi,estimated
JNG006,2022,12,0.0,0.0,0.0,rabi,estimated
JNG006,2023,1,6.2,7.6,-18.4,rabi,estimated
JNG006,2023,2,6.2,7.6,-18.4,rabi,estimated
JNG006,2023,3,6.2,7.6,-18.4,rabi,estimated
JNG006,2023,4,12.5,15.2,-17.8,summer,estimated
JNG006,2023,5,18.8,22.9,-17.9,summer,estimated
JNG006,2023,6,112.5,137.2,-18.0,kharif,estimated
JNG006,2023,7,218.7,266.7,-18.0,kharif,estimated
JNG006,2023,8,162.4,198.1,-18.0,kharif,estimated
JNG006,2023,9,68.7,83.8,-18.0,kharif,estimated
JNG006,2023,10,18.8,22.9,-17.9,rabi,estimated
JNG006,2023,11,6.2,7.6,-18.4,rabi,estimated
JNG006,2023,12,0.0,0.0,0.0,rabi,estimated
JNG006,2024,1,7.4,7.6,-2.6,rabi,estimated
JNG006,2024,2,7.4,7.6,-2.6,rabi,estimated
JNG006,2024,3,7.4,7.6,-2.6,rabi,estimated
JNG006,2024,4,14.9,15.2,-2.0,summer,estimated
JNG006,2024,5,22.4,22.9,-2.2,summer,estimated
JNG006,2024,6,134.5,137.2,-2.0,kharif,estimated
JNG006,2024,7,261.4,266.7,-2.0,kharif,estimated
JNG006,2024,8,194.1,198.1,-2.0,kharif,estimated
JNG006,2024,9,82.1,83.8,-2.0,kharif,estimated
JNG006,2024,10,22.4,22.9,-2.2,rabi,estimated
JNG006,2024,11,7.4,7.6,-2.6,rabi,estimated
JNG006,2024,12,0.0,0.0,0.0,rabi,estimated
JNG007,2019,1,8.4,7.5,12.0,rabi,estimated
JNG007,2019,2,8.4,7.5,12.0,rabi,estimated
JNG007,2019,3,8.4,7.5,12.0,rabi,estimated
JNG007,2019,4,16.9,15.1,11.9,summer,estimated
JNG007,2019,5,25.3,22.6,11.9,summer,estimated
JNG007,2019,6,152.2,135.9,12.0,kharif,estimated
JNG007,2019,7,295.9,264.2,12.0,kharif,estimated
JNG007,2019,8,219.9,196.3,12.0,kharif,estimated
JNG007,2019,9,93.0,83.0,12.0,kharif,estimated
JNG007,2019,10,25.3,22.6,11.9,rabi,estimated
JNG007,2019,11,8.4,7.5,12.0,rabi,estimated
JNG007,2019,12,0.0,0.0,0.0,rabi,estimated
JNG007,2020,1,7.9,7.5,5.3,rabi,estimated
JNG007,2020,2,7.9,7.5,5.3,rabi,estimated
JNG007,2020,3,7.9,7.5,5.3,rabi,estimated
JNG007,2020,4,15.9,15.1,5.3,summer,estimated
JNG007,2020,5,23.7,22.6,4.9,summer,estimated
JNG007,2020,6,142.7,135.9,5.0,kharif,estimated
JNG007,2020,7,277.4,264.2,5.0,kharif,estimated
JNG007,2020,8,206.1,196.3,5.0,kharif,estimated
JNG007,2020,9,87.2,83.0,5.1,kharif,estimated
JNG007,2020,10,23.7,22.6,4.9,rabi,estimated
JNG007,2020,11,7.9,7.5,5.3,rabi,estimated
JNG007,2020,12,0.0,0.0,0.0,rabi,estimated
JNG007,2021,1,6.6,7.5,-12.0,rabi,estimated
JNG007,2021,2,6.6,7.5,-12.0,rabi,estimated
JNG007,2021,3,6.6,7.5,-12.0,rabi,estimated
JNG007,2021,4,13.3,15.1,-11.9,summer,estimated
JNG007,2021,5,19.9,22.6,-11.9,summer,estimated
JNG007,2021,6,119.6,135.9,-12.0,kharif,estimated
JNG007,2021,7,232.5,264.2,-12.0,kharif,estimated
JNG007,2021,8,172.7,196.3,-12.0,kharif,estimated
JNG007,2021,9,73.0,83.0,-12.0,kharif,estimated
JNG007,2021,10,19.9,22.6,-11.9,rabi,estimated
JNG007,2021,11,6.6,7.5,-12.0,rabi,estimated
JNG007,2021,12,0.0,0.0,0.0,rabi,estimated
JNG007,2022,1,7.0,7.5,-6.7,rabi,estimated
JNG007,2022,2,7.0,7.5,-6.7,rabi,estimated
JNG007,2022,3,7.0,7.5,-6.7,rabi,estimated
JNG007,2022,4,14.2,15.1,-6.0,summer,estimated
JNG007,2022,5,21.2,22.6,-6.2,summer,estimated
JNG007,2022,6,127.7,135.9,-6.0,kharif,estimated
JNG007,2022,7,248.3,264.2,-6.0,kharif,estimated
JNG007,2022,8,184.5,196.3,-6.0,kharif,estimated
JNG007,2022,9,78.0,83.0,-6.0,kharif,estimated
JNG007,2022,10,21.2,22.6,-6.2,rabi,estimated
JNG007,2022,11,7.0,7.5,-6.7,rabi,estimated
JNG007,2022,12,0.0,0.0,0.0,rabi,estimated
JNG007,2023,1,6.1,7.5,-18.7,rabi,estimated
JNG007,2023,2,6.1,7.5,-18.7,rabi,estimated
JNG007,2023,3,6.1,7.5,-18.7,rabi,estimated
JNG007,2023,4,12.4,15.1,-17.9,summer,estimated
JNG007,2023,5,18.5,22.6,-18.1,summer,estimated
JNG007,2023,6,111.4,135.9,-18.0,kharif,estimated
JNG007,2023,7,216.6,264.2,-18.0,kharif,estimated
JNG007,2023,8,161.0,196.3,-18.0,kharif,estimated
JNG007,2023,9,68.1,83.0,-18.0,kharif,estimated
JNG007,2023,10,18.5,22.6,-18.1,rabi,estimated
JNG007,2023,11,6.1,7.5,-18.7,rabi,estimated
JNG007,2023,12,0.0,0.0,0.0,rabi,estimated
JNG007,2024,1,7.3,7.5,-2.7,rabi,estimated
JNG007,2024,2,7.3,7.5,-2.7,rabi,estimated
JNG007,2024,3,7.3,7.5,-2.7,rabi,estimated
JNG007,2024,4,14.8,15.1,-2.0,summer,estimated
JNG007,2024,5,22.1,22.6,-2.2,summer,estimated
JNG007,2024,6,133.2,135.9,-2.0,kharif,estimated
JNG007,2024,7,258.9,264.2,-2.0,kharif,estimated
JNG007,2024,8,192.4,196.3,-2.0,kharif,estimated
JNG007,2024,9,81.3,83.0,-2.0,kharif,estimated
JNG007,2024,10,22.1,22.6,-2.2,rabi,estimated
JNG007,2024,11,7.3,7.5,-2.7,rabi,estimated
JNG007,2024,12,0.0,0.0,0.0,rabi,estimated
JNG008,2019,1,8.3,7.4,12.2,rabi,estimated
JNG008,2019,2,8.3,7.4,12.2,rabi,estimated
JNG008,2019,3,8.3,7.4,12.2,rabi,estimated
JNG008,2019,4,16.6,14.8,12.2,summer,estimated
JNG008,2019,5,24.9,22.2,12.2,summer,estimated
JNG008,2019,6,149.2,133.2,12.0,kharif,estimated
JNG008,2019,7,290.1,259.0,12.0,kharif,estimated
JNG008,2019,8,215.5,192.4,12.0,kharif,estimated
JNG008,2019,9,91.2,81.4,12.0,kharif,estimated
JNG008,2019,10,24.9,22.2,12.2,rabi,estimated
JNG008,2019,11,8.3,7.4,12.2,rabi,estimated
JNG008,2019,12,0.0,0.0,0.0,rabi,estimated
JNG008,2020,1,7.8,7.4,5.4,rabi,estimated
JNG008,2020,2,7.8,7.4,5.4,rabi,estimated
JNG008,2020,3,7.8,7.4,5.4,rabi,estimated
JNG008,2020,4,15.5,14.8,4.7,summer,estimated
JNG008,2020,5,23.3,22.2,5.0,summer,estimated
JNG008,2020,6,139.9,133.2,5.0,kharif,estimated
JNG008,2020,7,271.9,259.0,5.0,kharif,estimated
JNG008,2020,8,202.0,192.4,5.0,kharif,estimated
JNG008,2020,9,85.5,81.4,5.0,kharif,estimated
JNG008,2020,10,23.3,22.2,5.0,rabi,estimated
JNG008,2020,11,7.8,7.4,5.4,rabi,estimated
JNG008,2020,12,0.0,0.0,0.0,rabi,estimated
JNG008,2021,1,6.5,7.4,-12.2,rabi,estimated
JNG008,2021,2,6.5,7.4,-12.2,rabi,estimated
JNG008,2021,3,6.5,7.4,-12.2,rabi,estimated
JNG008,2021,4,13.0,14.8,-12.2,summer,estimated
JNG008,2021,5,19.5,22.2,-12.2,summer,estimated
JNG008,2021,6,117.2,133.2,-12.0,kharif,estimated
JNG008,2021,7,227.9,259.0,-12.0,kharif,estimated
JNG008,2021,8,169.3,192.4,-12.0,kharif,estimated
JNG008,2021,9,71.6,81.4,-12.0,kharif,estimated
JNG008,2021,10,19.5,22.2,-12.2,rabi,estimated
JNG008,2021,11,6.5,7.4,-12.2,rabi,estimated
JNG008,2021,12,0.0,0.0,0.0,rabi,estimated
JNG008,2022,1,7.0,7.4,-5.4,rabi,estimated
JNG008,2022,2,7.0,7.4,-5.4,rabi,estimated
JNG008,2022,3,7.0,7.4,-5.4,rabi,estimated
JNG008,2022,4,13.9,14.8,-6.1,summer,estimated
JNG008,2022,5,20.9,22.2,-5.9,summer,estimated
JNG008,2022,6,125.2,133.2,-6.0,kharif,estimated
JNG008,2022,7,243.5,259.0,-6.0,kharif,estimated
JNG008,2022,8,180.9,192.4,-6.0,kharif,estimated
JNG008,2022,9,76.5,81.4,-6.0,kharif,estimated
JNG008,2022,10,20.9,22.2,-5.9,rabi,estimated
JNG008,2022,11,7.0,7.4,-5.4,rabi,estimated
JNG008,2022,12,0.0,0.0,0.0,rabi,estimated
JNG008,2023,1,6.1,7.4,-17.6,rabi,estimated
JNG008,2023,2,6.1,7.4,-17.6,rabi,estimated
JNG008,2023,3,6.1,7.4,-17.6,rabi,estimated
JNG008,2023,4,12.1,14.8,-18.2,summer,estimated
JNG008,2023,5,18.2,22.2,-18.0,summer,estimated
JNG008,2023,6,109.2,133.2,-18.0,kharif,estimated
JNG008,2023,7,212.4,259.0,-18.0,kharif,estimated
JNG008,2023,8,157.8,192.4,-18.0,kharif,estimated
JNG008,2023,9,66.7,81.4,-18.1,kharif,estimated
JNG008,2023,10,18.2,22.2,-18.0,rabi,estimated
JNG008,2023,11,6.1,7.4,-17.6,rabi,estimated
JNG008,2023,12,0.0,0.0,0.0,rabi,estimated
JNG008,2024,1,7.3,7.4,-1.4,rabi,estimated
JNG008,2024,2,7.3,7.4,-1.4,rabi,estimated
JNG008,2024,3,7.3,7.4,-1.4,rabi,estimated
JNG008,2024,4,14.5,14.8,-2.0,summer,estimated
JNG008,2024,5,21.8,22.2,-1.8,summer,estimated
JNG008,2024,6,130.5,133.2,-2.0,kharif,estimated
JNG008,2024,7,253.8,259.0,-2.0,kharif,estimated
JNG008,2024,8,188.6,192.4,-2.0,kharif,estimated
JNG008,2024,9,79.8,81.4,-2.0,kharif,estimated
JNG008,2024,10,21.8,22.2,-1.8,rabi,estimated
JNG008,2024,11,7.3,7.4,-1.4,rabi,estimated
JNG008,2024,12,0.0,0.0,0.0,rabi,estimated
AMR001,2019,1,6.8,6.1,11.5,rabi,estimated
AMR001,2019,2,6.8,6.1,11.5,rabi,estimated
AMR001,2019,3,6.8,6.1,11.5,rabi,estimated
AMR001,2019,4,13.7,12.2,12.3,summer,estimated
AMR001,2019,5,20.5,18.3,12.0,summer,estimated
AMR001,2019,6,123.0,109.8,12.0,kharif,estimated
AMR001,2019,7,239.1,213.5,12.0,kharif,estimated
AMR001,2019,8,177.6,158.6,12.0,kharif,estimated
AMR001,2019,9,75.2,67.1,12.1,kharif,estimated
AMR001,2019,10,20.5,18.3,12.0,rabi,estimated
AMR001,2019,11,6.8,6.1,11.5,rabi,estimated
AMR001,2019,12,0.0,0.0,0.0,rabi,estimated
AMR001,2020,1,6.4,6.1,4.9,rabi,estimated
AMR001,2020,2,6.4,6.1,4.9,rabi,estimated
AMR001,2020,3,6.4,6.1,4.9,rabi,estimated
AMR001,2020,4,12.8,12.2,4.9,summer,estimated
AMR001,2020,5,19.2,18.3,4.9,summer,estimated
AMR001,2020,6,115.3,109.8,5.0,kharif,estimated
AMR001,2020,7,224.2,213.5,5.0,kharif,estimated
AMR001,2020,8,166.5,158.6,5.0,kharif,estimated
AMR001,2020,9,70.5,67.1,5.1,kharif,estimated
AMR001,2020,10,19.2,18.3,4.9,rabi,estimated
AMR001,2020,11,6.4,6.1,4.9,rabi,estimated
AMR001,2020,12,0.0,0.0,0.0,rabi,estimated
AMR001,2021,1,5.4,6.1,-11.5,rabi,estimated
AMR001,2021,2,5.4,6.1,-11.5,rabi,estimated
AMR001,2021,3,5.4,6.1,-11.5,rabi,estimated
AMR001,2021,4,10.7,12.2,-12.3,summer,estimated
AMR001,2021,5,16.1,18.3,-12.0,summer,estimated
AMR001,2021,6,96.6,109.8,-12.0,kharif,estimated
AMR001,2021,7,187.9,213.5,-12.0,kharif,estimated
AMR001,2021,8,139.6,158.6,-12.0,kharif,estimated
AMR001,2021,9,59.0,67.1,-12.1,kharif,estimated
AMR001,2021,10,16.1,18.3,-12.0,rabi,estimated
AMR001,2021,11,5.4,6.1,-11.5,rabi,estimated
AMR001,2021,12,0.0,0.0,0.0,rabi,estimated
AMR001,2022,1,5.7,6.1,-6.6,rabi,estimated
AMR001,2022,2,5.7,6.1,-6.6,rabi,estimated
AMR001,2022,3,5.7,6.1,-6.6,rabi,estimated
AMR001,2022,4,11.5,12.2,-5.7,summer,estimated
AMR001,2022,5,17.2,18.3,-6.0,summer,estimated
AMR001,2022,6,103.2,109.8,-6.0,kharif,estimated
AMR001,2022,7,200.7,213.5,-6.0,kharif,estimated
AMR001,2022,8,149.1,158.6,-6.0,kharif,estimated
AMR001,2022,9,63.1,67.1,-6.0,kharif,estimated
AMR001,2022,10,17.2,18.3,-6.0,rabi,estimated
AMR001,2022,11,5.7,6.1,-6.6,rabi,estimated
AMR001,2022,12,0.0,0.0,0.0,rabi,estimated
AMR001,2023,1,5.0,6.1,-18.0,rabi,estimated
AMR001,2023,2,5.0,6.1,-18.0,rabi,estimated
AMR001,2023,3,5.0,6.1,-18.0,rabi,estimated
AMR001,2023,4,10.0,12.2,-18.0,summer,estimated
AMR001,2023,5,15.0,18.3,-18.0,summer,estimated
AMR001,2023,6,90.0,109.8,-18.0,kharif,estimated
AMR001,2023,7,175.1,213.5,-18.0,kharif,estimated
AMR001,2023,8,130.1,158.6,-18.0,kharif,estimated
AMR001,2023,9,55.0,67.1,-18.0,kharif,estimated
AMR001,2023,10,15.0,18.3,-18.0,rabi,estimated
AMR001,2023,11,5.0,6.1,-18.0,rabi,estimated
AMR001,2023,12,0.0,0.0,0.0,rabi,estimated
AMR001,2024,1,6.0,6.1,-1.6,rabi,estimated
AMR001,2024,2,6.0,6.1,-1.6,rabi,estimated
AMR001,2024,3,6.0,6.1,-1.6,rabi,estimated
AMR001,2024,4,12.0,12.2,-1.6,summer,estimated
AMR001,2024,5,17.9,18.3,-2.2,summer,estimated
AMR001,2024,6,107.6,109.8,-2.0,kharif,estimated
AMR001,2024,7,209.2,213.5,-2.0,kharif,estimated
AMR001,2024,8,155.4,158.6,-2.0,kharif,estimated
AMR001,2024,9,65.8,67.1,-1.9,kharif,estimated
AMR001,2024,10,17.9,18.3,-2.2,rabi,estimated
AMR001,2024,11,6.0,6.1,-1.6,rabi,estimated
AMR001,2024,12,0.0,0.0,0.0,rabi,estimated
AMR002,2019,1,6.9,6.2,11.3,rabi,estimated
AMR002,2019,2,6.9,6.2,11.3,rabi,estimated
AMR002,2019,3,6.9,6.2,11.3,rabi,estimated
AMR002,2019,4,14.0,12.5,12.0,summer,estimated
AMR002,2019,5,21.1,18.8,12.2,summer,estimated
AMR002,2019,6,126.0,112.5,12.0,kharif,estimated
AMR002,2019,7,245.1,218.8,12.0,kharif,estimated
AMR002,2019,8,182.0,162.5,12.0,kharif,estimated
AMR002,2019,9,77.1,68.8,12.1,kharif,estimated
AMR002,2019,10,21.1,18.8,12.2,rabi,estimated
AMR002,2019,11,6.9,6.2,11.3,rabi,estimated
AMR002,2019,12,0.0,0.0,0.0,rabi,estimated
AMR002,2020,1,6.5,6.2,4.8,rabi,estimated
AMR002,2020,2,6.5,6.2,4.8,rabi,estimated
AMR002,2020,3,6.5,6.2,4.8,rabi,estimated
AMR002,2020,4,13.1,12.5,4.8,summer,estimated
AMR002,2020,5,19.7,18.8,4.8,summer,estimated
AMR002,2020,6,118.1,112.5,5.0,kharif,estimated
AMR002,2020,7,229.7,218.8,5.0,kharif,estimated
AMR002,2020,8,170.6,162.5,5.0,kharif,estimated
AMR002,2020,9,72.2,68.8,4.9,kharif,estimated
AMR002,2020,10,19.7,18.8,4.8,rabi,estimated
AMR002,2020,11,6.5,6.2,4.8,rabi,estimated
AMR002,2020,12,0.0,0.0,0.0,rabi,estimated
AMR002,2021,1,5.5,6.2,-11.3,rabi,estimated
AMR002,2021,2,5.5,6.2,-11.3,rabi,estimated
AMR002,2021,3,5.5,6.2,-11.3,rabi,estimated
AMR002,2021,4,11.0,12.5,-12.0,summer,estimated
AMR002,2021,5,16.5,18.8,-12.2,summer,estimated
AMR002,2021,6,99.0,112.5,-12.0,kharif,estimated
AMR002,2021,7,192.5,218.8,-12.0,kharif,estimated
AMR002,2021,8,143.0,162.5,-12.0,kharif,estimated
AMR002,2021,9,60.5,68.8,-12.1,kharif,estimated
AMR002,2021,10,16.5,18.8,-12.2,rabi,estimated
AMR002,2021,11,5.5,6.2,-11.3,rabi,estimated
AMR002,2021,12,0.0,0.0,0.0,rabi,estimated
AMR002,2022,1,5.8,6.2,-6.5,rabi,estimated
AMR002,2022,2,5.8,6.2,-6.5,rabi,estimated
AMR002,2022,3,5.8,6.2,-6.5,rabi,estimated
AMR002,2022,4,11.8,12.5,-5.6,summer,estimated
AMR002,2022,5,17.7,18.8,-5.9,summer,estimated
AMR002,2022,6,105.8,112.5,-6.0,kharif,estimated
AMR002,2022,7,205.7,218.8,-6.0,kharif,estimated
AMR002,2022,8,152.8,162.5,-6.0,kharif,estimated
AMR002,2022,9,64.7,68.8,-6.0,kharif,estimated
AMR002,2022,10,17.7,18.8,-5.9,rabi,estimated
AMR002,2022,11,5.8,6.2,-6.5,rabi,estimated
AMR002,2022,12,0.0,0.0,0.0,rabi,estimated
AMR002,2023,1,5.1,6.2,-17.7,rabi,estimated
AMR002,2023,2,5.1,6.2,-17.7,rabi,estimated
AMR002,2023,3,5.1,6.2,-17.7,rabi,estimated
AMR002,2023,4,10.2,12.5,-18.4,summer,estimated
AMR002,2023,5,15.4,18.8,-18.1,summer,estimated
AMR002,2023,6,92.2,112.5,-18.0,kharif,estimated
AMR002,2023,7,179.4,218.8,-18.0,kharif,estimated
AMR002,2023,8,133.2,162.5,-18.0,kharif,estimated
AMR002,2023,9,56.4,68.8,-18.0,kharif,estimated
AMR002,2023,10,15.4,18.8,-18.1,rabi,estimated
AMR002,2023,11,5.1,6.2,-17.7,rabi,estimated
AMR002,2023,12,0.0,0.0,0.0,rabi,estimated
AMR002,2024,1,6.1,6.2,-1.6,rabi,estimated
AMR002,2024,2,6.1,6.2,-1.6,rabi,estimated
AMR002,2024,3,6.1,6.2,-1.6,rabi,estimated
AMR002,2024,4,12.2,12.5,-2.4,summer,estimated
AMR002,2024,5,18.4,18.8,-2.1,summer,estimated
AMR002,2024,6,110.2,112.5,-2.0,kharif,estimated
AMR002,2024,7,214.4,218.8,-2.0,kharif,estimated
AMR002,2024,8,159.2,162.5,-2.0,kharif,estimated
AMR002,2024,9,67.4,68.8,-2.0,kharif,estimated
AMR002,2024,10,18.4,18.8,-2.1,rabi,estimated
AMR002,2024,11,6.1,6.2,-1.6,rabi,estimated
AMR002,2024,12,0.0,0.0,0.0,rabi,estimated
AMR003,2019,1,6.7,6.0,11.7,rabi,estimated
AMR003,2019,2,6.7,6.0,11.7,rabi,estimated
AMR003,2019,3,6.7,6.0,11.7,rabi,estimated
AMR003,2019,4,13.3,11.9,11.8,summer,estimated
AMR003,2019,5,19.9,17.8,11.8,summer,estimated
AMR003,2019,6,120.0,107.1,12.0,kharif,estimated
AMR003,2019,7,233.2,208.2,12.0,kharif,estimated
AMR003,2019,8,173.3,154.7,12.0,kharif,estimated
AMR003,2019,9,73.4,65.5,12.1,kharif,estimated
AMR003,2019,10,19.9,17.8,11.8,rabi,estimated
AMR003,2019,11,6.7,6.0,11.7,rabi,estimated
AMR003,2019,12,0.0,0.0,0.0,rabi,estimated
AMR003,2020,1,6.3,6.0,5.0,rabi,estimated
AMR003,2020,2,6.3,6.0,5.0,rabi,estimated
AMR003,2020,3,6.3,6.0,5.0,rabi,estimated
AMR003,2020,4,12.5,11.9,5.0,summer,estimated
AMR003,2020,5,18.7,17.8,5.1,summer,estimated
AMR003,2020,6,112.5,107.1,5.0,kharif,estimated
AMR003,2020,7,218.6,208.2,5.0,kharif,estimated
AMR003,2020,8,162.4,154.7,5.0,kharif,estimated
AMR003,2020,9,68.8,65.5,5.0,kharif,estimated
AMR003,2020,10,18.7,17.8,5.1,rabi,estimated
AMR003,2020,11,6.3,6.0,5.0,rabi,estimated
AMR003,2020,12,0.0,0.0,0.0,rabi,estimated
AMR003,2021,1,5.3,6.0,-11.7,rabi,estimated
AMR003,2021,2,5.3,6.0,-11.7,rabi,estimated
AMR003,2021,3,5.3,6.0,-11.7,rabi,estimated
AMR003,2021,4,10.5,11.9,-11.8,summer,estimated
AMR003,2021,5,15.7,17.8,-11.8,summer,estimated
AMR003,2021,6,94.2,107.1,-12.0,kharif,estimated
AMR003,2021,7,183.2,208.2,-12.0,kharif,estimated
AMR003,2021,8,136.1,154.7,-12.0,kharif,estimated
AMR003,2021,9,57.6,65.5,-12.1,kharif,estimated
AMR003,2021,10,15.7,17.8,-11.8,rabi,estimated
AMR003,2021,11,5.3,6.0,-11.7,rabi,estimated
AMR003,2021,12,0.0,0.0,0.0,rabi,estimated
AMR003,2022,1,5.6,6.0,-6.7,rabi,estimated
AMR003,2022,2,5.6,6.0,-6.7,rabi,estimated
AMR003,2022,3,5.6,6.0,-6.7,rabi,estimated
AMR003,2022,4,11.2,11.9,-5.9,summer,estimated
AMR003,2022,5,16.7,17.8,-6.2,summer,estimated
AMR003,2022,6,100.7,107.1,-6.0,kharif,estimated
AMR003,2022,7,195.7,208.2,-6.0,kharif,estimated
AMR003,2022,8,145.4,154.7,-6.0,kharif,estimated
AMR003,2022,9,61.6,65.5,-6.0,kharif,estimated
AMR003,2022,10,16.7,17.8,-6.2,rabi,estimated
AMR003,2022,11,5.6,6.0,-6.7,rabi,estimated
AMR003,2022,12,0.0,0.0,0.0,rabi,estimated
AMR003,2023,1,4.9,6.0,-18.3,rabi,estimated
AMR003,2023,2,4.9,6.0,-18.3,rabi,estimated
AMR003,2023,3,4.9,6.0,-18.3,rabi,estimated
AMR003,2023,4,9.8,11.9,-17.6,summer,estimated
AMR003,2023,5,14.6,17.8,-18.0,summer,estimated
AMR003,2023,6,87.8,107.1,-18.0,kharif,estimated
AMR003,2023,7,170.7,208.2,-18.0,kharif,estimated
AMR003,2023,8,126.9,154.7,-18.0,kharif,estimated
AMR003,2023,9,53.7,65.5,-18.0,kharif,estimated
AMR003,2023,10,14.6,17.8,-18.0,rabi,estimated
AMR003,2023,11,4.9,6.0,-18.3,rabi,estimated
AMR003,2023,12,0.0,0.0,0.0,rabi,estimated
AMR003,2024,1,5.9,6.0,-1.7,rabi,estimated
AMR003,2024,2,5.9,6.0,-1.7,rabi,estimated
AMR003,2024,3,5.9,6.0,-1.7,rabi,estimated
AMR003,2024,4,11.7,11.9,-1.7,summer,estimated
AMR003,2024,5,17.4,17.8,-2.2,summer,estimated
AMR003,2024,6,105.0,107.1,-2.0,kharif,estimated
AMR003,2024,7,204.0,208.2,-2.0,kharif,estimated
AMR003,2024,8,151.6,154.7,-2.0,kharif,estimated
AMR003,2024,9,64.2,65.5,-2.0,kharif,estimated
AMR003,2024,10,17.4,17.8,-2.2,rabi,estimated
AMR003,2024,11,5.9,6.0,-1.7,rabi,estimated
AMR003,2024,12,0.0,0.0,0.0,rabi,estimated
AMR004,2019,1,6.9,6.2,11.3,rabi,estimated
AMR004,2019,2,6.9,6.2,11.3,rabi,estimated
AMR004,2019,3,6.9,6.2,11.3,rabi,estimated
AMR004,2019,4,13.9,12.4,12.1,summer,estimated
AMR004,2019,5,20.7,18.5,11.9,summer,estimated
AMR004,2019,6,124.5,111.2,12.0,kharif,estimated
AMR004,2019,7,242.3,216.3,12.0,kharif,estimated
AMR004,2019,8,180.0,160.7,12.0,kharif,estimated
AMR004,2019,9,76.2,68.0,12.1,kharif,estimated
AMR004,2019,10,20.7,18.5,11.9,rabi,estimated
AMR004,2019,11,6.9,6.2,11.3,rabi,estimated
AMR004,2019,12,0.0,0.0,0.0,rabi,estimated
AMR004,2020,1,6.5,6.2,4.8,rabi,estimated
AMR004,2020,2,6.5,6.2,4.8,rabi,estimated
AMR004,2020,3,6.5,6.2,4.8,rabi,estimated
AMR004,2020,4,13.0,12.4,4.8,summer,estimated
AMR004,2020,5,19.4,18.5,4.9,summer,estimated
AMR004,2020,6,116.8,111.2,5.0,kharif,estimated
AMR004,2020,7,227.1,216.3,5.0,kharif,estimated
AMR004,2020,8,168.7,160.7,5.0,kharif,estimated
AMR004,2020,9,71.4,68.0,5.0,kharif,estimated
AMR004,2020,10,19.4,18.5,4.9,rabi,estimated
AMR004,2020,11,6.5,6.2,4.8,rabi,estimated
AMR004,2020,12,0.0,0.0,0.0,rabi,estimated
AMR004,2021,1,5.5,6.2,-11.3,rabi,estimated
AMR004,2021,2,5.5,6.2,-11.3,rabi,estimated
AMR004,2021,3,5.5,6.2,-11.3,rabi,estimated
AMR004,2021,4,10.9,12.4,-12.1,summer,estimated
AMR004,2021,5,16.3,18.5,-11.9,summer,estimated
AMR004,2021,6,97.9,111.2,-12.0,kharif,estimated
AMR004,2021,7,190.3,216.3,-12.0,kharif,estimated
AMR004,2021,8,141.4,160.7,-12.0,kharif,estimated
AMR004,2021,9,59.8,68.0,-12.1,kharif,estimated
AMR004,2021,10,16.3,18.5,-11.9,rabi,estimated
AMR004,2021,11,5.5,6.2,-11.3,rabi,estimated
AMR004,2021,12,0.0,0.0,0.0,rabi,estimated
AMR004,2022,1,5.8,6.2,-6.5,rabi,estimated
AMR004,2022,2,5.8,6.2,-6.5,rabi,estimated
AMR004,2022,3,5.8,6.2,-6.5,rabi,estimated
AMR004,2022,4,11.7,12.4,-5.6,summer,estimated
AMR004,2022,5,17.4,18.5,-5.9,summer,estimated
AMR004,2022,6,104.5,111.2,-6.0,kharif,estimated
AMR004,2022,7,203.3,216.3,-6.0,kharif,estimated
AMR004,2022,8,151.1,160.7,-6.0,kharif,estimated
AMR004,2022,9,63.9,68.0,-6.0,kharif,estimated
AMR004,2022,10,17.4,18.5,-5.9,rabi,estimated
AMR004,2022,11,5.8,6.2,-6.5,rabi,estimated
AMR004,2022,12,0.0,0.0,0.0,rabi,estimated
AMR004,2023,1,5.1,6.2,-17.7,rabi,estimated
AMR004,2023,2,5.1,6.2,-17.7,rabi,estimated
AMR004,2023,3,5.1,6.2,-17.7,rabi,estimated
AMR004,2023,4,10.2,12.4,-17.7,summer,estimated
AMR004,2023,5,15.2,18.5,-17.8,summer,estimated
AMR004,2023,6,91.2,111.2,-18.0,kharif,estimated
AMR004,2023,7,177.4,216.3,-18.0,kharif,estimated
AMR004,2023,8,131.8,160.7,-18.0,kharif,estimated
AMR004,2023,9,55.8,68.0,-17.9,kharif,estimated
AMR004,2023,10,15.2,18.5,-17.8,rabi,estimated
AMR004,2023,11,5.1,6.2,-17.7,rabi,estimated
AMR004,2023,12,0.0,0.0,0.0,rabi,estimated
AMR004,2024,1,6.1,6.2,-1.6,rabi,estimated
AMR004,2024,2,6.1,6.2,-1.6,rabi,estimated
AMR004,2024,3,6.1,6.2,-1.6,rabi,estimated
AMR004,2024,4,12.2,12.4,-1.6,summer,estimated
AMR004,2024,5,18.1,18.5,-2.2,summer,estimated
AMR004,2024,6,109.0,111.2,-2.0,kharif,estimated
AMR004,2024,7,212.0,216.3,-2.0,kharif,estimated
AMR004,2024,8,157.5,160.7,-2.0,kharif,estimated
AMR004,2024,9,66.6,68.0,-2.1,kharif,estimated
AMR004,2024,10,18.1,18.5,-2.2,rabi,estimated
AMR004,2024,11,6.1,6.2,-1.6,rabi,estimated
AMR004,2024,12,0.0,0.0,0.0,rabi,estimated
AMR005,2019,1,7.3,6.5,12.3,rabi,estimated
AMR005,2019,2,7.3,6.5,12.3,rabi,estimated
AMR005,2019,3,7.3,6.5,12.3,rabi,estimated
AMR005,2019,4,14.4,12.9,11.6,summer,estimated
AMR005,2019,5,21.6,19.3,11.9,summer,estimated
AMR005,2019,6,130.0,116.1,12.0,kharif,estimated
AMR005,2019,7,252.8,225.7,12.0,kharif,estimated
AMR005,2019,8,187.8,167.7,12.0,kharif,estimated
AMR005,2019,9,79.5,71.0,12.0,kharif,estimated
AMR005,2019,10,21.6,19.3,11.9,rabi,estimated
AMR005,2019,11,7.3,6.5,12.3,rabi,estimated
AMR005,2019,12,0.0,0.0,0.0,rabi,estimated
AMR005,2020,1,6.8,6.5,4.6,rabi,estimated
AMR005,2020,2,6.8,6.5,4.6,rabi,estimated
AMR005,2020,3,6.8,6.5,4.6,rabi,estimated
AMR005,2020,4,13.5,12.9,4.7,summer,estimated
AMR005,2020,5,20.3,19.3,5.2,summer,estimated
AMR005,2020,6,121.9,116.1,5.0,kharif,estimated
AMR005,2020,7,237.0,225.7,5.0,kharif,estimated
AMR005,2020,8,176.1,167.7,5.0,kharif,estimated
AMR005,2020,9,74.5,71.0,4.9,kharif,estimated
AMR005,2020,10,20.3,19.3,5.2,rabi,estimated
AMR005,2020,11,6.8,6.5,4.6,rabi,estimated
AMR005,2020,12,0.0,0.0,0.0,rabi,estimated
AMR005,2021,1,5.7,6.5,-12.3,rabi,estimated
AMR005,2021,2,5.7,6.5,-12.3,rabi,estimated
AMR005,2021,3,5.7,6.5,-12.3,rabi,estimated
AMR005,2021,4,11.4,12.9,-11.6,summer,estimated
AMR005,2021,5,17.0,19.3,-11.9,summer,estimated
AMR005,2021,6,102.2,116.1,-12.0,kharif,estimated
AMR005,2021,7,198.6,225.7,-12.0,kharif,estimated
AMR005,2021,8,147.6,167.7,-12.0,kharif,estimated
AMR005,2021,9,62.5,71.0,-12.0,kharif,estimated
AMR005,2021,10,17.0,19.3,-11.9,rabi,estimated
AMR005,2021,11,5.7,6.5,-12.3,rabi,estimated
AMR005,2021,12,0.0,0.0,0.0,rabi,estimated
AMR005,2022,1,6.1,6.5,-6.2,rabi,estimated
AMR005,2022,2,6.1,6.5,-6.2,rabi,estimated
AMR005,2022,3,6.1,6.5,-6.2,rabi,estimated
AMR005,2022,4,12.1,12.9,-6.2,summer,estimated
AMR005,2022,5,18.1,19.3,-6.2,summer,estimated
AMR005,2022,6,109.1,116.1,-6.0,kharif,estimated
AMR005,2022,7,212.2,225.7,-6.0,kharif,estimated
AMR005,2022,8,157.6,167.7,-6.0,kharif,estimated
AMR005,2022,9,66.7,71.0,-6.1,kharif,estimated
AMR005,2022,10,18.1,19.3,-6.2,rabi,estimated
AMR005,2022,11,6.1,6.5,-6.2,rabi,estimated
AMR005,2022,12,0.0,0.0,0.0,rabi,estimated
AMR005,2023,1,5.3,6.5,-18.5,rabi,estimated
AMR005,2023,2,5.3,6.5,-18.5,rabi,estimated
AMR005,2023,3,5.3,6.5,-18.5,rabi,estimated
AMR005,2023,4,10.6,12.9,-17.8,summer,estimated
AMR005,2023,5,15.8,19.3,-18.1,summer,estimated
AMR005,2023,6,95.2,116.1,-18.0,kharif,estimated
AMR005,2023,7,185.1,225.7,-18.0,kharif,estimated
AMR005,2023,8,137.5,167.7,-18.0,kharif,estimated
AMR005,2023,9,58.2,71.0,-18.0,kharif,estimated
AMR005,2023,10,15.8,19.3,-18.1,rabi,estimated
AMR005,2023,11,5.3,6.5,-18.5,rabi,estimated
AMR005,2023,12,0.0,0.0,0.0,rabi,estimated
AMR005,2024,1,6.4,6.5,-1.5,rabi,estimated
AMR005,2024,2,6.4,6.5,-1.5,rabi,estimated
AMR005,2024,3,6.4,6.5,-1.5,rabi,estimated
AMR005,2024,4,12.6,12.9,-2.3,summer,estimated
AMR005,2024,5,18.9,19.3,-2.1,summer,estimated
AMR005,2024,6,113.8,116.1,-2.0,kharif,estimated
AMR005,2024,7,221.2,225.7,-2.0,kharif,estimated
AMR005,2024,8,164.3,167.7,-2.0,kharif,estimated
AMR005,2024,9,69.6,71.0,-2.0,kharif,estimated
AMR005,2024,10,18.9,19.3,-2.1,rabi,estimated
AMR005,2024,11,6.4,6.5,-1.5,rabi,estimated
AMR005,2024,12,0.0,0.0,0.0,rabi,estimated
AMR006,2019,1,6.7,6.0,11.7,rabi,estimated
AMR006,2019,2,6.7,6.0,11.7,rabi,estimated
AMR006,2019,3,6.7,6.0,11.7,rabi,estimated
AMR006,2019,4,13.4,12.0,11.7,summer,estimated
AMR006,2019,5,20.2,18.0,12.2,summer,estimated
AMR006,2019,6,121.0,108.0,12.0,kharif,estimated
AMR006,2019,7,235.2,210.0,12.0,kharif,estimated
AMR006,2019,8,174.7,156.0,12.0,kharif,estimated
AMR006,2019,9,73.9,66.0,12.0,kharif,estimated
AMR006,2019,10,20.2,18.0,12.2,rabi,estimated
AMR006,2019,11,6.7,6.0,11.7,rabi,estimated
AMR006,2019,12,0.0,0.0,0.0,rabi,estimated
AMR006,2020,1,6.3,6.0,5.0,rabi,estimated
AMR006,2020,2,6.3,6.0,5.0,rabi,estimated
AMR006,2020,3,6.3,6.0,5.0,rabi,estimated
AMR006,2020,4,12.6,12.0,5.0,summer,estimated
AMR006,2020,5,18.9,18.0,5.0,summer,estimated
AMR006,2020,6,113.4,108.0,5.0,kharif,estimated
AMR006,2020,7,220.5,210.0,5.0,kharif,estimated
AMR006,2020,8,163.8,156.0,5.0,kharif,estimated
AMR006,2020,9,69.3,66.0,5.0,kharif,estimated
AMR006,2020,10,18.9,18.0,5.0,rabi,estimated
AMR006,2020,11,6.3,6.0,5.0,rabi,estimated
AMR006,2020,12,0.0,0.0,0.0,rabi,estimated
AMR006,2021,1,5.3,6.0,-11.7,rabi,estimated
AMR006,2021,2,5.3,6.0,-11.7,rabi,estimated
AMR006,2021,3,5.3,6.0,-11.7,rabi,estimated
AMR006,2021,4,10.6,12.0,-11.7,summer,estimated
AMR006,2021,5,15.8,18.0,-12.2,summer,estimated
AMR006,2021,6,95.0,108.0,-12.0,kharif,estimated
AMR006,2021,7,184.8,210.0,-12.0,kharif,estimated
AMR006,2021,8,137.3,156.0,-12.0,kharif,estimated
AMR006,2021,9,58.1,66.0,-12.0,kharif,estimated
AMR006,2021,10,15.8,18.0,-12.2,rabi,estimated
AMR006,2021,11,5.3,6.0,-11.7,rabi,estimated
AMR006,2021,12,0.0,0.0,0.0,rabi,estimated
AMR006,2022,1,5.6,6.0,-6.7,rabi,estimated
AMR006,2022,2,5.6,6.0,-6.7,rabi,estimated
AMR006,2022,3,5.6,6.0,-6.7,rabi,estimated
AMR006,2022,4,11.3,12.0,-5.8,summer,estimated
AMR006,2022,5,16.9,18.0,-6.1,summer,estimated
AMR006,2022,6,101.5,108.0,-6.0,kharif,estimated
AMR006,2022,7,197.4,210.0,-6.0,kharif,estimated
AMR006,2022,8,146.6,156.0,-6.0,kharif,estimated
AMR006,2022,9,62.0,66.0,-6.1,kharif,estimated
AMR006,2022,10,16.9,18.0,-6.1,rabi,estimated
AMR006,2022,11,5.6,6.0,-6.7,rabi,estimated
AMR006,2022,12,0.0,0.0,0.0,rabi,estimated
AMR006,2023,1,4.9,6.0,-18.3,rabi,estimated
AMR006,2023,2,4.9,6.0,-18.3,rabi,estimated
AMR006,2023,3,4.9,6.0,-18.3,rabi,estimated
AMR006,2023,4,9.8,12.0,-18.3,summer,estimated
AMR006,2023,5,14.8,18.0,-17.8,summer,estimated
AMR006,2023,6,88.6,108.0,-18.0,kharif,estimated
AMR006,2023,7,172.2,210.0,-18.0,kharif,estimated
AMR006,2023,8,127.9,156.0,-18.0,kharif,estimated
AMR006,2023,9,54.1,66.0,-18.0,kharif,estimated
AMR006,2023,10,14.8,18.0,-17.8,rabi,estimated
AMR006,2023,11,4.9,6.0,-18.3,rabi,estimated
AMR006,2023,12,0.0,0.0,0.0,rabi,estimated
AMR006,2024,1,5.9,6.0,-1.7,rabi,estimated
AMR006,2024,2,5.9,6.0,-1.7,rabi,estimated
AMR006,2024,3,5.9,6.0,-1.7,rabi,estimated
AMR006,2024,4,11.8,12.0,-1.7,summer,estimated
AMR006,2024,5,17.6,18.0,-2.2,summer,estimated
AMR006,2024,6,105.8,108.0,-2.0,kharif,estimated
AMR006,2024,7,205.8,210.0,-2.0,kharif,estimated
AMR006,2024,8,152.9,156.0,-2.0,kharif,estimated
AMR006,2024,9,64.7,66.0,-2.0,kharif,estimated
AMR006,2024,10,17.6,18.0,-2.2,rabi,estimated
AMR006,2024,11,5.9,6.0,-1.7,rabi,estimated
AMR006,2024,12,0.0,0.0,0.0,rabi,estimated
AMR007,2019,1,7.2,6.4,12.5,rabi,estimated
AMR007,2019,2,7.2,6.4,12.5,rabi,estimated
AMR007,2019,3,7.2,6.4,12.5,rabi,estimated
AMR007,2019,4,14.3,12.8,11.7,summer,estimated
AMR007,2019,5,21.4,19.1,12.0,summer,estimated
AMR007,2019,6,128.6,114.8,12.0,kharif,estimated
AMR007,2019,7,250.1,223.3,12.0,kharif,estimated
AMR007,2019,8,185.8,165.9,12.0,kharif,estimated
AMR007,2019,9,78.6,70.2,12.0,kharif,estimated
AMR007,2019,10,21.4,19.1,12.0,rabi,estimated
AMR007,2019,11,7.2,6.4,12.5,rabi,estimated
AMR007,2019,12,0.0,0.0,0.0,rabi,estimated
AMR007,2020,1,6.7,6.4,4.7,rabi,estimated
AMR007,2020,2,6.7,6.4,4.7,rabi,estimated
AMR007,2020,3,6.7,6.4,4.7,rabi,estimated
AMR007,2020,4,13.4,12.8,4.7,summer,estimated
AMR007,2020,5,20.1,19.1,5.2,summer,estimated
AMR007,2020,6,120.5,114.8,5.0,kharif,estimated
AMR007,2020,7,234.5,223.3,5.0,kharif,estimated
AMR007,2020,8,174.2,165.9,5.0,kharif,estimated
AMR007,2020,9,73.7,70.2,5.0,kharif,estimated
AMR007,2020,10,20.1,19.1,5.2,rabi,estimated
AMR007,2020,11,6.7,6.4,4.7,rabi,estimated
AMR007,2020,12,0.0,0.0,0.0,rabi,estimated
AMR007,2021,1,5.6,6.4,-12.5,rabi,estimated
AMR007,2021,2,5.6,6.4,-12.5,rabi,estimated
AMR007,2021,3,5.6,6.4,-12.5,rabi,estimated
AMR007,2021,4,11.3,12.8,-11.7,summer,estimated
AMR007,2021,5,16.8,19.1,-12.0,summer,estimated
AMR007,2021,6,101.0,114.8,-12.0,kharif,estimated
AMR007,2021,7,196.5,223.3,-12.0,kharif,estimated
AMR007,2021,8,146.0,165.9,-12.0,kharif,estimated
AMR007,2021,9,61.8,70.2,-12.0,kharif,estimated
AMR007,2021,10,16.8,19.1,-12.0,rabi,estimated
AMR007,2021,11,5.6,6.4,-12.5,rabi,estimated
AMR007,2021,12,0.0,0.0,0.0,rabi,estimated
AMR007,2022,1,6.0,6.4,-6.3,rabi,estimated
AMR007,2022,2,6.0,6.4,-6.3,rabi,estimated
AMR007,2022,3,6.0,6.4,-6.3,rabi,estimated
AMR007,2022,4,12.0,12.8,-6.3,summer,estimated
AMR007,2022,5,18.0,19.1,-5.8,summer,estimated
AMR007,2022,6,107.9,114.8,-6.0,kharif,estimated
AMR007,2022,7,209.9,223.3,-6.0,kharif,estimated
AMR007,2022,8,155.9,165.9,-6.0,kharif,estimated
AMR007,2022,9,66.0,70.2,-6.0,kharif,estimated
AMR007,2022,10,18.0,19.1,-5.8,rabi,estimated
AMR007,2022,11,6.0,6.4,-6.3,rabi,estimated
AMR007,2022,12,0.0,0.0,0.0,rabi,estimated
AMR007,2023,1,5.2,6.4,-18.8,rabi,estimated
AMR007,2023,2,5.2,6.4,-18.8,rabi,estimated
AMR007,2023,3,5.2,6.4,-18.8,rabi,estimated
AMR007,2023,4,10.5,12.8,-18.0,summer,estimated
AMR007,2023,5,15.7,19.1,-17.8,summer,estimated
AMR007,2023,6,94.1,114.8,-18.0,kharif,estimated
AMR007,2023,7,183.1,223.3,-18.0,kharif,estimated
AMR007,2023,8,136.0,165.9,-18.0,kharif,estimated
AMR007,2023,9,57.6,70.2,-17.9,kharif,estimated
AMR007,2023,10,15.7,19.1,-17.8,rabi,estimated
AMR007,2023,11,5.2,6.4,-18.8,rabi,estimated
AMR007,2023,12,0.0,0.0,0.0,rabi,estimated
AMR007,2024,1,6.3,6.4,-1.6,rabi,estimated
AMR007,2024,2,6.3,6.4,-1.6,rabi,estimated
AMR007,2024,3,6.3,6.4,-1.6,rabi,estimated
AMR007,2024,4,12.5,12.8,-2.3,summer,estimated
AMR007,2024,5,18.7,19.1,-2.1,summer,estimated
AMR007,2024,6,112.5,114.8,-2.0,kharif,estimated
AMR007,2024,7,218.8,223.3,-2.0,kharif,estimated
AMR007,2024,8,162.6,165.9,-2.0,kharif,estimated
AMR007,2024,9,68.8,70.2,-2.0,kharif,estimated
AMR007,2024,10,18.7,19.1,-2.1,rabi,estimated
AMR007,2024,11,6.3,6.4,-1.6,rabi,estimated
AMR007,2024,12,0.0,0.0,0.0,rabi,estimated
AMR008,2019,1,6.6,5.9,11.9,rabi,estimated
AMR008,2019,2,6.6,5.9,11.9,rabi,estimated
AMR008,2019,3,6.6,5.9,11.9,rabi,estimated
AMR008,2019,4,13.1,11.7,12.0,summer,estimated
AMR008,2019,5,19.7,17.6,11.9,summer,estimated
AMR008,2019,6,117.9,105.3,12.0,kharif,estimated
AMR008,2019,7,229.4,204.8,12.0,kharif,estimated
AMR008,2019,8,170.4,152.1,12.0,kharif,estimated
AMR008,2019,9,72.0,64.3,12.0,kharif,estimated
AMR008,2019,10,19.7,17.6,11.9,rabi,estimated
AMR008,2019,11,6.6,5.9,11.9,rabi,estimated
AMR008,2019,12,0.0,0.0,0.0,rabi,estimated
AMR008,2020,1,6.2,5.9,5.1,rabi,estimated
AMR008,2020,2,6.2,5.9,5.1,rabi,estimated
AMR008,2020,3,6.2,5.9,5.1,rabi,estimated
AMR008,2020,4,12.3,11.7,5.1,summer,estimated
AMR008,2020,5,18.5,17.6,5.1,summer,estimated
AMR008,2020,6,110.6,105.3,5.0,kharif,estimated
AMR008,2020,7,215.0,204.8,5.0,kharif,estimated
AMR008,2020,8,159.7,152.1,5.0,kharif,estimated
AMR008,2020,9,67.5,64.3,5.0,kharif,estimated
AMR008,2020,10,18.5,17.6,5.1,rabi,estimated
AMR008,2020,11,6.2,5.9,5.1,rabi,estimated
AMR008,2020,12,0.0,0.0,0.0,rabi,estimated
AMR008,2021,1,5.2,5.9,-11.9,rabi,estimated
AMR008,2021,2,5.2,5.9,-11.9,rabi,estimated
AMR008,2021,3,5.2,5.9,-11.9,rabi,estimated
AMR008,2021,4,10.3,11.7,-12.0,summer,estimated
AMR008,2021,5,15.5,17.6,-11.9,summer,estimated
AMR008,2021,6,92.7,105.3,-12.0,kharif,estimated
AMR008,2021,7,180.2,204.8,-12.0,kharif,estimated
AMR008,2021,8,133.8,152.1,-12.0,kharif,estimated
AMR008,2021,9,56.6,64.3,-12.0,kharif,estimated
AMR008,2021,10,15.5,17.6,-11.9,rabi,estimated
AMR008,2021,11,5.2,5.9,-11.9,rabi,estimated
AMR008,2021,12,0.0,0.0,0.0,rabi,estimated
AMR008,2022,1,5.5,5.9,-6.8,rabi,estimated
AMR008,2022,2,5.5,5.9,-6.8,rabi,estimated
AMR008,2022,3,5.5,5.9,-6.8,rabi,estimated
AMR008,2022,4,11.0,11.7,-6.0,summer,estimated
AMR008,2022,5,16.5,17.6,-6.3,summer,estimated
AMR008,2022,6,99.0,105.3,-6.0,kharif,estimated
AMR008,2022,7,192.5,204.8,-6.0,kharif,estimated
AMR008,2022,8,143.0,152.1,-6.0,kharif,estimated
AMR008,2022,9,60.4,64.3,-6.1,kharif,estimated
AMR008,2022,10,16.5,17.6,-6.3,rabi,estimated
AMR008,2022,11,5.5,5.9,-6.8,rabi,estimated
AMR008,2022,12,0.0,0.0,0.0,rabi,estimated
AMR008,2023,1,4.8,5.9,-18.6,rabi,estimated
AMR008,2023,2,4.8,5.9,-18.6,rabi,estimated
AMR008,2023,3,4.8,5.9,-18.6,rabi,estimated
AMR008,2023,4,9.6,11.7,-17.9,summer,estimated
AMR008,2023,5,14.4,17.6,-18.2,summer,estimated
AMR008,2023,6,86.3,105.3,-18.0,kharif,estimated
AMR008,2023,7,167.9,204.8,-18.0,kharif,estimated
AMR008,2023,8,124.7,152.1,-18.0,kharif,estimated
AMR008,2023,9,52.7,64.3,-18.0,kharif,estimated
AMR008,2023,10,14.4,17.6,-18.2,rabi,estimated
AMR008,2023,11,4.8,5.9,-18.6,rabi,estimated
AMR008,2023,12,0.0,0.0,0.0,rabi,estimated
AMR008,2024,1,5.8,5.9,-1.7,rabi,estimated
AMR008,2024,2,5.8,5.9,-1.7,rabi,estimated
AMR008,2024,3,5.8,5.9,-1.7,rabi,estimated
AMR008,2024,4,11.5,11.7,-1.7,summer,estimated
AMR008,2024,5,17.2,17.6,-2.3,summer,estimated
AMR008,2024,6,103.2,105.3,-2.0,kharif,estimated
AMR008,2024,7,200.7,204.8,-2.0,kharif,estimated
AMR008,2024,8,149.1,152.1,-2.0,kharif,estimated
AMR008,2024,9,63.0,64.3,-2.0,kharif,estimated
AMR008,2024,10,17.2,17.6,-2.3,rabi,estimated
AMR008,2024,11,5.8,5.9,-1.7,rabi,estimated
AMR008,2024,12,0.0,0.0,0.0,rabi,estimated
AMR009,2019,1,6.6,5.9,11.9,rabi,estimated
AMR009,2019,2,6.6,5.9,11.9,rabi,estimated
AMR009,2019,3,6.6,5.9,11.9,rabi,estimated
AMR009,2019,4,13.2,11.8,11.9,summer,estimated
AMR009,2019,5,19.9,17.8,11.8,summer,estimated
AMR009,2019,6,119.4,106.6,12.0,kharif,estimated
AMR009,2019,7,232.1,207.2,12.0,kharif,estimated
AMR009,2019,8,172.4,153.9,12.0,kharif,estimated
AMR009,2019,9,72.9,65.1,12.0,kharif,estimated
AMR009,2019,10,19.9,17.8,11.8,rabi,estimated
AMR009,2019,11,6.6,5.9,11.9,rabi,estimated
AMR009,2019,12,0.0,0.0,0.0,rabi,estimated
AMR009,2020,1,6.2,5.9,5.1,rabi,estimated
AMR009,2020,2,6.2,5.9,5.1,rabi,estimated
AMR009,2020,3,6.2,5.9,5.1,rabi,estimated
AMR009,2020,4,12.4,11.8,5.1,summer,estimated
AMR009,2020,5,18.7,17.8,5.1,summer,estimated
AMR009,2020,6,111.9,106.6,5.0,kharif,estimated
AMR009,2020,7,217.6,207.2,5.0,kharif,estimated
AMR009,2020,8,161.6,153.9,5.0,kharif,estimated
AMR009,2020,9,68.4,65.1,5.1,kharif,estimated
AMR009,2020,10,18.7,17.8,5.1,rabi,estimated
AMR009,2020,11,6.2,5.9,5.1,rabi,estimated
AMR009,2020,12,0.0,0.0,0.0,rabi,estimated
AMR009,2021,1,5.2,5.9,-11.9,rabi,estimated
AMR009,2021,2,5.2,5.9,-11.9,rabi,estimated
AMR009,2021,3,5.2,5.9,-11.9,rabi,estimated
AMR009,2021,4,10.4,11.8,-11.9,summer,estimated
AMR009,2021,5,15.7,17.8,-11.8,summer,estimated
AMR009,2021,6,93.8,106.6,-12.0,kharif,estimated
AMR009,2021,7,182.3,207.2,-12.0,kharif,estimated
AMR009,2021,8,135.4,153.9,-12.0,kharif,estimated
AMR009,2021,9,57.3,65.1,-12.0,kharif,estimated
AMR009,2021,10,15.7,17.8,-11.8,rabi,estimated
AMR009,2021,11,5.2,5.9,-11.9,rabi,estimated
AMR009,2021,12,0.0,0.0,0.0,rabi,estimated
AMR009,2022,1,5.5,5.9,-6.8,rabi,estimated
AMR009,2022,2,5.5,5.9,-6.8,rabi,estimated
AMR009,2022,3,5.5,5.9,-6.8,rabi,estimated
AMR009,2022,4,11.1,11.8,-5.9,summer,estimated
AMR009,2022,5,16.7,17.8,-6.2,summer,estimated
AMR009,2022,6,100.2,106.6,-6.0,kharif,estimated
AMR009,2022,7,194.8,207.2,-6.0,kharif,estimated
AMR009,2022,8,144.7,153.9,-6.0,kharif,estimated
AMR009,2022,9,61.2,65.1,-6.0,kharif,estimated
AMR009,2022,10,16.7,17.8,-6.2,rabi,estimated
AMR009,2022,11,5.5,5.9,-6.8,rabi,estimated
AMR009,2022,12,0.0,0.0,0.0,rabi,estimated
AMR009,2023,1,4.8,5.9,-18.6,rabi,estimated
AMR009,2023,2,4.8,5.9,-18.6,rabi,estimated
AMR009,2023,3,4.8,5.9,-18.6,rabi,estimated
AMR009,2023,4,9.7,11.8,-17.8,summer,estimated
AMR009,2023,5,14.6,17.8,-18.0,summer,estimated
AMR009,2023,6,87.4,106.6,-18.0,kharif,estimated
AMR009,2023,7,169.9,207.2,-18.0,kharif,estimated
AMR009,2023,8,126.2,153.9,-18.0,kharif,estimated
AMR009,2023,9,53.4,65.1,-18.0,kharif,estimated
AMR009,2023,10,14.6,17.8,-18.0,rabi,estimated
AMR009,2023,11,4.8,5.9,-18.6,rabi,estimated
AMR009,2023,12,0.0,0.0,0.0,rabi,estimated
AMR009,2024,1,5.8,5.9,-1.7,rabi,estimated
AMR009,2024,2,5.8,5.9,-1.7,rabi,estimated
AMR009,2024,3,5.8,5.9,-1.7,rabi,estimated
AMR009,2024,4,11.6,11.8,-1.7,summer,estimated
AMR009,2024,5,17.4,17.8,-2.2,summer,estimated
AMR009,2024,6,104.5,106.6,-2.0,kharif,estimated
AMR009,2024,7,203.1,207.2,-2.0,kharif,estimated
AMR009,2024,8,150.8,153.9,-2.0,kharif,estimated
AMR009,2024,9,63.8,65.1,-2.0,kharif,estimated
AMR009,2024,10,17.4,17.8,-2.2,rabi,estimated
AMR009,2024,11,5.8,5.9,-1.7,rabi,estimated
AMR009,2024,12,0.0,0.0,0.0,rabi,estimated
AMR010,2019,1,6.6,5.9,11.9,rabi,estimated
AMR010,2019,2,6.6,5.9,11.9,rabi,estimated
AMR010,2019,3,6.6,5.9,11.9,rabi,estimated
AMR010,2019,4,13.2,11.8,11.9,summer,estimated
AMR010,2019,5,19.8,17.7,11.9,summer,estimated
AMR010,2019,6,118.9,106.2,12.0,kharif,estimated
AMR010,2019,7,231.3,206.5,12.0,kharif,estimated
AMR010,2019,8,171.8,153.4,12.0,kharif,estimated
AMR010,2019,9,72.7,64.9,12.0,kharif,estimated
AMR010,2019,10,19.8,17.7,11.9,rabi,estimated
AMR010,2019,11,6.6,5.9,11.9,rabi,estimated
AMR010,2019,12,0.0,0.0,0.0,rabi,estimated
AMR010,2020,1,6.2,5.9,5.1,rabi,estimated
AMR010,2020,2,6.2,5.9,5.1,rabi,estimated
AMR010,2020,3,6.2,5.9,5.1,rabi,estimated
AMR010,2020,4,12.4,11.8,5.1,summer,estimated
AMR010,2020,5,18.6,17.7,5.1,summer,estimated
AMR010,2020,6,111.5,106.2,5.0,kharif,estimated
AMR010,2020,7,216.8,206.5,5.0,kharif,estimated
AMR010,2020,8,161.1,153.4,5.0,kharif,estimated
AMR010,2020,9,68.1,64.9,4.9,kharif,estimated
AMR010,2020,10,18.6,17.7,5.1,rabi,estimated
AMR010,2020,11,6.2,5.9,5.1,rabi,estimated
AMR010,2020,12,0.0,0.0,0.0,rabi,estimated
AMR010,2021,1,5.2,5.9,-11.9,rabi,estimated
AMR010,2021,2,5.2,5.9,-11.9,rabi,estimated
AMR010,2021,3,5.2,5.9,-11.9,rabi,estimated
AMR010,2021,4,10.4,11.8,-11.9,summer,estimated
AMR010,2021,5,15.6,17.7,-11.9,summer,estimated
AMR010,2021,6,93.5,106.2,-12.0,kharif,estimated
AMR010,2021,7,181.7,206.5,-12.0,kharif,estimated
AMR010,2021,8,135.0,153.4,-12.0,kharif,estimated
AMR010,2021,9,57.1,64.9,-12.0,kharif,estimated
AMR010,2021,10,15.6,17.7,-11.9,rabi,estimated
AMR010,2021,11,5.2,5.9,-11.9,rabi,estimated
AMR010,2021,12,0.0,0.0,0.0,rabi,estimated
AMR010,2022,1,5.5,5.9,-6.8,rabi,estimated
AMR010,2022,2,5.5,5.9,-6.8,rabi,estimated
AMR010,2022,3,5.5,5.9,-6.8,rabi,estimated
AMR010,2022,4,11.1,11.8,-5.9,summer,estimated
AMR010,2022,5,16.6,17.7,-6.2,summer,estimated
AMR010,2022,6,99.8,106.2,-6.0,kharif,estimated
AMR010,2022,7,194.1,206.5,-6.0,kharif,estimated
AMR010,2022,8,144.2,153.4,-6.0,kharif,estimated
AMR010,2022,9,61.0,64.9,-6.0,kharif,estimated
AMR010,2022,10,16.6,17.7,-6.2,rabi,estimated
AMR010,2022,11,5.5,5.9,-6.8,rabi,estimated
AMR010,2022,12,0.0,0.0,0.0,rabi,estimated
AMR010,2023,1,4.8,5.9,-18.6,rabi,estimated
AMR010,2023,2,4.8,5.9,-18.6,rabi,estimated
AMR010,2023,3,4.8,5.9,-18.6,rabi,estimated
AMR010,2023,4,9.7,11.8,-17.8,summer,estimated
AMR010,2023,5,14.5,17.7,-18.1,summer,estimated
AMR010,2023,6,87.1,106.2,-18.0,kharif,estimated
AMR010,2023,7,169.3,206.5,-18.0,kharif,estimated
AMR010,2023,8,125.8,153.4,-18.0,kharif,estimated
AMR010,2023,9,53.2,64.9,-18.0,kharif,estimated
AMR010,2023,10,14.5,17.7,-18.1,rabi,estimated
AMR010,2023,11,4.8,5.9,-18.6,rabi,estimated
AMR010,2023,12,0.0,0.0,0.0,rabi,estimated
AMR010,2024,1,5.8,5.9,-1.7,rabi,estimated
AMR010,2024,2,5.8,5.9,-1.7,rabi,estimated
AMR010,2024,3,5.8,5.9,-1.7,rabi,estimated
AMR010,2024,4,11.6,11.8,-1.7,summer,estimated
AMR010,2024,5,17.3,17.7,-2.3,summer,estimated
AMR010,2024,6,104.1,106.2,-2.0,kharif,estimated
AMR010,2024,7,202.4,206.5,-2.0,kharif,estimated
AMR010,2024,8,150.3,153.4,-2.0,kharif,estimated
AMR010,2024,9,63.6,64.9,-2.0,kharif,estimated
AMR010,2024,10,17.3,17.7,-2.3,rabi,estimated
AMR010,2024,11,5.8,5.9,-1.7,rabi,estimated
AMR010,2024,12,0.0,0.0,0.0,rabi,estimated
BHV001,2019,1,6.2,5.5,12.7,rabi,estimated
BHV001,2019,2,6.2,5.5,12.7,rabi,estimated
BHV001,2019,3,6.2,5.5,12.7,rabi,estimated
BHV001,2019,4,12.2,10.9,11.9,summer,estimated
BHV001,2019,5,18.3,16.3,12.3,summer,estimated
BHV001,2019,6,109.9,98.1,12.0,kharif,estimated
BHV001,2019,7,213.7,190.8,12.0,kharif,estimated
BHV001,2019,8,158.7,141.7,12.0,kharif,estimated
BHV001,2019,9,67.2,60.0,12.0,kharif,estimated
BHV001,2019,10,18.3,16.3,12.3,rabi,estimated
BHV001,2019,11,6.2,5.5,12.7,rabi,estimated
BHV001,2019,12,0.0,0.0,0.0,rabi,estimated
BHV001,2020,1,5.8,5.5,5.5,rabi,estimated
BHV001,2020,2,5.8,5.5,5.5,rabi,estimated
BHV001,2020,3,5.8,5.5,5.5,rabi,estimated
BHV001,2020,4,11.4,10.9,4.6,summer,estimated
BHV001,2020,5,17.1,16.3,4.9,summer,estimated
BHV001,2020,6,103.0,98.1,5.0,kharif,estimated
BHV001,2020,7,200.3,190.8,5.0,kharif,estimated
BHV001,2020,8,148.8,141.7,5.0,kharif,estimated
BHV001,2020,9,63.0,60.0,5.0,kharif,estimated
BHV001,2020,10,17.1,16.3,4.9,rabi,estimated
BHV001,2020,11,5.8,5.5,5.5,rabi,estimated
BHV001,2020,12,0.0,0.0,0.0,rabi,estimated
BHV001,2021,1,4.8,5.5,-12.7,rabi,estimated
BHV001,2021,2,4.8,5.5,-12.7,rabi,estimated
BHV001,2021,3,4.8,5.5,-12.7,rabi,estimated
BHV001,2021,4,9.6,10.9,-11.9,summer,estimated
BHV001,2021,5,14.3,16.3,-12.3,summer,estimated
BHV001,2021,6,86.3,98.1,-12.0,kharif,estimated
BHV001,2021,7,167.9,190.8,-12.0,kharif,estimated
BHV001,2021,8,124.7,141.7,-12.0,kharif,estimated
BHV001,2021,9,52.8,60.0,-12.0,kharif,estimated
BHV001,2021,10,14.3,16.3,-12.3,rabi,estimated
BHV001,2021,11,4.8,5.5,-12.7,rabi,estimated
BHV001,2021,12,0.0,0.0,0.0,rabi,estimated
BHV001,2022,1,5.2,5.5,-5.5,rabi,estimated
BHV001,2022,2,5.2,5.5,-5.5,rabi,estimated
BHV001,2022,3,5.2,5.5,-5.5,rabi,estimated
BHV001,2022,4,10.2,10.9,-6.4,summer,estimated
BHV001,2022,5,15.3,16.3,-6.1,summer,estimated
BHV001,2022,6,92.2,98.1,-6.0,kharif,estimated
BHV001,2022,7,179.4,190.8,-6.0,kharif,estimated
BHV001,2022,8,133.2,141.7,-6.0,kharif,estimated
BHV001,2022,9,56.4,60.0,-6.0,kharif,estimated
BHV001,2022,10,15.3,16.3,-6.1,rabi,estimated
BHV001,2022,11,5.2,5.5,-5.5,rabi,estimated
BHV001,2022,12,0.0,0.0,0.0,rabi,estimated
BHV001,2023,1,4.5,5.5,-18.2,rabi,estimated
BHV001,2023,2,4.5,5.5,-18.2,rabi,estimated
BHV001,2023,3,4.5,5.5,-18.2,rabi,estimated
BHV001,2023,4,8.9,10.9,-18.3,summer,estimated
BHV001,2023,5,13.4,16.3,-17.8,summer,estimated
BHV001,2023,6,80.4,98.1,-18.0,kharif,estimated
BHV001,2023,7,156.5,190.8,-18.0,kharif,estimated
BHV001,2023,8,116.2,141.7,-18.0,kharif,estimated
BHV001,2023,9,49.2,60.0,-18.0,kharif,estimated
BHV001,2023,10,13.4,16.3,-17.8,rabi,estimated
BHV001,2023,11,4.5,5.5,-18.2,rabi,estimated
BHV001,2023,12,0.0,0.0,0.0,rabi,estimated
BHV001,2024,1,5.4,5.5,-1.8,rabi,estimated
BHV001,2024,2,5.4,5.5,-1.8,rabi,estimated
BHV001,2024,3,5.4,5.5,-1.8,rabi,estimated
BHV001,2024,4,10.7,10.9,-1.8,summer,estimated
BHV001,2024,5,16.0,16.3,-1.8,summer,estimated
BHV001,2024,6,96.1,98.1,-2.0,kharif,estimated
BHV001,2024,7,187.0,190.8,-2.0,kharif,estimated
BHV001,2024,8,138.9,141.7,-2.0,kharif,estimated
BHV001,2024,9,58.8,60.0,-2.0,kharif,estimated
BHV001,2024,10,16.0,16.3,-1.8,rabi,estimated
BHV001,2024,11,5.4,5.5,-1.8,rabi,estimated
BHV001,2024,12,0.0,0.0,0.0,rabi,estimated
BHV002,2019,1,6.3,5.6,12.5,rabi,estimated
BHV002,2019,2,6.3,5.6,12.5,rabi,estimated
BHV002,2019,3,6.3,5.6,12.5,rabi,estimated
BHV002,2019,4,12.5,11.2,11.6,summer,estimated
BHV002,2019,5,18.7,16.7,12.0,summer,estimated
BHV002,2019,6,112.4,100.4,12.0,kharif,estimated
BHV002,2019,7,218.7,195.3,12.0,kharif,estimated
BHV002,2019,8,162.5,145.1,12.0,kharif,estimated
BHV002,2019,9,68.8,61.4,12.1,kharif,estimated
BHV002,2019,10,18.7,16.7,12.0,rabi,estimated
BHV002,2019,11,6.3,5.6,12.5,rabi,estimated
BHV002,2019,12,0.0,0.0,0.0,rabi,estimated
BHV002,2020,1,5.9,5.6,5.4,rabi,estimated
BHV002,2020,2,5.9,5.6,5.4,rabi,estimated
BHV002,2020,3,5.9,5.6,5.4,rabi,estimated
BHV002,2020,4,11.8,11.2,5.4,summer,estimated
BHV002,2020,5,17.5,16.7,4.8,summer,estimated
BHV002,2020,6,105.4,100.4,5.0,kharif,estimated
BHV002,2020,7,205.1,195.3,5.0,kharif,estimated
BHV002,2020,8,152.4,145.1,5.0,kharif,estimated
BHV002,2020,9,64.5,61.4,5.0,kharif,estimated
BHV002,2020,10,17.5,16.7,4.8,rabi,estimated
BHV002,2020,11,5.9,5.6,5.4,rabi,estimated
BHV002,2020,12,0.0,0.0,0.0,rabi,estimated
BHV002,2021,1,4.9,5.6,-12.5,rabi,estimated
BHV002,2021,2,4.9,5.6,-12.5,rabi,estimated
BHV002,2021,3,4.9,5.6,-12.5,rabi,estimated
BHV002,2021,4,9.9,11.2,-11.6,summer,estimated
BHV002,2021,5,14.7,16.7,-12.0,summer,estimated
BHV002,2021,6,88.4,100.4,-12.0,kharif,estimated
BHV002,2021,7,171.9,195.3,-12.0,kharif,estimated
BHV002,2021,8,127.7,145.1,-12.0,kharif,estimated
BHV002,2021,9,54.0,61.4,-12.1,kharif,estimated
BHV002,2021,10,14.7,16.7,-12.0,rabi,estimated
BHV002,2021,11,4.9,5.6,-12.5,rabi,estimated
BHV002,2021,12,0.0,0.0,0.0,rabi,estimated
BHV002,2022,1,5.3,5.6,-5.4,rabi,estimated
BHV002,2022,2,5.3,5.6,-5.4,rabi,estimated
BHV002,2022,3,5.3,5.6,-5.4,rabi,estimated
BHV002,2022,4,10.5,11.2,-6.2,summer,estimated
BHV002,2022,5,15.7,16.7,-6.0,summer,estimated
BHV002,2022,6,94.4,100.4,-6.0,kharif,estimated
BHV002,2022,7,183.6,195.3,-6.0,kharif,estimated
BHV002,2022,8,136.4,145.1,-6.0,kharif,estimated
BHV002,2022,9,57.7,61.4,-6.0,kharif,estimated
BHV002,2022,10,15.7,16.7,-6.0,rabi,estimated
BHV002,2022,11,5.3,5.6,-5.4,rabi,estimated
BHV002,2022,12,0.0,0.0,0.0,rabi,estimated
BHV002,2023,1,4.6,5.6,-17.9,rabi,estimated
BHV002,2023,2,4.6,5.6,-17.9,rabi,estimated
BHV002,2023,3,4.6,5.6,-17.9,rabi,estimated
BHV002,2023,4,9.2,11.2,-17.9,summer,estimated
BHV002,2023,5,13.7,16.7,-18.0,summer,estimated
BHV002,2023,6,82.3,100.4,-18.0,kharif,estimated
BHV002,2023,7,160.1,195.3,-18.0,kharif,estimated
BHV002,2023,8,119.0,145.1,-18.0,kharif,estimated
BHV002,2023,9,50.3,61.4,-18.1,kharif,estimated
BHV002,2023,10,13.7,16.7,-18.0,rabi,estimated
BHV002,2023,11,4.6,5.6,-17.9,rabi,estimated
BHV002,2023,12,0.0,0.0,0.0,rabi,estimated
BHV002,2024,1,5.5,5.6,-1.8,rabi,estimated
BHV002,2024,2,5.5,5.6,-1.8,rabi,estimated
BHV002,2024,3,5.5,5.6,-1.8,rabi,estimated
BHV002,2024,4,11.0,11.2,-1.8,summer,estimated
BHV002,2024,5,16.4,16.7,-1.8,summer,estimated
BHV002,2024,6,98.4,100.4,-2.0,kharif,estimated
BHV002,2024,7,191.4,195.3,-2.0,kharif,estimated
BHV002,2024,8,142.2,145.1,-2.0,kharif,estimated
BHV002,2024,9,60.2,61.4,-2.0,kharif,estimated
BHV002,2024,10,16.4,16.7,-1.8,rabi,estimated
BHV002,2024,11,5.5,5.6,-1.8,rabi,estimated
BHV002,2024,12,0.0,0.0,0.0,rabi,estimated
BHV003,2019,1,6.3,5.6,12.5,rabi,estimated
BHV003,2019,2,6.3,5.6,12.5,rabi,estimated
BHV003,2019,3,6.3,5.6,12.5,rabi,estimated
BHV003,2019,4,12.5,11.2,11.6,summer,estimated
BHV003,2019,5,18.9,16.9,11.8,summer,estimated
BHV003,2019,6,113.3,101.2,12.0,kharif,estimated
BHV003,2019,7,220.3,196.7,12.0,kharif,estimated
BHV003,2019,8,163.6,146.1,12.0,kharif,estimated
BHV003,2019,9,69.2,61.8,12.0,kharif,estimated
BHV003,2019,10,18.9,16.9,11.8,rabi,estimated
BHV003,2019,11,6.3,5.6,12.5,rabi,estimated
BHV003,2019,12,0.0,0.0,0.0,rabi,estimated
BHV003,2020,1,5.9,5.6,5.4,rabi,estimated
BHV003,2020,2,5.9,5.6,5.4,rabi,estimated
BHV003,2020,3,5.9,5.6,5.4,rabi,estimated
BHV003,2020,4,11.8,11.2,5.4,summer,estimated
BHV003,2020,5,17.7,16.9,4.7,summer,estimated
BHV003,2020,6,106.3,101.2,5.0,kharif,estimated
BHV003,2020,7,206.5,196.7,5.0,kharif,estimated
BHV003,2020,8,153.4,146.1,5.0,kharif,estimated
BHV003,2020,9,64.9,61.8,5.0,kharif,estimated
BHV003,2020,10,17.7,16.9,4.7,rabi,estimated
BHV003,2020,11,5.9,5.6,5.4,rabi,estimated
BHV003,2020,12,0.0,0.0,0.0,rabi,estimated
BHV003,2021,1,4.9,5.6,-12.5,rabi,estimated
BHV003,2021,2,4.9,5.6,-12.5,rabi,estimated
BHV003,2021,3,4.9,5.6,-12.5,rabi,estimated
BHV003,2021,4,9.9,11.2,-11.6,summer,estimated
BHV003,2021,5,14.9,16.9,-11.8,summer,estimated
BHV003,2021,6,89.1,101.2,-12.0,kharif,estimated
BHV003,2021,7,173.1,196.7,-12.0,kharif,estimated
BHV003,2021,8,128.6,146.1,-12.0,kharif,estimated
BHV003,2021,9,54.4,61.8,-12.0,kharif,estimated
BHV003,2021,10,14.9,16.9,-11.8,rabi,estimated
BHV003,2021,11,4.9,5.6,-12.5,rabi,estimated
BHV003,2021,12,0.0,0.0,0.0,rabi,estimated
BHV003,2022,1,5.3,5.6,-5.4,rabi,estimated
BHV003,2022,2,5.3,5.6,-5.4,rabi,estimated
BHV003,2022,3,5.3,5.6,-5.4,rabi,estimated
BHV003,2022,4,10.5,11.2,-6.2,summer,estimated
BHV003,2022,5,15.9,16.9,-5.9,summer,estimated
BHV003,2022,6,95.1,101.2,-6.0,kharif,estimated
BHV003,2022,7,184.9,196.7,-6.0,kharif,estimated
BHV003,2022,8,137.3,146.1,-6.0,kharif,estimated
BHV003,2022,9,58.1,61.8,-6.0,kharif,estimated
BHV003,2022,10,15.9,16.9,-5.9,rabi,estimated
BHV003,2022,11,5.3,5.6,-5.4,rabi,estimated
BHV003,2022,12,0.0,0.0,0.0,rabi,estimated
BHV003,2023,1,4.6,5.6,-17.9,rabi,estimated
BHV003,2023,2,4.6,5.6,-17.9,rabi,estimated
BHV003,2023,3,4.6,5.6,-17.9,rabi,estimated
BHV003,2023,4,9.2,11.2,-17.9,summer,estimated
BHV003,2023,5,13.9,16.9,-17.8,summer,estimated
BHV003,2023,6,83.0,101.2,-18.0,kharif,estimated
BHV003,2023,7,161.3,196.7,-18.0,kharif,estimated
BHV003,2023,8,119.8,146.1,-18.0,kharif,estimated
BHV003,2023,9,50.7,61.8,-18.0,kharif,estimated
BHV003,2023,10,13.9,16.9,-17.8,rabi,estimated
BHV003,2023,11,4.6,5.6,-17.9,rabi,estimated
BHV003,2023,12,0.0,0.0,0.0,rabi,estimated
BHV003,2024,1,5.5,5.6,-1.8,rabi,estimated
BHV003,2024,2,5.5,5.6,-1.8,rabi,estimated
BHV003,2024,3,5.5,5.6,-1.8,rabi,estimated
BHV003,2024,4,11.0,11.2,-1.8,summer,estimated
BHV003,2024,5,16.6,16.9,-1.8,summer,estimated
BHV003,2024,6,99.2,101.2,-2.0,kharif,estimated
BHV003,2024,7,192.8,196.7,-2.0,kharif,estimated
BHV003,2024,8,143.2,146.1,-2.0,kharif,estimated
BHV003,2024,9,60.6,61.8,-1.9,kharif,estimated
BHV003,2024,10,16.6,16.9,-1.8,rabi,estimated
BHV003,2024,11,5.5,5.6,-1.8,rabi,estimated
BHV003,2024,12,0.0,0.0,0.0,rabi,estimated
BHV004,2019,1,6.2,5.5,12.7,rabi,estimated
BHV004,2019,2,6.2,5.5,12.7,rabi,estimated
BHV004,2019,3,6.2,5.5,12.7,rabi,estimated
BHV004,2019,4,12.3,11.0,11.8,summer,estimated
BHV004,2019,5,18.5,16.5,12.1,summer,estimated
BHV004,2019,6,110.9,99.0,12.0,kharif,estimated
BHV004,2019,7,215.6,192.5,12.0,kharif,estimated
BHV004,2019,8,160.2,143.0,12.0,kharif,estimated
BHV004,2019,9,67.8,60.5,12.1,kharif,estimated
BHV004,2019,10,18.5,16.5,12.1,rabi,estimated
BHV004,2019,11,6.2,5.5,12.7,rabi,estimated
BHV004,2019,12,0.0,0.0,0.0,rabi,estimated
BHV004,2020,1,5.8,5.5,5.5,rabi,estimated
BHV004,2020,2,5.8,5.5,5.5,rabi,estimated
BHV004,2020,3,5.8,5.5,5.5,rabi,estimated
BHV004,2020,4,11.6,11.0,5.5,summer,estimated
BHV004,2020,5,17.3,16.5,4.8,summer,estimated
BHV004,2020,6,104.0,99.0,5.1,kharif,estimated
BHV004,2020,7,202.1,192.5,5.0,kharif,estimated
BHV004,2020,8,150.2,143.0,5.0,kharif,estimated
BHV004,2020,9,63.5,60.5,5.0,kharif,estimated
BHV004,2020,10,17.3,16.5,4.8,rabi,estimated
BHV004,2020,11,5.8,5.5,5.5,rabi,estimated
BHV004,2020,12,0.0,0.0,0.0,rabi,estimated
BHV004,2021,1,4.8,5.5,-12.7,rabi,estimated
BHV004,2021,2,4.8,5.5,-12.7,rabi,estimated
BHV004,2021,3,4.8,5.5,-12.7,rabi,estimated
BHV004,2021,4,9.7,11.0,-11.8,summer,estimated
BHV004,2021,5,14.5,16.5,-12.1,summer,estimated
BHV004,2021,6,87.1,99.0,-12.0,kharif,estimated
BHV004,2021,7,169.4,192.5,-12.0,kharif,estimated
BHV004,2021,8,125.8,143.0,-12.0,kharif,estimated
BHV004,2021,9,53.2,60.5,-12.1,kharif,estimated
BHV004,2021,10,14.5,16.5,-12.1,rabi,estimated
BHV004,2021,11,4.8,5.5,-12.7,rabi,estimated
BHV004,2021,12,0.0,0.0,0.0,rabi,estimated
BHV004,2022,1,5.2,5.5,-5.5,rabi,estimated
BHV004,2022,2,5.2,5.5,-5.5,rabi,estimated
BHV004,2022,3,5.2,5.5,-5.5,rabi,estimated
BHV004,2022,4,10.3,11.0,-6.4,summer,estimated
BHV004,2022,5,15.5,16.5,-6.1,summer,estimated
BHV004,2022,6,93.1,99.0,-6.0,kharif,estimated
BHV004,2022,7,180.9,192.5,-6.0,kharif,estimated
BHV004,2022,8,134.4,143.0,-6.0,kharif,estimated
BHV004,2022,9,56.9,60.5,-6.0,kharif,estimated
BHV004,2022,10,15.5,16.5,-6.1,rabi,estimated
BHV004,2022,11,5.2,5.5,-5.5,rabi,estimated
BHV004,2022,12,0.0,0.0,0.0,rabi,estimated
BHV004,2023,1,4.5,5.5,-18.2,rabi,estimated
BHV004,2023,2,4.5,5.5,-18.2,rabi,estimated
BHV004,2023,3,4.5,5.5,-18.2,rabi,estimated
BHV004,2023,4,9.0,11.0,-18.2,summer,estimated
BHV004,2023,5,13.5,16.5,-18.2,summer,estimated
BHV004,2023,6,81.2,99.0,-18.0,kharif,estimated
BHV004,2023,7,157.8,192.5,-18.0,kharif,estimated
BHV004,2023,8,117.3,143.0,-18.0,kharif,estimated
BHV004,2023,9,49.6,60.5,-18.0,kharif,estimated
BHV004,2023,10,13.5,16.5,-18.2,rabi,estimated
BHV004,2023,11,4.5,5.5,-18.2,rabi,estimated
BHV004,2023,12,0.0,0.0,0.0,rabi,estimated
BHV004,2024,1,5.4,5.5,-1.8,rabi,estimated
BHV004,2024,2,5.4,5.5,-1.8,rabi,estimated
BHV004,2024,3,5.4,5.5,-1.8,rabi,estimated
BHV004,2024,4,10.8,11.0,-1.8,summer,estimated
BHV004,2024,5,16.2,16.5,-1.8,summer,estimated
BHV004,2024,6,97.0,99.0,-2.0,kharif,estimated
BHV004,2024,7,188.7,192.5,-2.0,kharif,estimated
BHV004,2024,8,140.1,143.0,-2.0,kharif,estimated
BHV004,2024,9,59.3,60.5,-2.0,kharif,estimated
BHV004,2024,10,16.2,16.5,-1.8,rabi,estimated
BHV004,2024,11,5.4,5.5,-1.8,rabi,estimated
BHV004,2024,12,0.0,0.0,0.0,rabi,estimated
BHV005,2019,1,6.0,5.4,11.1,rabi,estimated
BHV005,2019,2,6.0,5.4,11.1,rabi,estimated
BHV005,2019,3,6.0,5.4,11.1,rabi,estimated
BHV005,2019,4,12.1,10.8,12.0,summer,estimated
BHV005,2019,5,18.1,16.2,11.7,summer,estimated
BHV005,2019,6,108.9,97.2,12.0,kharif,estimated
BHV005,2019,7,211.7,189.0,12.0,kharif,estimated
BHV005,2019,8,157.2,140.4,12.0,kharif,estimated
BHV005,2019,9,66.5,59.4,12.0,kharif,estimated
BHV005,2019,10,18.1,16.2,11.7,rabi,estimated
BHV005,2019,11,6.0,5.4,11.1,rabi,estimated
BHV005,2019,12,0.0,0.0,0.0,rabi,estimated
BHV005,2020,1,5.7,5.4,5.6,rabi,estimated
BHV005,2020,2,5.7,5.4,5.6,rabi,estimated
BHV005,2020,3,5.7,5.4,5.6,rabi,estimated
BHV005,2020,4,11.3,10.8,4.6,summer,estimated
BHV005,2020,5,17.0,16.2,4.9,summer,estimated
BHV005,2020,6,102.1,97.2,5.0,kharif,estimated
BHV005,2020,7,198.5,189.0,5.0,kharif,estimated
BHV005,2020,8,147.4,140.4,5.0,kharif,estimated
BHV005,2020,9,62.4,59.4,5.1,kharif,estimated
BHV005,2020,10,17.0,16.2,4.9,rabi,estimated
BHV005,2020,11,5.7,5.4,5.6,rabi,estimated
BHV005,2020,12,0.0,0.0,0.0,rabi,estimated
BHV005,2021,1,4.8,5.4,-11.1,rabi,estimated
BHV005,2021,2,4.8,5.4,-11.1,rabi,estimated
BHV005,2021,3,4.8,5.4,-11.1,rabi,estimated
BHV005,2021,4,9.5,10.8,-12.0,summer,estimated
BHV005,2021,5,14.3,16.2,-11.7,summer,estimated
BHV005,2021,6,85.5,97.2,-12.0,kharif,estimated
BHV005,2021,7,166.3,189.0,-12.0,kharif,estimated
BHV005,2021,8,123.6,140.4,-12.0,kharif,estimated
BHV005,2021,9,52.3,59.4,-12.0,kharif,estimated
BHV005,2021,10,14.3,16.2,-11.7,rabi,estimated
BHV005,2021,11,4.8,5.4,-11.1,rabi,estimated
BHV005,2021,12,0.0,0.0,0.0,rabi,estimated
BHV005,2022,1,5.1,5.4,-5.6,rabi,estimated
BHV005,2022,2,5.1,5.4,-5.6,rabi,estimated
BHV005,2022,3,5.1,5.4,-5.6,rabi,estimated
BHV005,2022,4,10.2,10.8,-5.6,summer,estimated
BHV005,2022,5,15.2,16.2,-6.2,summer,estimated
BHV005,2022,6,91.4,97.2,-6.0,kharif,estimated
BHV005,2022,7,177.7,189.0,-6.0,kharif,estimated
BHV005,2022,8,132.0,140.4,-6.0,kharif,estimated
BHV005,2022,9,55.8,59.4,-6.1,kharif,estimated
BHV005,2022,10,15.2,16.2,-6.2,rabi,estimated
BHV005,2022,11,5.1,5.4,-5.6,rabi,estimated
BHV005,2022,12,0.0,0.0,0.0,rabi,estimated
BHV005,2023,1,4.4,5.4,-18.5,rabi,estimated
BHV005,2023,2,4.4,5.4,-18.5,rabi,estimated
BHV005,2023,3,4.4,5.4,-18.5,rabi,estimated
BHV005,2023,4,8.9,10.8,-17.6,summer,estimated
BHV005,2023,5,13.3,16.2,-17.9,summer,estimated
BHV005,2023,6,79.7,97.2,-18.0,kharif,estimated
BHV005,2023,7,155.0,189.0,-18.0,kharif,estimated
BHV005,2023,8,115.1,140.4,-18.0,kharif,estimated
BHV005,2023,9,48.7,59.4,-18.0,kharif,estimated
BHV005,2023,10,13.3,16.2,-17.9,rabi,estimated
BHV005,2023,11,4.4,5.4,-18.5,rabi,estimated
BHV005,2023,12,0.0,0.0,0.0,rabi,estimated
BHV005,2024,1,5.3,5.4,-1.9,rabi,estimated
BHV005,2024,2,5.3,5.4,-1.9,rabi,estimated
BHV005,2024,3,5.3,5.4,-1.9,rabi,estimated
BHV005,2024,4,10.6,10.8,-1.9,summer,estimated
BHV005,2024,5,15.9,16.2,-1.9,summer,estimated
BHV005,2024,6,95.3,97.2,-2.0,kharif,estimated
BHV005,2024,7,185.2,189.0,-2.0,kharif,estimated
BHV005,2024,8,137.6,140.4,-2.0,kharif,estimated
BHV005,2024,9,58.2,59.4,-2.0,kharif,estimated
BHV005,2024,10,15.9,16.2,-1.9,rabi,estimated
BHV005,2024,11,5.3,5.4,-1.9,rabi,estimated
BHV005,2024,12,0.0,0.0,0.0,rabi,estimated
SRN001,2019,1,4.9,4.4,11.4,rabi,estimated
SRN001,2019,2,4.9,4.4,11.4,rabi,estimated
SRN001,2019,3,4.9,4.4,11.4,rabi,estimated
SRN001,2019,4,9.9,8.8,12.5,summer,estimated
SRN001,2019,5,14.8,13.2,12.1,summer,estimated
SRN001,2019,6,88.7,79.2,12.0,kharif,estimated
SRN001,2019,7,172.5,154.0,12.0,kharif,estimated
SRN001,2019,8,128.1,114.4,12.0,kharif,estimated
SRN001,2019,9,54.2,48.4,12.0,kharif,estimated
SRN001,2019,10,14.8,13.2,12.1,rabi,estimated
SRN001,2019,11,4.9,4.4,11.4,rabi,estimated
SRN001,2019,12,0.0,0.0,0.0,rabi,estimated
SRN001,2020,1,4.6,4.4,4.5,rabi,estimated
SRN001,2020,2,4.6,4.4,4.5,rabi,estimated
SRN001,2020,3,4.6,4.4,4.5,rabi,estimated
SRN001,2020,4,9.2,8.8,4.5,summer,estimated
SRN001,2020,5,13.9,13.2,5.3,summer,estimated
SRN001,2020,6,83.2,79.2,5.1,kharif,estimated
SRN001,2020,7,161.7,154.0,5.0,kharif,estimated
SRN001,2020,8,120.1,114.4,5.0,kharif,estimated
SRN001,2020,9,50.8,48.4,5.0,kharif,estimated
SRN001,2020,10,13.9,13.2,5.3,rabi,estimated
SRN001,2020,11,4.6,4.4,4.5,rabi,estimated
SRN001,2020,12,0.0,0.0,0.0,rabi,estimated
SRN001,2021,1,3.9,4.4,-11.4,rabi,estimated
SRN001,2021,2,3.9,4.4,-11.4,rabi,estimated
SRN001,2021,3,3.9,4.4,-11.4,rabi,estimated
SRN001,2021,4,7.7,8.8,-12.5,summer,estimated
SRN001,2021,5,11.6,13.2,-12.1,summer,estimated
SRN001,2021,6,69.7,79.2,-12.0,kharif,estimated
SRN001,2021,7,135.5,154.0,-12.0,kharif,estimated
SRN001,2021,8,100.7,114.4,-12.0,kharif,estimated
SRN001,2021,9,42.6,48.4,-12.0,kharif,estimated
SRN001,2021,10,11.6,13.2,-12.1,rabi,estimated
SRN001,2021,11,3.9,4.4,-11.4,rabi,estimated
SRN001,2021,12,0.0,0.0,0.0,rabi,estimated
SRN001,2022,1,4.1,4.4,-6.8,rabi,estimated
SRN001,2022,2,4.1,4.4,-6.8,rabi,estimated
SRN001,2022,3,4.1,4.4,-6.8,rabi,estimated
SRN001,2022,4,8.3,8.8,-5.7,summer,estimated
SRN001,2022,5,12.4,13.2,-6.1,summer,estimated
SRN001,2022,6,74.4,79.2,-6.1,kharif,estimated
SRN001,2022,7,144.8,154.0,-6.0,kharif,estimated
SRN001,2022,8,107.5,114.4,-6.0,kharif,estimated
SRN001,2022,9,45.5,48.4,-6.0,kharif,estimated
SRN001,2022,10,12.4,13.2,-6.1,rabi,estimated
SRN001,2022,11,4.1,4.4,-6.8,rabi,estimated
SRN001,2022,12,0.0,0.0,0.0,rabi,estimated
SRN001,2023,1,3.6,4.4,-18.2,rabi,estimated
SRN001,2023,2,3.6,4.4,-18.2,rabi,estimated
SRN001,2023,3,3.6,4.4,-18.2,rabi,estimated
SRN001,2023,4,7.2,8.8,-18.2,summer,estimated
SRN001,2023,5,10.8,13.2,-18.2,summer,estimated
SRN001,2023,6,64.9,79.2,-18.1,kharif,estimated
SRN001,2023,7,126.3,154.0,-18.0,kharif,estimated
SRN001,2023,8,93.8,114.4,-18.0,kharif,estimated
SRN001,2023,9,39.7,48.4,-18.0,kharif,estimated
SRN001,2023,10,10.8,13.2,-18.2,rabi,estimated
SRN001,2023,11,3.6,4.4,-18.2,rabi,estimated
SRN001,2023,12,0.0,0.0,0.0,rabi,estimated
SRN001,2024,1,4.3,4.4,-2.3,rabi,estimated
SRN001,2024,2,4.3,4.4,-2.3,rabi,estimated
SRN001,2024,3,4.3,4.4,-2.3,rabi,estimated
SRN001,2024,4,8.6,8.8,-2.3,summer,estimated
SRN001,2024,5,12.9,13.2,-2.3,summer,estimated
SRN001,2024,6,77.6,79.2,-2.0,kharif,estimated
SRN001,2024,7,150.9,154.0,-2.0,kharif,estimated
SRN001,2024,8,112.1,114.4,-2.0,kharif,estimated
SRN001,2024,9,47.4,48.4,-2.1,kharif,estimated
SRN001,2024,10,12.9,13.2,-2.3,rabi,estimated
SRN001,2024,11,4.3,4.4,-2.3,rabi,estimated
SRN001,2024,12,0.0,0.0,0.0,rabi,estimated
SRN002,2019,1,5.0,4.5,11.1,rabi,estimated
SRN002,2019,2,5.0,4.5,11.1,rabi,estimated
SRN002,2019,3,5.0,4.5,11.1,rabi,estimated
SRN002,2019,4,10.1,9.0,12.2,summer,estimated
SRN002,2019,5,15.0,13.4,11.9,summer,estimated
SRN002,2019,6,90.3,80.6,12.0,kharif,estimated
SRN002,2019,7,175.6,156.8,12.0,kharif,estimated
SRN002,2019,8,130.5,116.5,12.0,kharif,estimated
SRN002,2019,9,55.2,49.3,12.0,kharif,estimated
SRN002,2019,10,15.0,13.4,11.9,rabi,estimated
SRN002,2019,11,5.0,4.5,11.1,rabi,estimated
SRN002,2019,12,0.0,0.0,0.0,rabi,estimated
SRN002,2020,1,4.7,4.5,4.4,rabi,estimated
SRN002,2020,2,4.7,4.5,4.4,rabi,estimated
SRN002,2020,3,4.7,4.5,4.4,rabi,estimated
SRN002,2020,4,9.5,9.0,5.6,summer,estimated
SRN002,2020,5,14.1,13.4,5.2,summer,estimated
SRN002,2020,6,84.6,80.6,5.0,kharif,estimated
SRN002,2020,7,164.6,156.8,5.0,kharif,estimated
SRN002,2020,8,122.3,116.5,5.0,kharif,estimated
SRN002,2020,9,51.8,49.3,5.1,kharif,estimated
SRN002,2020,10,14.1,13.4,5.2,rabi,estimated
SRN002,2020,11,4.7,4.5,4.4,rabi,estimated
SRN002,2020,12,0.0,0.0,0.0,rabi,estimated
SRN002,2021,1,4.0,4.5,-11.1,rabi,estimated
SRN002,2021,2,4.0,4.5,-11.1,rabi,estimated
SRN002,2021,3,4.0,4.5,-11.1,rabi,estimated
SRN002,2021,4,7.9,9.0,-12.2,summer,estimated
SRN002,2021,5,11.8,13.4,-11.9,summer,estimated
SRN002,2021,6,70.9,80.6,-12.0,kharif,estimated
SRN002,2021,7,138.0,156.8,-12.0,kharif,estimated
SRN002,2021,8,102.5,116.5,-12.0,kharif,estimated
SRN002,2021,9,43.4,49.3,-12.0,kharif,estimated
SRN002,2021,10,11.8,13.4,-11.9,rabi,estimated
SRN002,2021,11,4.0,4.5,-11.1,rabi,estimated
SRN002,2021,12,0.0,0.0,0.0,rabi,estimated
SRN002,2022,1,4.2,4.5,-6.7,rabi,estimated
SRN002,2022,2,4.2,4.5,-6.7,rabi,estimated
SRN002,2022,3,4.2,4.5,-6.7,rabi,estimated
SRN002,2022,4,8.5,9.0,-5.6,summer,estimated
SRN002,2022,5,12.6,13.4,-6.0,summer,estimated
SRN002,2022,6,75.8,80.6,-6.0,kharif,estimated
SRN002,2022,7,147.4,156.8,-6.0,kharif,estimated
SRN002,2022,8,109.5,116.5,-6.0,kharif,estimated
SRN002,2022,9,46.3,49.3,-6.1,kharif,estimated
SRN002,2022,10,12.6,13.4,-6.0,rabi,estimated
SRN002,2022,11,4.2,4.5,-6.7,rabi,estimated
SRN002,2022,12,0.0,0.0,0.0,rabi,estimated
SRN002,2023,1,3.7,4.5,-17.8,rabi,estimated
SRN002,2023,2,3.7,4.5,-17.8,rabi,estimated
SRN002,2023,3,3.7,4.5,-17.8,rabi,estimated
SRN002,2023,4,7.4,9.0,-17.8,summer,estimated
SRN002,2023,5,11.0,13.4,-17.9,summer,estimated
SRN002,2023,6,66.1,80.6,-18.0,kharif,estimated
SRN002,2023,7,128.6,156.8,-18.0,kharif,estimated
SRN002,2023,8,95.5,116.5,-18.0,kharif,estimated
SRN002,2023,9,40.4,49.3,-18.1,kharif,estimated
SRN002,2023,10,11.0,13.4,-17.9,rabi,estimated
SRN002,2023,11,3.7,4.5,-17.8,rabi,estimated
SRN002,2023,12,0.0,0.0,0.0,rabi,estimated
SRN002,2024,1,4.4,4.5,-2.2,rabi,estimated
SRN002,2024,2,4.4,4.5,-2.2,rabi,estimated
SRN002,2024,3,4.4,4.5,-2.2,rabi,estimated
SRN002,2024,4,8.8,9.0,-2.2,summer,estimated
SRN002,2024,5,13.1,13.4,-2.2,summer,estimated
SRN002,2024,6,79.0,80.6,-2.0,kharif,estimated
SRN002,2024,7,153.7,156.8,-2.0,kharif,estimated
SRN002,2024,8,114.2,116.5,-2.0,kharif,estimated
SRN002,2024,9,48.3,49.3,-2.0,kharif,estimated
SRN002,2024,10,13.1,13.4,-2.2,rabi,estimated
SRN002,2024,11,4.4,4.5,-2.2,rabi,estimated
SRN002,2024,12,0.0,0.0,0.0,rabi,estimated
SRN003,2019,1,4.8,4.3,11.6,rabi,estimated
SRN003,2019,2,4.8,4.3,11.6,rabi,estimated
SRN003,2019,3,4.8,4.3,11.6,rabi,estimated
SRN003,2019,4,9.6,8.6,11.6,summer,estimated
SRN003,2019,5,14.4,12.9,11.6,summer,estimated
SRN003,2019,6,86.7,77.4,12.0,kharif,estimated
SRN003,2019,7,168.6,150.5,12.0,kharif,estimated
SRN003,2019,8,125.2,111.8,12.0,kharif,estimated
SRN003,2019,9,53.0,47.3,12.1,kharif,estimated
SRN003,2019,10,14.4,12.9,11.6,rabi,estimated
SRN003,2019,11,4.8,4.3,11.6,rabi,estimated
SRN003,2019,12,0.0,0.0,0.0,rabi,estimated
SRN003,2020,1,4.5,4.3,4.7,rabi,estimated
SRN003,2020,2,4.5,4.3,4.7,rabi,estimated
SRN003,2020,3,4.5,4.3,4.7,rabi,estimated
SRN003,2020,4,9.0,8.6,4.7,summer,estimated
SRN003,2020,5,13.5,12.9,4.7,summer,estimated
SRN003,2020,6,81.3,77.4,5.0,kharif,estimated
SRN003,2020,7,158.0,150.5,5.0,kharif,estimated
SRN003,2020,8,117.4,111.8,5.0,kharif,estimated
SRN003,2020,9,49.7,47.3,5.1,kharif,estimated
SRN003,2020,10,13.5,12.9,4.7,rabi,estimated
SRN003,2020,11,4.5,4.3,4.7,rabi,estimated
SRN003,2020,12,0.0,0.0,0.0,rabi,estimated
SRN003,2021,1,3.8,4.3,-11.6,rabi,estimated
SRN003,2021,2,3.8,4.3,-11.6,rabi,estimated
SRN003,2021,3,3.8,4.3,-11.6,rabi,estimated
SRN003,2021,4,7.6,8.6,-11.6,summer,estimated
SRN003,2021,5,11.4,12.9,-11.6,summer,estimated
SRN003,2021,6,68.1,77.4,-12.0,kharif,estimated
SRN003,2021,7,132.4,150.5,-12.0,kharif,estimated
SRN003,2021,8,98.4,111.8,-12.0,kharif,estimated
SRN003,2021,9,41.6,47.3,-12.1,kharif,estimated
SRN003,2021,10,11.4,12.9,-11.6,rabi,estimated
SRN003,2021,11,3.8,4.3,-11.6,rabi,estimated
SRN003,2021,12,0.0,0.0,0.0,rabi,estimated
SRN003,2022,1,4.0,4.3,-7.0,rabi,estimated
SRN003,2022,2,4.0,4.3,-7.0,rabi,estimated
SRN003,2022,3,4.0,4.3,-7.0,rabi,estimated
SRN003,2022,4,8.1,8.6,-5.8,summer,estimated
SRN003,2022,5,12.1,12.9,-6.2,summer,estimated
SRN003,2022,6,72.8,77.4,-5.9,kharif,estimated
SRN003,2022,7,141.5,150.5,-6.0,kharif,estimated
SRN003,2022,8,105.1,111.8,-6.0,kharif,estimated
SRN003,2022,9,44.5,47.3,-5.9,kharif,estimated
SRN003,2022,10,12.1,12.9,-6.2,rabi,estimated
SRN003,2022,11,4.0,4.3,-7.0,rabi,estimated
SRN003,2022,12,0.0,0.0,0.0,rabi,estimated
SRN003,2023,1,3.5,4.3,-18.6,rabi,estimated
SRN003,2023,2,3.5,4.3,-18.6,rabi,estimated
SRN003,2023,3,3.5,4.3,-18.6,rabi,estimated
SRN003,2023,4,7.1,8.6,-17.4,summer,estimated
SRN003,2023,5,10.6,12.9,-17.8,summer,estimated
SRN003,2023,6,63.5,77.4,-18.0,kharif,estimated
SRN003,2023,7,123.4,150.5,-18.0,kharif,estimated
SRN003,2023,8,91.7,111.8,-18.0,kharif,estimated
SRN003,2023,9,38.8,47.3,-18.0,kharif,estimated
SRN003,2023,10,10.6,12.9,-17.8,rabi,estimated
SRN003,2023,11,3.5,4.3,-18.6,rabi,estimated
SRN003,2023,12,0.0,0.0,0.0,rabi,estimated
SRN003,2024,1,4.2,4.3,-2.3,rabi,estimated
SRN003,2024,2,4.2,4.3,-2.3,rabi,estimated
SRN003,2024,3,4.2,4.3,-2.3,rabi,estimated
SRN003,2024,4,8.4,8.6,-2.3,summer,estimated
SRN003,2024,5,12.6,12.9,-2.3,summer,estimated
SRN003,2024,6,75.9,77.4,-1.9,kharif,estimated
SRN003,2024,7,147.5,150.5,-2.0,kharif,estimated
SRN003,2024,8,109.6,111.8,-2.0,kharif,estimated
SRN003,2024,9,46.4,47.3,-1.9,kharif,estimated
SRN003,2024,10,12.6,12.9,-2.3,rabi,estimated
SRN003,2024,11,4.2,4.3,-2.3,rabi,estimated
SRN003,2024,12,0.0,0.0,0.0,rabi,estimated
SRN004,2019,1,5.0,4.5,11.1,rabi,estimated
SRN004,2019,2,5.0,4.5,11.1,rabi,estimated
SRN004,2019,3,5.0,4.5,11.1,rabi,estimated
SRN004,2019,4,10.2,9.1,12.1,summer,estimated
SRN004,2019,5,15.3,13.7,11.7,summer,estimated
SRN004,2019,6,91.7,81.9,12.0,kharif,estimated
SRN004,2019,7,178.3,159.2,12.0,kharif,estimated
SRN004,2019,8,132.5,118.3,12.0,kharif,estimated
SRN004,2019,9,56.0,50.0,12.0,kharif,estimated
SRN004,2019,10,15.3,13.7,11.7,rabi,estimated
SRN004,2019,11,5.0,4.5,11.1,rabi,estimated
SRN004,2019,12,0.0,0.0,0.0,rabi,estimated
SRN004,2020,1,4.7,4.5,4.4,rabi,estimated
SRN004,2020,2,4.7,4.5,4.4,rabi,estimated
SRN004,2020,3,4.7,4.5,4.4,rabi,estimated
SRN004,2020,4,9.6,9.1,5.5,summer,estimated
SRN004,2020,5,14.4,13.7,5.1,summer,estimated
SRN004,2020,6,86.0,81.9,5.0,kharif,estimated
SRN004,2020,7,167.2,159.2,5.0,kharif,estimated
SRN004,2020,8,124.2,118.3,5.0,kharif,estimated
SRN004,2020,9,52.5,50.0,5.0,kharif,estimated
SRN004,2020,10,14.4,13.7,5.1,rabi,estimated
SRN004,2020,11,4.7,4.5,4.4,rabi,estimated
SRN004,2020,12,0.0,0.0,0.0,rabi,estimated
SRN004,2021,1,4.0,4.5,-11.1,rabi,estimated
SRN004,2021,2,4.0,4.5,-11.1,rabi,estimated
SRN004,2021,3,4.0,4.5,-11.1,rabi,estimated
SRN004,2021,4,8.0,9.1,-12.1,summer,estimated
SRN004,2021,5,12.1,13.7,-11.7,summer,estimated
SRN004,2021,6,72.1,81.9,-12.0,kharif,estimated
SRN004,2021,7,140.1,159.2,-12.0,kharif,estimated
SRN004,2021,8,104.1,118.3,-12.0,kharif,estimated
SRN004,2021,9,44.0,50.0,-12.0,kharif,estimated
SRN004,2021,10,12.1,13.7,-11.7,rabi,estimated
SRN004,2021,11,4.0,4.5,-11.1,rabi,estimated
SRN004,2021,12,0.0,0.0,0.0,rabi,estimated
SRN004,2022,1,4.2,4.5,-6.7,rabi,estimated
SRN004,2022,2,4.2,4.5,-6.7,rabi,estimated
SRN004,2022,3,4.2,4.5,-6.7,rabi,estimated
SRN004,2022,4,8.6,9.1,-5.5,summer,estimated
SRN004,2022,5,12.9,13.7,-5.8,summer,estimated
SRN004,2022,6,77.0,81.9,-6.0,kharif,estimated
SRN004,2022,7,149.6,159.2,-6.0,kharif,estimated
SRN004,2022,8,111.2,118.3,-6.0,kharif,estimated
SRN004,2022,9,47.0,50.0,-6.0,kharif,estimated
SRN004,2022,10,12.9,13.7,-5.8,rabi,estimated
SRN004,2022,11,4.2,4.5,-6.7,rabi,estimated
SRN004,2022,12,0.0,0.0,0.0,rabi,estimated
SRN004,2023,1,3.7,4.5,-17.8,rabi,estimated
SRN004,2023,2,3.7,4.5,-17.8,rabi,estimated
SRN004,2023,3,3.7,4.5,-17.8,rabi,estimated
SRN004,2023,4,7.5,9.1,-17.6,summer,estimated
SRN004,2023,5,11.2,13.7,-18.2,summer,estimated
SRN004,2023,6,67.2,81.9,-17.9,kharif,estimated
SRN004,2023,7,130.5,159.2,-18.0,kharif,estimated
SRN004,2023,8,97.0,118.3,-18.0,kharif,estimated
SRN004,2023,9,41.0,50.0,-18.0,kharif,estimated
SRN004,2023,10,11.2,13.7,-18.2,rabi,estimated
SRN004,2023,11,3.7,4.5,-17.8,rabi,estimated
SRN004,2023,12,0.0,0.0,0.0,rabi,estimated
SRN004,2024,1,4.4,4.5,-2.2,rabi,estimated
SRN004,2024,2,4.4,4.5,-2.2,rabi,estimated
SRN004,2024,3,4.4,4.5,-2.2,rabi,estimated
SRN004,2024,4,8.9,9.1,-2.2,summer,estimated
SRN004,2024,5,13.4,13.7,-2.2,summer,estimated
SRN004,2024,6,80.3,81.9,-2.0,kharif,estimated
SRN004,2024,7,156.0,159.2,-2.0,kharif,estimated
SRN004,2024,8,115.9,118.3,-2.0,kharif,estimated
SRN004,2024,9,49.0,50.0,-2.0,kharif,estimated
SRN004,2024,10,13.4,13.7,-2.2,rabi,estimated
SRN004,2024,11,4.4,4.5,-2.2,rabi,estimated
SRN004,2024,12,0.0,0.0,0.0,rabi,estimated
SRN005,2019,1,5.2,4.6,13.0,rabi,estimated
SRN005,2019,2,5.2,4.6,13.0,rabi,estimated
SRN005,2019,3,5.2,4.6,13.0,rabi,estimated
SRN005,2019,4,10.3,9.2,12.0,summer,estimated
SRN005,2019,5,15.5,13.8,12.3,summer,estimated
SRN005,2019,6,92.7,82.8,12.0,kharif,estimated
SRN005,2019,7,180.3,161.0,12.0,kharif,estimated
SRN005,2019,8,134.0,119.6,12.0,kharif,estimated
SRN005,2019,9,56.7,50.6,12.1,kharif,estimated
SRN005,2019,10,15.5,13.8,12.3,rabi,estimated
SRN005,2019,11,5.2,4.6,13.0,rabi,estimated
SRN005,2019,12,0.0,0.0,0.0,rabi,estimated
SRN005,2020,1,4.8,4.6,4.3,rabi,estimated
SRN005,2020,2,4.8,4.6,4.3,rabi,estimated
SRN005,2020,3,4.8,4.6,4.3,rabi,estimated
SRN005,2020,4,9.7,9.2,5.4,summer,estimated
SRN005,2020,5,14.5,13.8,5.1,summer,estimated
SRN005,2020,6,86.9,82.8,5.0,kharif,estimated
SRN005,2020,7,169.1,161.0,5.0,kharif,estimated
SRN005,2020,8,125.6,119.6,5.0,kharif,estimated
SRN005,2020,9,53.1,50.6,4.9,kharif,estimated
SRN005,2020,10,14.5,13.8,5.1,rabi,estimated
SRN005,2020,11,4.8,4.6,4.3,rabi,estimated
SRN005,2020,12,0.0,0.0,0.0,rabi,estimated
SRN005,2021,1,4.0,4.6,-13.0,rabi,estimated
SRN005,2021,2,4.0,4.6,-13.0,rabi,estimated
SRN005,2021,3,4.0,4.6,-13.0,rabi,estimated
SRN005,2021,4,8.1,9.2,-12.0,summer,estimated
SRN005,2021,5,12.1,13.8,-12.3,summer,estimated
SRN005,2021,6,72.9,82.8,-12.0,kharif,estimated
SRN005,2021,7,141.7,161.0,-12.0,kharif,estimated
SRN005,2021,8,105.2,119.6,-12.0,kharif,estimated
SRN005,2021,9,44.5,50.6,-12.1,kharif,estimated
SRN005,2021,10,12.1,13.8,-12.3,rabi,estimated
SRN005,2021,11,4.0,4.6,-13.0,rabi,estimated
SRN005,2021,12,0.0,0.0,0.0,rabi,estimated
SRN005,2022,1,4.3,4.6,-6.5,rabi,estimated
SRN005,2022,2,4.3,4.6,-6.5,rabi,estimated
SRN005,2022,3,4.3,4.6,-6.5,rabi,estimated
SRN005,2022,4,8.6,9.2,-6.5,summer,estimated
SRN005,2022,5,13.0,13.8,-5.8,summer,estimated
SRN005,2022,6,77.8,82.8,-6.0,kharif,estimated
SRN005,2022,7,151.3,161.0,-6.0,kharif,estimated
SRN005,2022,8,112.4,119.6,-6.0,kharif,estimated
SRN005,2022,9,47.6,50.6,-5.9,kharif,estimated
SRN005,2022,10,13.0,13.8,-5.8,rabi,estimated
SRN005,2022,11,4.3,4.6,-6.5,rabi,estimated
SRN005,2022,12,0.0,0.0,0.0,rabi,estimated
SRN005,2023,1,3.8,4.6,-17.4,rabi,estimated
SRN005,2023,2,3.8,4.6,-17.4,rabi,estimated
SRN005,2023,3,3.8,4.6,-17.4,rabi,estimated
SRN005,2023,4,7.5,9.2,-18.5,summer,estimated
SRN005,2023,5,11.3,13.8,-18.1,summer,estimated
SRN005,2023,6,67.9,82.8,-18.0,kharif,estimated
SRN005,2023,7,132.0,161.0,-18.0,kharif,estimated
SRN005,2023,8,98.1,119.6,-18.0,kharif,estimated
SRN005,2023,9,41.5,50.6,-18.0,kharif,estimated
SRN005,2023,10,11.3,13.8,-18.1,rabi,estimated
SRN005,2023,11,3.8,4.6,-17.4,rabi,estimated
SRN005,2023,12,0.0,0.0,0.0,rabi,estimated
SRN005,2024,1,4.5,4.6,-2.2,rabi,estimated
SRN005,2024,2,4.5,4.6,-2.2,rabi,estimated
SRN005,2024,3,4.5,4.6,-2.2,rabi,estimated
SRN005,2024,4,9.0,9.2,-2.2,summer,estimated
SRN005,2024,5,13.5,13.8,-2.2,summer,estimated
SRN005,2024,6,81.1,82.8,-2.1,kharif,estimated
SRN005,2024,7,157.8,161.0,-2.0,kharif,estimated
SRN005,2024,8,117.2,119.6,-2.0,kharif,estimated
SRN005,2024,9,49.6,50.6,-2.0,kharif,estimated
SRN005,2024,10,13.5,13.8,-2.2,rabi,estimated
SRN005,2024,11,4.5,4.6,-2.2,rabi,estimated
SRN005,2024,12,0.0,0.0,0.0,rabi,estimated
GIR001,2019,1,8.8,7.9,11.4,rabi,estimated
GIR001,2019,2,8.8,7.9,11.4,rabi,estimated
GIR001,2019,3,8.8,7.9,11.4,rabi,estimated
GIR001,2019,4,17.7,15.8,12.0,summer,estimated
GIR001,2019,5,26.5,23.7,11.8,summer,estimated
GIR001,2019,6,159.3,142.2,12.0,kharif,estimated
GIR001,2019,7,309.7,276.5,12.0,kharif,estimated
GIR001,2019,8,230.0,205.4,12.0,kharif,estimated
GIR001,2019,9,97.3,86.9,12.0,kharif,estimated
GIR001,2019,10,26.5,23.7,11.8,rabi,estimated
GIR001,2019,11,8.8,7.9,11.4,rabi,estimated
GIR001,2019,12,0.0,0.0,0.0,rabi,estimated
GIR001,2020,1,8.3,7.9,5.1,rabi,estimated
GIR001,2020,2,8.3,7.9,5.1,rabi,estimated
GIR001,2020,3,8.3,7.9,5.1,rabi,estimated
GIR001,2020,4,16.6,15.8,5.1,summer,estimated
GIR001,2020,5,24.9,23.7,5.1,summer,estimated
GIR001,2020,6,149.3,142.2,5.0,kharif,estimated
GIR001,2020,7,290.3,276.5,5.0,kharif,estimated
GIR001,2020,8,215.7,205.4,5.0,kharif,estimated
GIR001,2020,9,91.2,86.9,4.9,kharif,estimated
GIR001,2020,10,24.9,23.7,5.1,rabi,estimated
GIR001,2020,11,8.3,7.9,5.1,rabi,estimated
GIR001,2020,12,0.0,0.0,0.0,rabi,estimated
GIR001,2021,1,7.0,7.9,-11.4,rabi,estimated
GIR001,2021,2,7.0,7.9,-11.4,rabi,estimated
GIR001,2021,3,7.0,7.9,-11.4,rabi,estimated
GIR001,2021,4,13.9,15.8,-12.0,summer,estimated
GIR001,2021,5,20.9,23.7,-11.8,summer,estimated
GIR001,2021,6,125.1,142.2,-12.0,kharif,estimated
GIR001,2021,7,243.3,276.5,-12.0,kharif,estimated
GIR001,2021,8,180.8,205.4,-12.0,kharif,estimated
GIR001,2021,9,76.5,86.9,-12.0,kharif,estimated
GIR001,2021,10,20.9,23.7,-11.8,rabi,estimated
GIR001,2021,11,7.0,7.9,-11.4,rabi,estimated
GIR001,2021,12,0.0,0.0,0.0,rabi,estimated
GIR001,2022,1,7.4,7.9,-6.3,rabi,estimated
GIR001,2022,2,7.4,7.9,-6.3,rabi,estimated
GIR001,2022,3,7.4,7.9,-6.3,rabi,estimated
GIR001,2022,4,14.9,15.8,-5.7,summer,estimated
GIR001,2022,5,22.3,23.7,-5.9,summer,estimated
GIR001,2022,6,133.7,142.2,-6.0,kharif,estimated
GIR001,2022,7,259.9,276.5,-6.0,kharif,estimated
GIR001,2022,8,193.1,205.4,-6.0,kharif,estimated
GIR001,2022,9,81.7,86.9,-6.0,kharif,estimated
GIR001,2022,10,22.3,23.7,-5.9,rabi,estimated
GIR001,2022,11,7.4,7.9,-6.3,rabi,estimated
GIR001,2022,12,0.0,0.0,0.0,rabi,estimated
GIR001,2023,1,6.5,7.9,-17.7,rabi,estimated
GIR001,2023,2,6.5,7.9,-17.7,rabi,estimated
GIR001,2023,3,6.5,7.9,-17.7,rabi,estimated
GIR001,2023,4,13.0,15.8,-17.7,summer,estimated
GIR001,2023,5,19.4,23.7,-18.1,summer,estimated
GIR001,2023,6,116.6,142.2,-18.0,kharif,estimated
GIR001,2023,7,226.7,276.5,-18.0,kharif,estimated
GIR001,2023,8,168.4,205.4,-18.0,kharif,estimated
GIR001,2023,9,71.3,86.9,-18.0,kharif,estimated
GIR001,2023,10,19.4,23.7,-18.1,rabi,estimated
GIR001,2023,11,6.5,7.9,-17.7,rabi,estimated
GIR001,2023,12,0.0,0.0,0.0,rabi,estimated
GIR001,2024,1,7.7,7.9,-2.5,rabi,estimated
GIR001,2024,2,7.7,7.9,-2.5,rabi,estimated
GIR001,2024,3,7.7,7.9,-2.5,rabi,estimated
GIR001,2024,4,15.5,15.8,-1.9,summer,estimated
GIR001,2024,5,23.2,23.7,-2.1,summer,estimated
GIR001,2024,6,139.4,142.2,-2.0,kharif,estimated
GIR001,2024,7,271.0,276.5,-2.0,kharif,estimated
GIR001,2024,8,201.3,205.4,-2.0,kharif,estimated
GIR001,2024,9,85.2,86.9,-2.0,kharif,estimated
GIR001,2024,10,23.2,23.7,-2.1,rabi,estimated
GIR001,2024,11,7.7,7.9,-2.5,rabi,estimated
GIR001,2024,12,0.0,0.0,0.0,rabi,estimated
GIR002,2019,1,9.0,8.0,12.5,rabi,estimated
GIR002,2019,2,9.0,8.0,12.5,rabi,estimated
GIR002,2019,3,9.0,8.0,12.5,rabi,estimated
GIR002,2019,4,17.9,16.0,11.9,summer,estimated
GIR002,2019,5,27.0,24.1,12.0,summer,estimated
GIR002,2019,6,161.7,144.4,12.0,kharif,estimated
GIR002,2019,7,314.4,280.7,12.0,kharif,estimated
GIR002,2019,8,233.5,208.5,12.0,kharif,estimated
GIR002,2019,9,98.8,88.2,12.0,kharif,estimated
GIR002,2019,10,27.0,24.1,12.0,rabi,estimated
GIR002,2019,11,9.0,8.0,12.5,rabi,estimated
GIR002,2019,12,0.0,0.0,0.0,rabi,estimated
GIR002,2020,1,8.4,8.0,5.0,rabi,estimated
GIR002,2020,2,8.4,8.0,5.0,rabi,estimated
GIR002,2020,3,8.4,8.0,5.0,rabi,estimated
GIR002,2020,4,16.8,16.0,5.0,summer,estimated
GIR002,2020,5,25.3,24.1,5.0,summer,estimated
GIR002,2020,6,151.6,144.4,5.0,kharif,estimated
GIR002,2020,7,294.7,280.7,5.0,kharif,estimated
GIR002,2020,8,218.9,208.5,5.0,kharif,estimated
GIR002,2020,9,92.6,88.2,5.0,kharif,estimated
GIR002,2020,10,25.3,24.1,5.0,rabi,estimated
GIR002,2020,11,8.4,8.0,5.0,rabi,estimated
GIR002,2020,12,0.0,0.0,0.0,rabi,estimated
GIR002,2021,1,7.0,8.0,-12.5,rabi,estimated
GIR002,2021,2,7.0,8.0,-12.5,rabi,estimated
GIR002,2021,3,7.0,8.0,-12.5,rabi,estimated
GIR002,2021,4,14.1,16.0,-11.9,summer,estimated
GIR002,2021,5,21.2,24.1,-12.0,summer,estimated
GIR002,2021,6,127.1,144.4,-12.0,kharif,estimated
GIR002,2021,7,247.0,280.7,-12.0,kharif,estimated
GIR002,2021,8,183.5,208.5,-12.0,kharif,estimated
GIR002,2021,9,77.6,88.2,-12.0,kharif,estimated
GIR002,2021,10,21.2,24.1,-12.0,rabi,estimated
GIR002,2021,11,7.0,8.0,-12.5,rabi,estimated
GIR002,2021,12,0.0,0.0,0.0,rabi,estimated
GIR002,2022,1,7.5,8.0,-6.2,rabi,estimated
GIR002,2022,2,7.5,8.0,-6.2,rabi,estimated
GIR002,2022,3,7.5,8.0,-6.2,rabi,estimated
GIR002,2022,4,15.0,16.0,-6.2,summer,estimated
GIR002,2022,5,22.7,24.1,-5.8,summer,estimated
GIR002,2022,6,135.7,144.4,-6.0,kharif,estimated
GIR002,2022,7,263.9,280.7,-6.0,kharif,estimated
GIR002,2022,8,196.0,208.5,-6.0,kharif,estimated
GIR002,2022,9,82.9,88.2,-6.0,kharif,estimated
GIR002,2022,10,22.7,24.1,-5.8,rabi,estimated
GIR002,2022,11,7.5,8.0,-6.2,rabi,estimated
GIR002,2022,12,0.0,0.0,0.0,rabi,estimated
GIR002,2023,1,6.6,8.0,-17.5,rabi,estimated
GIR002,2023,2,6.6,8.0,-17.5,rabi,estimated
GIR002,2023,3,6.6,8.0,-17.5,rabi,estimated
GIR002,2023,4,13.1,16.0,-18.1,summer,estimated
GIR002,2023,5,19.8,24.1,-17.8,summer,estimated
GIR002,2023,6,118.4,144.4,-18.0,kharif,estimated
GIR002,2023,7,230.2,280.7,-18.0,kharif,estimated
GIR002,2023,8,171.0,208.5,-18.0,kharif,estimated
GIR002,2023,9,72.3,88.2,-18.0,kharif,estimated
GIR002,2023,10,19.8,24.1,-17.8,rabi,estimated
GIR002,2023,11,6.6,8.0,-17.5,rabi,estimated
GIR002,2023,12,0.0,0.0,0.0,rabi,estimated
GIR002,2024,1,7.8,8.0,-2.5,rabi,estimated
GIR002,2024,2,7.8,8.0,-2.5,rabi,estimated
GIR002,2024,3,7.8,8.0,-2.5,rabi,estimated
GIR002,2024,4,15.7,16.0,-1.9,summer,estimated
GIR002,2024,5,23.6,24.1,-2.1,summer,estimated
GIR002,2024,6,141.5,144.4,-2.0,kharif,estimated
GIR002,2024,7,275.1,280.7,-2.0,kharif,estimated
GIR002,2024,8,204.3,208.5,-2.0,kharif,estimated
GIR002,2024,9,86.4,88.2,-2.0,kharif,estimated
GIR002,2024,10,23.6,24.1,-2.1,rabi,estimated
GIR002,2024,11,7.8,8.0,-2.5,rabi,estimated
GIR002,2024,12,0.0,0.0,0.0,rabi,estimated
GIR003,2019,1,8.8,7.9,11.4,rabi,estimated
GIR003,2019,2,8.8,7.9,11.4,rabi,estimated
GIR003,2019,3,8.8,7.9,11.4,rabi,estimated
GIR003,2019,4,17.7,15.8,12.0,summer,estimated
GIR003,2019,5,26.4,23.6,11.9,summer,estimated
GIR003,2019,6,158.8,141.8,12.0,kharif,estimated
GIR003,2019,7,308.9,275.8,12.0,kharif,estimated
GIR003,2019,8,229.5,204.9,12.0,kharif,estimated
GIR003,2019,9,97.1,86.7,12.0,kharif,estimated
GIR003,2019,10,26.4,23.6,11.9,rabi,estimated
GIR003,2019,11,8.8,7.9,11.4,rabi,estimated
GIR003,2019,12,0.0,0.0,0.0,rabi,estimated
GIR003,2020,1,8.3,7.9,5.1,rabi,estimated
GIR003,2020,2,8.3,7.9,5.1,rabi,estimated
GIR003,2020,3,8.3,7.9,5.1,rabi,estimated
GIR003,2020,4,16.6,15.8,5.1,summer,estimated
GIR003,2020,5,24.8,23.6,5.1,summer,estimated
GIR003,2020,6,148.9,141.8,5.0,kharif,estimated
GIR003,2020,7,289.6,275.8,5.0,kharif,estimated
GIR003,2020,8,215.1,204.9,5.0,kharif,estimated
GIR003,2020,9,91.0,86.7,5.0,kharif,estimated
GIR003,2020,10,24.8,23.6,5.1,rabi,estimated
GIR003,2020,11,8.3,7.9,5.1,rabi,estimated
GIR003,2020,12,0.0,0.0,0.0,rabi,estimated
GIR003,2021,1,7.0,7.9,-11.4,rabi,estimated
GIR003,2021,2,7.0,7.9,-11.4,rabi,estimated
GIR003,2021,3,7.0,7.9,-11.4,rabi,estimated
GIR003,2021,4,13.9,15.8,-12.0,summer,estimated
GIR003,2021,5,20.8,23.6,-11.9,summer,estimated
GIR003,2021,6,124.8,141.8,-12.0,kharif,estimated
GIR003,2021,7,242.7,275.8,-12.0,kharif,estimated
GIR003,2021,8,180.3,204.9,-12.0,kharif,estimated
GIR003,2021,9,76.3,86.7,-12.0,kharif,estimated
GIR003,2021,10,20.8,23.6,-11.9,rabi,estimated
GIR003,2021,11,7.0,7.9,-11.4,rabi,estimated
GIR003,2021,12,0.0,0.0,0.0,rabi,estimated
GIR003,2022,1,7.4,7.9,-6.3,rabi,estimated
GIR003,2022,2,7.4,7.9,-6.3,rabi,estimated
GIR003,2022,3,7.4,7.9,-6.3,rabi,estimated
GIR003,2022,4,14.9,15.8,-5.7,summer,estimated
GIR003,2022,5,22.2,23.6,-5.9,summer,estimated
GIR003,2022,6,133.3,141.8,-6.0,kharif,estimated
GIR003,2022,7,259.3,275.8,-6.0,kharif,estimated
GIR003,2022,8,192.6,204.9,-6.0,kharif,estimated
GIR003,2022,9,81.5,86.7,-6.0,kharif,estimated
GIR003,2022,10,22.2,23.6,-5.9,rabi,estimated
GIR003,2022,11,7.4,7.9,-6.3,rabi,estimated
GIR003,2022,12,0.0,0.0,0.0,rabi,estimated
GIR003,2023,1,6.5,7.9,-17.7,rabi,estimated
GIR003,2023,2,6.5,7.9,-17.7,rabi,estimated
GIR003,2023,3,6.5,7.9,-17.7,rabi,estimated
GIR003,2023,4,13.0,15.8,-17.7,summer,estimated
GIR003,2023,5,19.4,23.6,-17.8,summer,estimated
GIR003,2023,6,116.3,141.8,-18.0,kharif,estimated
GIR003,2023,7,226.2,275.8,-18.0,kharif,estimated
GIR003,2023,8,168.0,204.9,-18.0,kharif,estimated
GIR003,2023,9,71.1,86.7,-18.0,kharif,estimated
GIR003,2023,10,19.4,23.6,-17.8,rabi,estimated
GIR003,2023,11,6.5,7.9,-17.7,rabi,estimated
GIR003,2023,12,0.0,0.0,0.0,rabi,estimated
GIR003,2024,1,7.7,7.9,-2.5,rabi,estimated
GIR003,2024,2,7.7,7.9,-2.5,rabi,estimated
GIR003,2024,3,7.7,7.9,-2.5,rabi,estimated
GIR003,2024,4,15.5,15.8,-1.9,summer,estimated
GIR003,2024,5,23.1,23.6,-2.1,summer,estimated
GIR003,2024,6,139.0,141.8,-2.0,kharif,estimated
GIR003,2024,7,270.3,275.8,-2.0,kharif,estimated
GIR003,2024,8,200.8,204.9,-2.0,kharif,estimated
GIR003,2024,9,85.0,86.7,-2.0,kharif,estimated
GIR003,2024,10,23.1,23.6,-2.1,rabi,estimated
GIR003,2024,11,7.7,7.9,-2.5,rabi,estimated
GIR003,2024,12,0.0,0.0,0.0,rabi,estimated
GIR004,2019,1,8.7,7.8,11.5,rabi,estimated
GIR004,2019,2,8.7,7.8,11.5,rabi,estimated
GIR004,2019,3,8.7,7.8,11.5,rabi,estimated
GIR004,2019,4,17.4,15.5,12.3,summer,estimated
GIR004,2019,5,26.0,23.2,12.1,summer,estimated
GIR004,2019,6,156.2,139.5,12.0,kharif,estimated
GIR004,2019,7,303.7,271.2,12.0,kharif,estimated
GIR004,2019,8,225.7,201.5,12.0,kharif,estimated
GIR004,2019,9,95.4,85.2,12.0,kharif,estimated
GIR004,2019,10,26.0,23.2,12.1,rabi,estimated
GIR004,2019,11,8.7,7.8,11.5,rabi,estimated
GIR004,2019,12,0.0,0.0,0.0,rabi,estimated
GIR004,2020,1,8.2,7.8,5.1,rabi,estimated
GIR004,2020,2,8.2,7.8,5.1,rabi,estimated
GIR004,2020,3,8.2,7.8,5.1,rabi,estimated
GIR004,2020,4,16.3,15.5,5.2,summer,estimated
GIR004,2020,5,24.4,23.2,5.2,summer,estimated
GIR004,2020,6,146.5,139.5,5.0,kharif,estimated
GIR004,2020,7,284.8,271.2,5.0,kharif,estimated
GIR004,2020,8,211.6,201.5,5.0,kharif,estimated
GIR004,2020,9,89.5,85.2,5.0,kharif,estimated
GIR004,2020,10,24.4,23.2,5.2,rabi,estimated
GIR004,2020,11,8.2,7.8,5.1,rabi,estimated
GIR004,2020,12,0.0,0.0,0.0,rabi,estimated
GIR004,2021,1,6.9,7.8,-11.5,rabi,estimated
GIR004,2021,2,6.9,7.8,-11.5,rabi,estimated
GIR004,2021,3,6.9,7.8,-11.5,rabi,estimated
GIR004,2021,4,13.6,15.5,-12.3,summer,estimated
GIR004,2021,5,20.4,23.2,-12.1,summer,estimated
GIR004,2021,6,122.8,139.5,-12.0,kharif,estimated
GIR004,2021,7,238.7,271.2,-12.0,kharif,estimated
GIR004,2021,8,177.3,201.5,-12.0,kharif,estimated
GIR004,2021,9,75.0,85.2,-12.0,kharif,estimated
GIR004,2021,10,20.4,23.2,-12.1,rabi,estimated
GIR004,2021,11,6.9,7.8,-11.5,rabi,estimated
GIR004,2021,12,0.0,0.0,0.0,rabi,estimated
GIR004,2022,1,7.3,7.8,-6.4,rabi,estimated
GIR004,2022,2,7.3,7.8,-6.4,rabi,estimated
GIR004,2022,3,7.3,7.8,-6.4,rabi,estimated
GIR004,2022,4,14.6,15.5,-5.8,summer,estimated
GIR004,2022,5,21.8,23.2,-6.0,summer,estimated
GIR004,2022,6,131.1,139.5,-6.0,kharif,estimated
GIR004,2022,7,254.9,271.2,-6.0,kharif,estimated
GIR004,2022,8,189.4,201.5,-6.0,kharif,estimated
GIR004,2022,9,80.1,85.2,-6.0,kharif,estimated
GIR004,2022,10,21.8,23.2,-6.0,rabi,estimated
GIR004,2022,11,7.3,7.8,-6.4,rabi,estimated
GIR004,2022,12,0.0,0.0,0.0,rabi,estimated
GIR004,2023,1,6.4,7.8,-17.9,rabi,estimated
GIR004,2023,2,6.4,7.8,-17.9,rabi,estimated
GIR004,2023,3,6.4,7.8,-17.9,rabi,estimated
GIR004,2023,4,12.7,15.5,-18.1,summer,estimated
GIR004,2023,5,19.0,23.2,-18.1,summer,estimated
GIR004,2023,6,114.4,139.5,-18.0,kharif,estimated
GIR004,2023,7,222.4,271.2,-18.0,kharif,estimated
GIR004,2023,8,165.2,201.5,-18.0,kharif,estimated
GIR004,2023,9,69.9,85.2,-18.0,kharif,estimated
GIR004,2023,10,19.0,23.2,-18.1,rabi,estimated
GIR004,2023,11,6.4,7.8,-17.9,rabi,estimated
GIR004,2023,12,0.0,0.0,0.0,rabi,estimated
GIR004,2024,1,7.6,7.8,-2.6,rabi,estimated
GIR004,2024,2,7.6,7.8,-2.6,rabi,estimated
GIR004,2024,3,7.6,7.8,-2.6,rabi,estimated
GIR004,2024,4,15.2,15.5,-1.9,summer,estimated
GIR004,2024,5,22.7,23.2,-2.2,summer,estimated
GIR004,2024,6,136.7,139.5,-2.0,kharif,estimated
GIR004,2024,7,265.8,271.2,-2.0,kharif,estimated
GIR004,2024,8,197.5,201.5,-2.0,kharif,estimated
GIR004,2024,9,83.5,85.2,-2.0,kharif,estimated
GIR004,2024,10,22.7,23.2,-2.2,rabi,estimated
GIR004,2024,11,7.6,7.8,-2.6,rabi,estimated
GIR004,2024,12,0.0,0.0,0.0,rabi,estimated
GIR005,2019,1,8.8,7.9,11.4,rabi,estimated
GIR005,2019,2,8.8,7.9,11.4,rabi,estimated
GIR005,2019,3,8.8,7.9,11.4,rabi,estimated
GIR005,2019,4,17.6,15.7,12.1,summer,estimated
GIR005,2019,5,26.4,23.6,11.9,summer,estimated
GIR005,2019,6,158.3,141.3,12.0,kharif,estimated
GIR005,2019,7,307.8,274.8,12.0,kharif,estimated
GIR005,2019,8,228.6,204.1,12.0,kharif,estimated
GIR005,2019,9,96.7,86.3,12.1,kharif,estimated
GIR005,2019,10,26.4,23.6,11.9,rabi,estimated
GIR005,2019,11,8.8,7.9,11.4,rabi,estimated
GIR005,2019,12,0.0,0.0,0.0,rabi,estimated
GIR005,2020,1,8.3,7.9,5.1,rabi,estimated
GIR005,2020,2,8.3,7.9,5.1,rabi,estimated
GIR005,2020,3,8.3,7.9,5.1,rabi,estimated
GIR005,2020,4,16.5,15.7,5.1,summer,estimated
GIR005,2020,5,24.8,23.6,5.1,summer,estimated
GIR005,2020,6,148.4,141.3,5.0,kharif,estimated
GIR005,2020,7,288.5,274.8,5.0,kharif,estimated
GIR005,2020,8,214.3,204.1,5.0,kharif,estimated
GIR005,2020,9,90.6,86.3,5.0,kharif,estimated
GIR005,2020,10,24.8,23.6,5.1,rabi,estimated
GIR005,2020,11,8.3,7.9,5.1,rabi,estimated
GIR005,2020,12,0.0,0.0,0.0,rabi,estimated
GIR005,2021,1,7.0,7.9,-11.4,rabi,estimated
GIR005,2021,2,7.0,7.9,-11.4,rabi,estimated
GIR005,2021,3,7.0,7.9,-11.4,rabi,estimated
GIR005,2021,4,13.8,15.7,-12.1,summer,estimated
GIR005,2021,5,20.8,23.6,-11.9,summer,estimated
GIR005,2021,6,124.3,141.3,-12.0,kharif,estimated
GIR005,2021,7,241.8,274.8,-12.0,kharif,estimated
GIR005,2021,8,179.6,204.1,-12.0,kharif,estimated
GIR005,2021,9,75.9,86.3,-12.1,kharif,estimated
GIR005,2021,10,20.8,23.6,-11.9,rabi,estimated
GIR005,2021,11,7.0,7.9,-11.4,rabi,estimated
GIR005,2021,12,0.0,0.0,0.0,rabi,estimated
GIR005,2022,1,7.4,7.9,-6.3,rabi,estimated
GIR005,2022,2,7.4,7.9,-6.3,rabi,estimated
GIR005,2022,3,7.4,7.9,-6.3,rabi,estimated
GIR005,2022,4,14.8,15.7,-5.7,summer,estimated
GIR005,2022,5,22.2,23.6,-5.9,summer,estimated
GIR005,2022,6,132.8,141.3,-6.0,kharif,estimated
GIR005,2022,7,258.3,274.8,-6.0,kharif,estimated
GIR005,2022,8,191.9,204.1,-6.0,kharif,estimated
GIR005,2022,9,81.1,86.3,-6.0,kharif,estimated
GIR005,2022,10,22.2,23.6,-5.9,rabi,estimated
GIR005,2022,11,7.4,7.9,-6.3,rabi,estimated
GIR005,2022,12,0.0,0.0,0.0,rabi,estimated
GIR005,2023,1,6.5,7.9,-17.7,rabi,estimated
GIR005,2023,2,6.5,7.9,-17.7,rabi,estimated
GIR005,2023,3,6.5,7.9,-17.7,rabi,estimated
GIR005,2023,4,12.9,15.7,-17.8,summer,estimated
GIR005,2023,5,19.4,23.6,-17.8,summer,estimated
GIR005,2023,6,115.9,141.3,-18.0,kharif,estimated
GIR005,2023,7,225.3,274.8,-18.0,kharif,estimated
GIR005,2023,8,167.4,204.1,-18.0,kharif,estimated
GIR005,2023,9,70.8,86.3,-18.0,kharif,estimated
GIR005,2023,10,19.4,23.6,-17.8,rabi,estimated
GIR005,2023,11,6.5,7.9,-17.7,rabi,estimated
GIR005,2023,12,0.0,0.0,0.0,rabi,estimated
GIR005,2024,1,7.7,7.9,-2.5,rabi,estimated
GIR005,2024,2,7.7,7.9,-2.5,rabi,estimated
GIR005,2024,3,7.7,7.9,-2.5,rabi,estimated
GIR005,2024,4,15.4,15.7,-1.9,summer,estimated
GIR005,2024,5,23.1,23.6,-2.1,summer,estimated
GIR005,2024,6,138.5,141.3,-2.0,kharif,estimated
GIR005,2024,7,269.3,274.8,-2.0,kharif,estimated
GIR005,2024,8,200.0,204.1,-2.0,kharif,estimated
GIR005,2024,9,84.6,86.3,-2.0,kharif,estimated
GIR005,2024,10,23.1,23.6,-2.1,rabi,estimated
GIR005,2024,11,7.7,7.9,-2.5,rabi,estimated
GIR005,2024,12,0.0,0.0,0.0,rabi,estimated
JMN001,2019,1,7.3,6.5,12.3,rabi,estimated
JMN001,2019,2,7.3,6.5,12.3,rabi,estimated
JMN001,2019,3,7.3,6.5,12.3,rabi,estimated
JMN001,2019,4,14.6,13.0,12.3,summer,estimated
JMN001,2019,5,21.8,19.5,11.8,summer,estimated
JMN001,2019,6,131.0,117.0,12.0,kharif,estimated
JMN001,2019,7,254.8,227.5,12.0,kharif,estimated
JMN001,2019,8,189.3,169.0,12.0,kharif,estimated
JMN001,2019,9,80.1,71.5,12.0,kharif,estimated
JMN001,2019,10,21.8,19.5,11.8,rabi,estimated
JMN001,2019,11,7.3,6.5,12.3,rabi,estimated
JMN001,2019,12,0.0,0.0,0.0,rabi,estimated
JMN001,2020,1,6.8,6.5,4.6,rabi,estimated
JMN001,2020,2,6.8,6.5,4.6,rabi,estimated
JMN001,2020,3,6.8,6.5,4.6,rabi,estimated
JMN001,2020,4,13.7,13.0,5.4,summer,estimated
JMN001,2020,5,20.5,19.5,5.1,summer,estimated
JMN001,2020,6,122.9,117.0,5.0,kharif,estimated
JMN001,2020,7,238.9,227.5,5.0,kharif,estimated
JMN001,2020,8,177.5,169.0,5.0,kharif,estimated
JMN001,2020,9,75.1,71.5,5.0,kharif,estimated
JMN001,2020,10,20.5,19.5,5.1,rabi,estimated
JMN001,2020,11,6.8,6.5,4.6,rabi,estimated
JMN001,2020,12,0.0,0.0,0.0,rabi,estimated
JMN001,2021,1,5.7,6.5,-12.3,rabi,estimated
JMN001,2021,2,5.7,6.5,-12.3,rabi,estimated
JMN001,2021,3,5.7,6.5,-12.3,rabi,estimated
JMN001,2021,4,11.4,13.0,-12.3,summer,estimated
JMN001,2021,5,17.2,19.5,-11.8,summer,estimated
JMN001,2021,6,103.0,117.0,-12.0,kharif,estimated
JMN001,2021,7,200.2,227.5,-12.0,kharif,estimated
JMN001,2021,8,148.7,169.0,-12.0,kharif,estimated
JMN001,2021,9,62.9,71.5,-12.0,kharif,estimated
JMN001,2021,10,17.2,19.5,-11.8,rabi,estimated
JMN001,2021,11,5.7,6.5,-12.3,rabi,estimated
JMN001,2021,12,0.0,0.0,0.0,rabi,estimated
JMN001,2022,1,6.1,6.5,-6.2,rabi,estimated
JMN001,2022,2,6.1,6.5,-6.2,rabi,estimated
JMN001,2022,3,6.1,6.5,-6.2,rabi,estimated
JMN001,2022,4,12.2,13.0,-6.2,summer,estimated
JMN001,2022,5,18.3,19.5,-6.2,summer,estimated
JMN001,2022,6,110.0,117.0,-6.0,kharif,estimated
JMN001,2022,7,213.8,227.5,-6.0,kharif,estimated
JMN001,2022,8,158.9,169.0,-6.0,kharif,estimated
JMN001,2022,9,67.2,71.5,-6.0,kharif,estimated
JMN001,2022,10,18.3,19.5,-6.2,rabi,estimated
JMN001,2022,11,6.1,6.5,-6.2,rabi,estimated
JMN001,2022,12,0.0,0.0,0.0,rabi,estimated
JMN001,2023,1,5.3,6.5,-18.5,rabi,estimated
JMN001,2023,2,5.3,6.5,-18.5,rabi,estimated
JMN001,2023,3,5.3,6.5,-18.5,rabi,estimated
JMN001,2023,4,10.7,13.0,-17.7,summer,estimated
JMN001,2023,5,16.0,19.5,-17.9,summer,estimated
JMN001,2023,6,95.9,117.0,-18.0,kharif,estimated
JMN001,2023,7,186.5,227.5,-18.0,kharif,estimated
JMN001,2023,8,138.6,169.0,-18.0,kharif,estimated
JMN001,2023,9,58.6,71.5,-18.0,kharif,estimated
JMN001,2023,10,16.0,19.5,-17.9,rabi,estimated
JMN001,2023,11,5.3,6.5,-18.5,rabi,estimated
JMN001,2023,12,0.0,0.0,0.0,rabi,estimated
JMN001,2024,1,6.4,6.5,-1.5,rabi,estimated
JMN001,2024,2,6.4,6.5,-1.5,rabi,estimated
JMN001,2024,3,6.4,6.5,-1.5,rabi,estimated
JMN001,2024,4,12.7,13.0,-2.3,summer,estimated
JMN001,2024,5,19.1,19.5,-2.1,summer,estimated
JMN001,2024,6,114.7,117.0,-2.0,kharif,estimated
JMN001,2024,7,222.9,227.5,-2.0,kharif,estimated
JMN001,2024,8,165.6,169.0,-2.0,kharif,estimated
JMN001,2024,9,70.1,71.5,-2.0,kharif,estimated
JMN001,2024,10,19.1,19.5,-2.1,rabi,estimated
JMN001,2024,11,6.4,6.5,-1.5,rabi,estimated
JMN001,2024,12,0.0,0.0,0.0,rabi,estimated
JMN002,2019,1,7.4,6.6,12.1,rabi,estimated
JMN002,2019,2,7.4,6.6,12.1,rabi,estimated
JMN002,2019,3,7.4,6.6,12.1,rabi,estimated
JMN002,2019,4,14.8,13.2,12.1,summer,estimated
JMN002,2019,5,22.2,19.8,12.1,summer,estimated
JMN002,2019,6,133.1,118.8,12.0,kharif,estimated
JMN002,2019,7,258.7,231.0,12.0,kharif,estimated
JMN002,2019,8,192.2,171.6,12.0,kharif,estimated
JMN002,2019,9,81.3,72.6,12.0,kharif,estimated
JMN002,2019,10,22.2,19.8,12.1,rabi,estimated
JMN002,2019,11,7.4,6.6,12.1,rabi,estimated
JMN002,2019,12,0.0,0.0,0.0,rabi,estimated
JMN002,2020,1,6.9,6.6,4.5,rabi,estimated
JMN002,2020,2,6.9,6.6,4.5,rabi,estimated
JMN002,2020,3,6.9,6.6,4.5,rabi,estimated
JMN002,2020,4,13.9,13.2,5.3,summer,estimated
JMN002,2020,5,20.8,19.8,5.1,summer,estimated
JMN002,2020,6,124.7,118.8,5.0,kharif,estimated
JMN002,2020,7,242.6,231.0,5.0,kharif,estimated
JMN002,2020,8,180.2,171.6,5.0,kharif,estimated
JMN002,2020,9,76.2,72.6,5.0,kharif,estimated
JMN002,2020,10,20.8,19.8,5.1,rabi,estimated
JMN002,2020,11,6.9,6.6,4.5,rabi,estimated
JMN002,2020,12,0.0,0.0,0.0,rabi,estimated
JMN002,2021,1,5.8,6.6,-12.1,rabi,estimated
JMN002,2021,2,5.8,6.6,-12.1,rabi,estimated
JMN002,2021,3,5.8,6.6,-12.1,rabi,estimated
JMN002,2021,4,11.6,13.2,-12.1,summer,estimated
JMN002,2021,5,17.4,19.8,-12.1,summer,estimated
JMN002,2021,6,104.5,118.8,-12.0,kharif,estimated
JMN002,2021,7,203.3,231.0,-12.0,kharif,estimated
JMN002,2021,8,151.0,171.6,-12.0,kharif,estimated
JMN002,2021,9,63.9,72.6,-12.0,kharif,estimated
JMN002,2021,10,17.4,19.8,-12.1,rabi,estimated
JMN002,2021,11,5.8,6.6,-12.1,rabi,estimated
JMN002,2021,12,0.0,0.0,0.0,rabi,estimated
JMN002,2022,1,6.2,6.6,-6.1,rabi,estimated
JMN002,2022,2,6.2,6.6,-6.1,rabi,estimated
JMN002,2022,3,6.2,6.6,-6.1,rabi,estimated
JMN002,2022,4,12.4,13.2,-6.1,summer,estimated
JMN002,2022,5,18.6,19.8,-6.1,summer,estimated
JMN002,2022,6,111.7,118.8,-6.0,kharif,estimated
JMN002,2022,7,217.1,231.0,-6.0,kharif,estimated
JMN002,2022,8,161.3,171.6,-6.0,kharif,estimated
JMN002,2022,9,68.2,72.6,-6.1,kharif,estimated
JMN002,2022,10,18.6,19.8,-6.1,rabi,estimated
JMN002,2022,11,6.2,6.6,-6.1,rabi,estimated
JMN002,2022,12,0.0,0.0,0.0,rabi,estimated
JMN002,2023,1,5.4,6.6,-18.2,rabi,estimated
JMN002,2023,2,5.4,6.6,-18.2,rabi,estimated
JMN002,2023,3,5.4,6.6,-18.2,rabi,estimated
JMN002,2023,4,10.8,13.2,-18.2,summer,estimated
JMN002,2023,5,16.2,19.8,-18.2,summer,estimated
JMN002,2023,6,97.4,118.8,-18.0,kharif,estimated
JMN002,2023,7,189.4,231.0,-18.0,kharif,estimated
JMN002,2023,8,140.7,171.6,-18.0,kharif,estimated
JMN002,2023,9,59.5,72.6,-18.0,kharif,estimated
JMN002,2023,10,16.2,19.8,-18.2,rabi,estimated
JMN002,2023,11,5.4,6.6,-18.2,rabi,estimated
JMN002,2023,12,0.0,0.0,0.0,rabi,estimated
JMN002,2024,1,6.5,6.6,-1.5,rabi,estimated
JMN002,2024,2,6.5,6.6,-1.5,rabi,estimated
JMN002,2024,3,6.5,6.6,-1.5,rabi,estimated
JMN002,2024,4,12.9,13.2,-2.3,summer,estimated
JMN002,2024,5,19.4,19.8,-2.0,summer,estimated
JMN002,2024,6,116.4,118.8,-2.0,kharif,estimated
JMN002,2024,7,226.4,231.0,-2.0,kharif,estimated
JMN002,2024,8,168.2,171.6,-2.0,kharif,estimated
JMN002,2024,9,71.1,72.6,-2.1,kharif,estimated
JMN002,2024,10,19.4,19.8,-2.0,rabi,estimated
JMN002,2024,11,6.5,6.6,-1.5,rabi,estimated
JMN002,2024,12,0.0,0.0,0.0,rabi,estimated
JMN003,2019,1,7.2,6.4,12.5,rabi,estimated
JMN003,2019,2,7.2,6.4,12.5,rabi,estimated
JMN003,2019,3,7.2,6.4,12.5,rabi,estimated
JMN003,2019,4,14.3,12.8,11.7,summer,estimated
JMN003,2019,5,21.5,19.2,12.0,summer,estimated
JMN003,2019,6,129.0,115.2,12.0,kharif,estimated
JMN003,2019,7,250.9,224.0,12.0,kharif,estimated
JMN003,2019,8,186.4,166.4,12.0,kharif,estimated
JMN003,2019,9,78.8,70.4,11.9,kharif,estimated
JMN003,2019,10,21.5,19.2,12.0,rabi,estimated
JMN003,2019,11,7.2,6.4,12.5,rabi,estimated
JMN003,2019,12,0.0,0.0,0.0,rabi,estimated
JMN003,2020,1,6.7,6.4,4.7,rabi,estimated
JMN003,2020,2,6.7,6.4,4.7,rabi,estimated
JMN003,2020,3,6.7,6.4,4.7,rabi,estimated
JMN003,2020,4,13.4,12.8,4.7,summer,estimated
JMN003,2020,5,20.2,19.2,5.2,summer,estimated
JMN003,2020,6,121.0,115.2,5.0,kharif,estimated
JMN003,2020,7,235.2,224.0,5.0,kharif,estimated
JMN003,2020,8,174.7,166.4,5.0,kharif,estimated
JMN003,2020,9,73.9,70.4,5.0,kharif,estimated
JMN003,2020,10,20.2,19.2,5.2,rabi,estimated
JMN003,2020,11,6.7,6.4,4.7,rabi,estimated
JMN003,2020,12,0.0,0.0,0.0,rabi,estimated
JMN003,2021,1,5.6,6.4,-12.5,rabi,estimated
JMN003,2021,2,5.6,6.4,-12.5,rabi,estimated
JMN003,2021,3,5.6,6.4,-12.5,rabi,estimated
JMN003,2021,4,11.3,12.8,-11.7,summer,estimated
JMN003,2021,5,16.9,19.2,-12.0,summer,estimated
JMN003,2021,6,101.4,115.2,-12.0,kharif,estimated
JMN003,2021,7,197.1,224.0,-12.0,kharif,estimated
JMN003,2021,8,146.4,166.4,-12.0,kharif,estimated
JMN003,2021,9,62.0,70.4,-11.9,kharif,estimated
JMN003,2021,10,16.9,19.2,-12.0,rabi,estimated
JMN003,2021,11,5.6,6.4,-12.5,rabi,estimated
JMN003,2021,12,0.0,0.0,0.0,rabi,estimated
JMN003,2022,1,6.0,6.4,-6.3,rabi,estimated
JMN003,2022,2,6.0,6.4,-6.3,rabi,estimated
JMN003,2022,3,6.0,6.4,-6.3,rabi,estimated
JMN003,2022,4,12.0,12.8,-6.3,summer,estimated
JMN003,2022,5,18.0,19.2,-6.2,summer,estimated
JMN003,2022,6,108.3,115.2,-6.0,kharif,estimated
JMN003,2022,7,210.6,224.0,-6.0,kharif,estimated
JMN003,2022,8,156.4,166.4,-6.0,kharif,estimated
JMN003,2022,9,66.2,70.4,-6.0,kharif,estimated
JMN003,2022,10,18.0,19.2,-6.2,rabi,estimated
JMN003,2022,11,6.0,6.4,-6.3,rabi,estimated
JMN003,2022,12,0.0,0.0,0.0,rabi,estimated
JMN003,2023,1,5.2,6.4,-18.8,rabi,estimated
JMN003,2023,2,5.2,6.4,-18.8,rabi,estimated
JMN003,2023,3,5.2,6.4,-18.8,rabi,estimated
JMN003,2023,4,10.5,12.8,-18.0,summer,estimated
JMN003,2023,5,15.7,19.2,-18.2,summer,estimated
JMN003,2023,6,94.5,115.2,-18.0,kharif,estimated
JMN003,2023,7,183.7,224.0,-18.0,kharif,estimated
JMN003,2023,8,136.4,166.4,-18.0,kharif,estimated
JMN003,2023,9,57.7,70.4,-18.0,kharif,estimated
JMN003,2023,10,15.7,19.2,-18.2,rabi,estimated
JMN003,2023,11,5.2,6.4,-18.8,rabi,estimated
JMN003,2023,12,0.0,0.0,0.0,rabi,estimated
JMN003,2024,1,6.3,6.4,-1.6,rabi,estimated
JMN003,2024,2,6.3,6.4,-1.6,rabi,estimated
JMN003,2024,3,6.3,6.4,-1.6,rabi,estimated
JMN003,2024,4,12.5,12.8,-2.3,summer,estimated
JMN003,2024,5,18.8,19.2,-2.1,summer,estimated
JMN003,2024,6,112.9,115.2,-2.0,kharif,estimated
JMN003,2024,7,219.5,224.0,-2.0,kharif,estimated
JMN003,2024,8,163.1,166.4,-2.0,kharif,estimated
JMN003,2024,9,69.0,70.4,-2.0,kharif,estimated
JMN003,2024,10,18.8,19.2,-2.1,rabi,estimated
JMN003,2024,11,6.3,6.4,-1.6,rabi,estimated
JMN003,2024,12,0.0,0.0,0.0,rabi,estimated
JMN004,2019,1,7.5,6.7,11.9,rabi,estimated
JMN004,2019,2,7.5,6.7,11.9,rabi,estimated
JMN004,2019,3,7.5,6.7,11.9,rabi,estimated
JMN004,2019,4,15.0,13.4,11.9,summer,estimated
JMN004,2019,5,22.5,20.1,11.9,summer,estimated
JMN004,2019,6,135.1,120.6,12.0,kharif,estimated
JMN004,2019,7,262.6,234.5,12.0,kharif,estimated
JMN004,2019,8,195.1,174.2,12.0,kharif,estimated
JMN004,2019,9,82.5,73.7,11.9,kharif,estimated
JMN004,2019,10,22.5,20.1,11.9,rabi,estimated
JMN004,2019,11,7.5,6.7,11.9,rabi,estimated
JMN004,2019,12,0.0,0.0,0.0,rabi,estimated
JMN004,2020,1,7.0,6.7,4.5,rabi,estimated
JMN004,2020,2,7.0,6.7,4.5,rabi,estimated
JMN004,2020,3,7.0,6.7,4.5,rabi,estimated
JMN004,2020,4,14.1,13.4,5.2,summer,estimated
JMN004,2020,5,21.1,20.1,5.0,summer,estimated
JMN004,2020,6,126.6,120.6,5.0,kharif,estimated
JMN004,2020,7,246.2,234.5,5.0,kharif,estimated
JMN004,2020,8,182.9,174.2,5.0,kharif,estimated
JMN004,2020,9,77.4,73.7,5.0,kharif,estimated
JMN004,2020,10,21.1,20.1,5.0,rabi,estimated
JMN004,2020,11,7.0,6.7,4.5,rabi,estimated
JMN004,2020,12,0.0,0.0,0.0,rabi,estimated
JMN004,2021,1,5.9,6.7,-11.9,rabi,estimated
JMN004,2021,2,5.9,6.7,-11.9,rabi,estimated
JMN004,2021,3,5.9,6.7,-11.9,rabi,estimated
JMN004,2021,4,11.8,13.4,-11.9,summer,estimated
JMN004,2021,5,17.7,20.1,-11.9,summer,estimated
JMN004,2021,6,106.1,120.6,-12.0,kharif,estimated
JMN004,2021,7,206.4,234.5,-12.0,kharif,estimated
JMN004,2021,8,153.3,174.2,-12.0,kharif,estimated
JMN004,2021,9,64.9,73.7,-11.9,kharif,estimated
JMN004,2021,10,17.7,20.1,-11.9,rabi,estimated
JMN004,2021,11,5.9,6.7,-11.9,rabi,estimated
JMN004,2021,12,0.0,0.0,0.0,rabi,estimated
JMN004,2022,1,6.3,6.7,-6.0,rabi,estimated
JMN004,2022,2,6.3,6.7,-6.0,rabi,estimated
JMN004,2022,3,6.3,6.7,-6.0,rabi,estimated
JMN004,2022,4,12.6,13.4,-6.0,summer,estimated
JMN004,2022,5,18.9,20.1,-6.0,summer,estimated
JMN004,2022,6,113.4,120.6,-6.0,kharif,estimated
JMN004,2022,7,220.4,234.5,-6.0,kharif,estimated
JMN004,2022,8,163.7,174.2,-6.0,kharif,estimated
JMN004,2022,9,69.3,73.7,-6.0,kharif,estimated
JMN004,2022,10,18.9,20.1,-6.0,rabi,estimated
JMN004,2022,11,6.3,6.7,-6.0,rabi,estimated
JMN004,2022,12,0.0,0.0,0.0,rabi,estimated
JMN004,2023,1,5.5,6.7,-17.9,rabi,estimated
JMN004,2023,2,5.5,6.7,-17.9,rabi,estimated
JMN004,2023,3,5.5,6.7,-17.9,rabi,estimated
JMN004,2023,4,11.0,13.4,-17.9,summer,estimated
JMN004,2023,5,16.5,20.1,-17.9,summer,estimated
JMN004,2023,6,98.9,120.6,-18.0,kharif,estimated
JMN004,2023,7,192.3,234.5,-18.0,kharif,estimated
JMN004,2023,8,142.8,174.2,-18.0,kharif,estimated
JMN004,2023,9,60.4,73.7,-18.0,kharif,estimated
JMN004,2023,10,16.5,20.1,-17.9,rabi,estimated
JMN004,2023,11,5.5,6.7,-17.9,rabi,estimated
JMN004,2023,12,0.0,0.0,0.0,rabi,estimated
JMN004,2024,1,6.6,6.7,-1.5,rabi,estimated
JMN004,2024,2,6.6,6.7,-1.5,rabi,estimated
JMN004,2024,3,6.6,6.7,-1.5,rabi,estimated
JMN004,2024,4,13.1,13.4,-2.2,summer,estimated
JMN004,2024,5,19.7,20.1,-2.0,summer,estimated
JMN004,2024,6,118.2,120.6,-2.0,kharif,estimated
JMN004,2024,7,229.8,234.5,-2.0,kharif,estimated
JMN004,2024,8,170.7,174.2,-2.0,kharif,estimated
JMN004,2024,9,72.2,73.7,-2.0,kharif,estimated
JMN004,2024,10,19.7,20.1,-2.0,rabi,estimated
JMN004,2024,11,6.6,6.7,-1.5,rabi,estimated
JMN004,2024,12,0.0,0.0,0.0,rabi,estimated
JMN005,2019,1,6.9,6.2,11.3,rabi,estimated
JMN005,2019,2,6.9,6.2,11.3,rabi,estimated
JMN005,2019,3,6.9,6.2,11.3,rabi,estimated
JMN005,2019,4,13.9,12.4,12.1,summer,estimated
JMN005,2019,5,20.8,18.6,11.8,summer,estimated
JMN005,2019,6,125.0,111.6,12.0,kharif,estimated
JMN005,2019,7,243.0,217.0,12.0,kharif,estimated
JMN005,2019,8,180.5,161.2,12.0,kharif,estimated
JMN005,2019,9,76.4,68.2,12.0,kharif,estimated
JMN005,2019,10,20.8,18.6,11.8,rabi,estimated
JMN005,2019,11,6.9,6.2,11.3,rabi,estimated
JMN005,2019,12,0.0,0.0,0.0,rabi,estimated
JMN005,2020,1,6.5,6.2,4.8,rabi,estimated
JMN005,2020,2,6.5,6.2,4.8,rabi,estimated
JMN005,2020,3,6.5,6.2,4.8,rabi,estimated
JMN005,2020,4,13.0,12.4,4.8,summer,estimated
JMN005,2020,5,19.5,18.6,4.8,summer,estimated
JMN005,2020,6,117.2,111.6,5.0,kharif,estimated
JMN005,2020,7,227.9,217.0,5.0,kharif,estimated
JMN005,2020,8,169.3,161.2,5.0,kharif,estimated
JMN005,2020,9,71.6,68.2,5.0,kharif,estimated
JMN005,2020,10,19.5,18.6,4.8,rabi,estimated
JMN005,2020,11,6.5,6.2,4.8,rabi,estimated
JMN005,2020,12,0.0,0.0,0.0,rabi,estimated
JMN005,2021,1,5.5,6.2,-11.3,rabi,estimated
JMN005,2021,2,5.5,6.2,-11.3,rabi,estimated
JMN005,2021,3,5.5,6.2,-11.3,rabi,estimated
JMN005,2021,4,10.9,12.4,-12.1,summer,estimated
JMN005,2021,5,16.4,18.6,-11.8,summer,estimated
JMN005,2021,6,98.2,111.6,-12.0,kharif,estimated
JMN005,2021,7,191.0,217.0,-12.0,kharif,estimated
JMN005,2021,8,141.9,161.2,-12.0,kharif,estimated
JMN005,2021,9,60.0,68.2,-12.0,kharif,estimated
JMN005,2021,10,16.4,18.6,-11.8,rabi,estimated
JMN005,2021,11,5.5,6.2,-11.3,rabi,estimated
JMN005,2021,12,0.0,0.0,0.0,rabi,estimated
JMN005,2022,1,5.8,6.2,-6.5,rabi,estimated
JMN005,2022,2,5.8,6.2,-6.5,rabi,estimated
JMN005,2022,3,5.8,6.2,-6.5,rabi,estimated
JMN005,2022,4,11.7,12.4,-5.6,summer,estimated
JMN005,2022,5,17.5,18.6,-5.9,summer,estimated
JMN005,2022,6,104.9,111.6,-6.0,kharif,estimated
JMN005,2022,7,204.0,217.0,-6.0,kharif,estimated
JMN005,2022,8,151.5,161.2,-6.0,kharif,estimated
JMN005,2022,9,64.1,68.2,-6.0,kharif,estimated
JMN005,2022,10,17.5,18.6,-5.9,rabi,estimated
JMN005,2022,11,5.8,6.2,-6.5,rabi,estimated
JMN005,2022,12,0.0,0.0,0.0,rabi,estimated
JMN005,2023,1,5.1,6.2,-17.7,rabi,estimated
JMN005,2023,2,5.1,6.2,-17.7,rabi,estimated
JMN005,2023,3,5.1,6.2,-17.7,rabi,estimated
JMN005,2023,4,10.2,12.4,-17.7,summer,estimated
JMN005,2023,5,15.3,18.6,-17.7,summer,estimated
JMN005,2023,6,91.5,111.6,-18.0,kharif,estimated
JMN005,2023,7,177.9,217.0,-18.0,kharif,estimated
JMN005,2023,8,132.2,161.2,-18.0,kharif,estimated
JMN005,2023,9,55.9,68.2,-18.0,kharif,estimated
JMN005,2023,10,15.3,18.6,-17.7,rabi,estimated
JMN005,2023,11,5.1,6.2,-17.7,rabi,estimated
JMN005,2023,12,0.0,0.0,0.0,rabi,estimated
JMN005,2024,1,6.1,6.2,-1.6,rabi,estimated
JMN005,2024,2,6.1,6.2,-1.6,rabi,estimated
JMN005,2024,3,6.1,6.2,-1.6,rabi,estimated
JMN005,2024,4,12.2,12.4,-1.6,summer,estimated
JMN005,2024,5,18.2,18.6,-2.2,summer,estimated
JMN005,2024,6,109.4,111.6,-2.0,kharif,estimated
JMN005,2024,7,212.7,217.0,-2.0,kharif,estimated
JMN005,2024,8,158.0,161.2,-2.0,kharif,estimated
JMN005,2024,9,66.8,68.2,-2.1,kharif,estimated
JMN005,2024,10,18.2,18.6,-2.2,rabi,estimated
JMN005,2024,11,6.1,6.2,-1.6,rabi,estimated
JMN005,2024,12,0.0,0.0,0.0,rabi,estimated
MOR001,2019,1,5.8,5.2,11.5,rabi,estimated
MOR001,2019,2,5.8,5.2,11.5,rabi,estimated
MOR001,2019,3,5.8,5.2,11.5,rabi,estimated
MOR001,2019,4,11.5,10.3,11.7,summer,estimated
MOR001,2019,5,17.2,15.4,11.7,summer,estimated
MOR001,2019,6,103.8,92.7,12.0,kharif,estimated
MOR001,2019,7,201.8,180.2,12.0,kharif,estimated
MOR001,2019,8,150.0,133.9,12.0,kharif,estimated
MOR001,2019,9,63.4,56.6,12.0,kharif,estimated
MOR001,2019,10,17.2,15.4,11.7,rabi,estimated
MOR001,2019,11,5.8,5.2,11.5,rabi,estimated
MOR001,2019,12,0.0,0.0,0.0,rabi,estimated
MOR001,2020,1,5.5,5.2,5.8,rabi,estimated
MOR001,2020,2,5.5,5.2,5.8,rabi,estimated
MOR001,2020,3,5.5,5.2,5.8,rabi,estimated
MOR001,2020,4,10.8,10.3,4.9,summer,estimated
MOR001,2020,5,16.2,15.4,5.2,summer,estimated
MOR001,2020,6,97.3,92.7,5.0,kharif,estimated
MOR001,2020,7,189.2,180.2,5.0,kharif,estimated
MOR001,2020,8,140.6,133.9,5.0,kharif,estimated
MOR001,2020,9,59.4,56.6,4.9,kharif,estimated
MOR001,2020,10,16.2,15.4,5.2,rabi,estimated
MOR001,2020,11,5.5,5.2,5.8,rabi,estimated
MOR001,2020,12,0.0,0.0,0.0,rabi,estimated
MOR001,2021,1,4.6,5.2,-11.5,rabi,estimated
MOR001,2021,2,4.6,5.2,-11.5,rabi,estimated
MOR001,2021,3,4.6,5.2,-11.5,rabi,estimated
MOR001,2021,4,9.1,10.3,-11.7,summer,estimated
MOR001,2021,5,13.6,15.4,-11.7,summer,estimated
MOR001,2021,6,81.6,92.7,-12.0,kharif,estimated
MOR001,2021,7,158.6,180.2,-12.0,kharif,estimated
MOR001,2021,8,117.8,133.9,-12.0,kharif,estimated
MOR001,2021,9,49.8,56.6,-12.0,kharif,estimated
MOR001,2021,10,13.6,15.4,-11.7,rabi,estimated
MOR001,2021,11,4.6,5.2,-11.5,rabi,estimated
MOR001,2021,12,0.0,0.0,0.0,rabi,estimated
MOR001,2022,1,4.9,5.2,-5.8,rabi,estimated
MOR001,2022,2,4.9,5.2,-5.8,rabi,estimated
MOR001,2022,3,4.9,5.2,-5.8,rabi,estimated
MOR001,2022,4,9.7,10.3,-5.8,summer,estimated
MOR001,2022,5,14.5,15.4,-5.8,summer,estimated
MOR001,2022,6,87.1,92.7,-6.0,kharif,estimated
MOR001,2022,7,169.4,180.2,-6.0,kharif,estimated
MOR001,2022,8,125.9,133.9,-6.0,kharif,estimated
MOR001,2022,9,53.2,56.6,-6.0,kharif,estimated
MOR001,2022,10,14.5,15.4,-5.8,rabi,estimated
MOR001,2022,11,4.9,5.2,-5.8,rabi,estimated
MOR001,2022,12,0.0,0.0,0.0,rabi,estimated
MOR001,2023,1,4.3,5.2,-17.3,rabi,estimated
MOR001,2023,2,4.3,5.2,-17.3,rabi,estimated
MOR001,2023,3,4.3,5.2,-17.3,rabi,estimated
MOR001,2023,4,8.4,10.3,-18.4,summer,estimated
MOR001,2023,5,12.6,15.4,-18.2,summer,estimated
MOR001,2023,6,76.0,92.7,-18.0,kharif,estimated
MOR001,2023,7,147.8,180.2,-18.0,kharif,estimated
MOR001,2023,8,109.8,133.9,-18.0,kharif,estimated
MOR001,2023,9,46.4,56.6,-18.0,kharif,estimated
MOR001,2023,10,12.6,15.4,-18.2,rabi,estimated
MOR001,2023,11,4.3,5.2,-17.3,rabi,estimated
MOR001,2023,12,0.0,0.0,0.0,rabi,estimated
MOR001,2024,1,5.1,5.2,-1.9,rabi,estimated
MOR001,2024,2,5.1,5.2,-1.9,rabi,estimated
MOR001,2024,3,5.1,5.2,-1.9,rabi,estimated
MOR001,2024,4,10.1,10.3,-1.9,summer,estimated
MOR001,2024,5,15.1,15.4,-1.9,summer,estimated
MOR001,2024,6,90.8,92.7,-2.0,kharif,estimated
MOR001,2024,7,176.6,180.2,-2.0,kharif,estimated
MOR001,2024,8,131.2,133.9,-2.0,kharif,estimated
MOR001,2024,9,55.5,56.6,-1.9,kharif,estimated
MOR001,2024,10,15.1,15.4,-1.9,rabi,estimated
MOR001,2024,11,5.1,5.2,-1.9,rabi,estimated
MOR001,2024,12,0.0,0.0,0.0,rabi,estimated
MOR002,2019,1,5.8,5.2,11.5,rabi,estimated
MOR002,2019,2,5.8,5.2,11.5,rabi,estimated
MOR002,2019,3,5.8,5.2,11.5,rabi,estimated
MOR002,2019,4,11.8,10.5,12.4,summer,estimated
MOR002,2019,5,17.7,15.8,12.0,summer,estimated
MOR002,2019,6,105.8,94.5,12.0,kharif,estimated
MOR002,2019,7,205.9,183.8,12.0,kharif,estimated
MOR002,2019,8,152.9,136.5,12.0,kharif,estimated
MOR002,2019,9,64.7,57.8,11.9,kharif,estimated
MOR002,2019,10,17.7,15.8,12.0,rabi,estimated
MOR002,2019,11,5.8,5.2,11.5,rabi,estimated
MOR002,2019,12,0.0,0.0,0.0,rabi,estimated
MOR002,2020,1,5.5,5.2,5.8,rabi,estimated
MOR002,2020,2,5.5,5.2,5.8,rabi,estimated
MOR002,2020,3,5.5,5.2,5.8,rabi,estimated
MOR002,2020,4,11.0,10.5,4.8,summer,estimated
MOR002,2020,5,16.6,15.8,5.1,summer,estimated
MOR002,2020,6,99.2,94.5,5.0,kharif,estimated
MOR002,2020,7,193.0,183.8,5.0,kharif,estimated
MOR002,2020,8,143.3,136.5,5.0,kharif,estimated
MOR002,2020,9,60.7,57.8,5.0,kharif,estimated
MOR002,2020,10,16.6,15.8,5.1,rabi,estimated
MOR002,2020,11,5.5,5.2,5.8,rabi,estimated
MOR002,2020,12,0.0,0.0,0.0,rabi,estimated
MOR002,2021,1,4.6,5.2,-11.5,rabi,estimated
MOR002,2021,2,4.6,5.2,-11.5,rabi,estimated
MOR002,2021,3,4.6,5.2,-11.5,rabi,estimated
MOR002,2021,4,9.2,10.5,-12.4,summer,estimated
MOR002,2021,5,13.9,15.8,-12.0,summer,estimated
MOR002,2021,6,83.2,94.5,-12.0,kharif,estimated
MOR002,2021,7,161.7,183.8,-12.0,kharif,estimated
MOR002,2021,8,120.1,136.5,-12.0,kharif,estimated
MOR002,2021,9,50.9,57.8,-11.9,kharif,estimated
MOR002,2021,10,13.9,15.8,-12.0,rabi,estimated
MOR002,2021,11,4.6,5.2,-11.5,rabi,estimated
MOR002,2021,12,0.0,0.0,0.0,rabi,estimated
MOR002,2022,1,4.9,5.2,-5.8,rabi,estimated
MOR002,2022,2,4.9,5.2,-5.8,rabi,estimated
MOR002,2022,3,4.9,5.2,-5.8,rabi,estimated
MOR002,2022,4,9.9,10.5,-5.7,summer,estimated
MOR002,2022,5,14.9,15.8,-5.7,summer,estimated
MOR002,2022,6,88.8,94.5,-6.0,kharif,estimated
MOR002,2022,7,172.8,183.8,-6.0,kharif,estimated
MOR002,2022,8,128.3,136.5,-6.0,kharif,estimated
MOR002,2022,9,54.3,57.8,-6.1,kharif,estimated
MOR002,2022,10,14.9,15.8,-5.7,rabi,estimated
MOR002,2022,11,4.9,5.2,-5.8,rabi,estimated
MOR002,2022,12,0.0,0.0,0.0,rabi,estimated
MOR002,2023,1,4.3,5.2,-17.3,rabi,estimated
MOR002,2023,2,4.3,5.2,-17.3,rabi,estimated
MOR002,2023,3,4.3,5.2,-17.3,rabi,estimated
MOR002,2023,4,8.6,10.5,-18.1,summer,estimated
MOR002,2023,5,13.0,15.8,-17.7,summer,estimated
MOR002,2023,6,77.5,94.5,-18.0,kharif,estimated
MOR002,2023,7,150.7,183.8,-18.0,kharif,estimated
MOR002,2023,8,111.9,136.5,-18.0,kharif,estimated
MOR002,2023,9,47.4,57.8,-18.0,kharif,estimated
MOR002,2023,10,13.0,15.8,-17.7,rabi,estimated
MOR002,2023,11,4.3,5.2,-17.3,rabi,estimated
MOR002,2023,12,0.0,0.0,0.0,rabi,estimated
MOR002,2024,1,5.1,5.2,-1.9,rabi,estimated
MOR002,2024,2,5.1,5.2,-1.9,rabi,estimated
MOR002,2024,3,5.1,5.2,-1.9,rabi,estimated
MOR002,2024,4,10.3,10.5,-1.9,summer,estimated
MOR002,2024,5,15.5,15.8,-1.9,summer,estimated
MOR002,2024,6,92.6,94.5,-2.0,kharif,estimated
MOR002,2024,7,180.1,183.8,-2.0,kharif,estimated
MOR002,2024,8,133.8,136.5,-2.0,kharif,estimated
MOR002,2024,9,56.6,57.8,-2.1,kharif,estimated
MOR002,2024,10,15.5,15.8,-1.9,rabi,estimated
MOR002,2024,11,5.1,5.2,-1.9,rabi,estimated
MOR002,2024,12,0.0,0.0,0.0,rabi,estimated
MOR003,2019,1,5.5,4.9,12.2,rabi,estimated
MOR003,2019,2,5.5,4.9,12.2,rabi,estimated
MOR003,2019,3,5.5,4.9,12.2,rabi,estimated
MOR003,2019,4,11.0,9.8,12.2,summer,estimated
MOR003,2019,5,16.5,14.7,12.2,summer,estimated
MOR003,2019,6,98.8,88.2,12.0,kharif,estimated
MOR003,2019,7,192.1,171.5,12.0,kharif,estimated
MOR003,2019,8,142.7,127.4,12.0,kharif,estimated
MOR003,2019,9,60.4,53.9,12.1,kharif,estimated
MOR003,2019,10,16.5,14.7,12.2,rabi,estimated
MOR003,2019,11,5.5,4.9,12.2,rabi,estimated
MOR003,2019,12,0.0,0.0,0.0,rabi,estimated
MOR003,2020,1,5.1,4.9,4.1,rabi,estimated
MOR003,2020,2,5.1,4.9,4.1,rabi,estimated
MOR003,2020,3,5.1,4.9,4.1,rabi,estimated
MOR003,2020,4,10.3,9.8,5.1,summer,estimated
MOR003,2020,5,15.4,14.7,4.8,summer,estimated
MOR003,2020,6,92.6,88.2,5.0,kharif,estimated
MOR003,2020,7,180.1,171.5,5.0,kharif,estimated
MOR003,2020,8,133.8,127.4,5.0,kharif,estimated
MOR003,2020,9,56.6,53.9,5.0,kharif,estimated
MOR003,2020,10,15.4,14.7,4.8,rabi,estimated
MOR003,2020,11,5.1,4.9,4.1,rabi,estimated
MOR003,2020,12,0.0,0.0,0.0,rabi,estimated
MOR003,2021,1,4.3,4.9,-12.2,rabi,estimated
MOR003,2021,2,4.3,4.9,-12.2,rabi,estimated
MOR003,2021,3,4.3,4.9,-12.2,rabi,estimated
MOR003,2021,4,8.6,9.8,-12.2,summer,estimated
MOR003,2021,5,12.9,14.7,-12.2,summer,estimated
MOR003,2021,6,77.6,88.2,-12.0,kharif,estimated
MOR003,2021,7,150.9,171.5,-12.0,kharif,estimated
MOR003,2021,8,112.1,127.4,-12.0,kharif,estimated
MOR003,2021,9,47.4,53.9,-12.1,kharif,estimated
MOR003,2021,10,12.9,14.7,-12.2,rabi,estimated
MOR003,2021,11,4.3,4.9,-12.2,rabi,estimated
MOR003,2021,12,0.0,0.0,0.0,rabi,estimated
MOR003,2022,1,4.6,4.9,-6.1,rabi,estimated
MOR003,2022,2,4.6,4.9,-6.1,rabi,estimated
MOR003,2022,3,4.6,4.9,-6.1,rabi,estimated
MOR003,2022,4,9.2,9.8,-6.1,summer,estimated
MOR003,2022,5,13.8,14.7,-6.1,summer,estimated
MOR003,2022,6,82.9,88.2,-6.0,kharif,estimated
MOR003,2022,7,161.2,171.5,-6.0,kharif,estimated
MOR003,2022,8,119.8,127.4,-6.0,kharif,estimated
MOR003,2022,9,50.7,53.9,-5.9,kharif,estimated
MOR003,2022,10,13.8,14.7,-6.1,rabi,estimated
MOR003,2022,11,4.6,4.9,-6.1,rabi,estimated
MOR003,2022,12,0.0,0.0,0.0,rabi,estimated
MOR003,2023,1,4.0,4.9,-18.4,rabi,estimated
MOR003,2023,2,4.0,4.9,-18.4,rabi,estimated
MOR003,2023,3,4.0,4.9,-18.4,rabi,estimated
MOR003,2023,4,8.0,9.8,-18.4,summer,estimated
MOR003,2023,5,12.1,14.7,-17.7,summer,estimated
MOR003,2023,6,72.3,88.2,-18.0,kharif,estimated
MOR003,2023,7,140.6,171.5,-18.0,kharif,estimated
MOR003,2023,8,104.5,127.4,-18.0,kharif,estimated
MOR003,2023,9,44.2,53.9,-18.0,kharif,estimated
MOR003,2023,10,12.1,14.7,-17.7,rabi,estimated
MOR003,2023,11,4.0,4.9,-18.4,rabi,estimated
MOR003,2023,12,0.0,0.0,0.0,rabi,estimated
MOR003,2024,1,4.8,4.9,-2.0,rabi,estimated
MOR003,2024,2,4.8,4.9,-2.0,rabi,estimated
MOR003,2024,3,4.8,4.9,-2.0,rabi,estimated
MOR003,2024,4,9.6,9.8,-2.0,summer,estimated
MOR003,2024,5,14.4,14.7,-2.0,summer,estimated
MOR003,2024,6,86.4,88.2,-2.0,kharif,estimated
MOR003,2024,7,168.1,171.5,-2.0,kharif,estimated
MOR003,2024,8,124.9,127.4,-2.0,kharif,estimated
MOR003,2024,9,52.8,53.9,-2.0,kharif,estimated
MOR003,2024,10,14.4,14.7,-2.0,rabi,estimated
MOR003,2024,11,4.8,4.9,-2.0,rabi,estimated
MOR003,2024,12,0.0,0.0,0.0,rabi,estimated
MOR004,2019,1,5.3,4.7,12.8,rabi,estimated
MOR004,2019,2,5.3,4.7,12.8,rabi,estimated
MOR004,2019,3,5.3,4.7,12.8,rabi,estimated
MOR004,2019,4,10.5,9.4,11.7,summer,estimated
MOR004,2019,5,15.8,14.1,12.1,summer,estimated
MOR004,2019,6,94.8,84.6,12.1,kharif,estimated
MOR004,2019,7,184.2,164.5,12.0,kharif,estimated
MOR004,2019,8,136.9,122.2,12.0,kharif,estimated
MOR004,2019,9,57.9,51.7,12.0,kharif,estimated
MOR004,2019,10,15.8,14.1,12.1,rabi,estimated
MOR004,2019,11,5.3,4.7,12.8,rabi,estimated
MOR004,2019,12,0.0,0.0,0.0,rabi,estimated
MOR004,2020,1,4.9,4.7,4.3,rabi,estimated
MOR004,2020,2,4.9,4.7,4.3,rabi,estimated
MOR004,2020,3,4.9,4.7,4.3,rabi,estimated
MOR004,2020,4,9.9,9.4,5.3,summer,estimated
MOR004,2020,5,14.8,14.1,5.0,summer,estimated
MOR004,2020,6,88.8,84.6,5.0,kharif,estimated
MOR004,2020,7,172.7,164.5,5.0,kharif,estimated
MOR004,2020,8,128.3,122.2,5.0,kharif,estimated
MOR004,2020,9,54.3,51.7,5.0,kharif,estimated
MOR004,2020,10,14.8,14.1,5.0,rabi,estimated
MOR004,2020,11,4.9,4.7,4.3,rabi,estimated
MOR004,2020,12,0.0,0.0,0.0,rabi,estimated
MOR004,2021,1,4.1,4.7,-12.8,rabi,estimated
MOR004,2021,2,4.1,4.7,-12.8,rabi,estimated
MOR004,2021,3,4.1,4.7,-12.8,rabi,estimated
MOR004,2021,4,8.3,9.4,-11.7,summer,estimated
MOR004,2021,5,12.4,14.1,-12.1,summer,estimated
MOR004,2021,6,74.4,84.6,-12.1,kharif,estimated
MOR004,2021,7,144.8,164.5,-12.0,kharif,estimated
MOR004,2021,8,107.5,122.2,-12.0,kharif,estimated
MOR004,2021,9,45.5,51.7,-12.0,kharif,estimated
MOR004,2021,10,12.4,14.1,-12.1,rabi,estimated
MOR004,2021,11,4.1,4.7,-12.8,rabi,estimated
MOR004,2021,12,0.0,0.0,0.0,rabi,estimated
MOR004,2022,1,4.4,4.7,-6.4,rabi,estimated
MOR004,2022,2,4.4,4.7,-6.4,rabi,estimated
MOR004,2022,3,4.4,4.7,-6.4,rabi,estimated
MOR004,2022,4,8.8,9.4,-6.4,summer,estimated
MOR004,2022,5,13.3,14.1,-5.7,summer,estimated
MOR004,2022,6,79.5,84.6,-6.0,kharif,estimated
MOR004,2022,7,154.6,164.5,-6.0,kharif,estimated
MOR004,2022,8,114.9,122.2,-6.0,kharif,estimated
MOR004,2022,9,48.6,51.7,-6.0,kharif,estimated
MOR004,2022,10,13.3,14.1,-5.7,rabi,estimated
MOR004,2022,11,4.4,4.7,-6.4,rabi,estimated
MOR004,2022,12,0.0,0.0,0.0,rabi,estimated
MOR004,2023,1,3.9,4.7,-17.0,rabi,estimated
MOR004,2023,2,3.9,4.7,-17.0,rabi,estimated
MOR004,2023,3,3.9,4.7,-17.0,rabi,estimated
MOR004,2023,4,7.7,9.4,-18.1,summer,estimated
MOR004,2023,5,11.6,14.1,-17.7,summer,estimated
MOR004,2023,6,69.4,84.6,-18.0,kharif,estimated
MOR004,2023,7,134.9,164.5,-18.0,kharif,estimated
MOR004,2023,8,100.2,122.2,-18.0,kharif,estimated
MOR004,2023,9,42.4,51.7,-18.0,kharif,estimated
MOR004,2023,10,11.6,14.1,-17.7,rabi,estimated
MOR004,2023,11,3.9,4.7,-17.0,rabi,estimated
MOR004,2023,12,0.0,0.0,0.0,rabi,estimated
MOR004,2024,1,4.6,4.7,-2.1,rabi,estimated
MOR004,2024,2,4.6,4.7,-2.1,rabi,estimated
MOR004,2024,3,4.6,4.7,-2.1,rabi,estimated
MOR004,2024,4,9.2,9.4,-2.1,summer,estimated
MOR004,2024,5,13.8,14.1,-2.1,summer,estimated
MOR004,2024,6,82.9,84.6,-2.0,kharif,estimated
MOR004,2024,7,161.2,164.5,-2.0,kharif,estimated
MOR004,2024,8,119.8,122.2,-2.0,kharif,estimated
MOR004,2024,9,50.7,51.7,-1.9,kharif,estimated
MOR004,2024,10,13.8,14.1,-2.1,rabi,estimated
MOR004,2024,11,4.6,4.7,-2.1,rabi,estimated
MOR004,2024,12,0.0,0.0,0.0,rabi,estimated
PBD001,2019,1,8.0,7.1,12.7,rabi,estimated
PBD001,2019,2,8.0,7.1,12.7,rabi,estimated
PBD001,2019,3,8.0,7.1,12.7,rabi,estimated
PBD001,2019,4,15.9,14.2,12.0,summer,estimated
PBD001,2019,5,23.9,21.3,12.2,summer,estimated
PBD001,2019,6,143.1,127.8,12.0,kharif,estimated
PBD001,2019,7,278.3,248.5,12.0,kharif,estimated
PBD001,2019,8,206.8,184.6,12.0,kharif,estimated
PBD001,2019,9,87.5,78.1,12.0,kharif,estimated
PBD001,2019,10,23.9,21.3,12.2,rabi,estimated
PBD001,2019,11,8.0,7.1,12.7,rabi,estimated
PBD001,2019,12,0.0,0.0,0.0,rabi,estimated
PBD001,2020,1,7.5,7.1,5.6,rabi,estimated
PBD001,2020,2,7.5,7.1,5.6,rabi,estimated
PBD001,2020,3,7.5,7.1,5.6,rabi,estimated
PBD001,2020,4,14.9,14.2,4.9,summer,estimated
PBD001,2020,5,22.4,21.3,5.2,summer,estimated
PBD001,2020,6,134.2,127.8,5.0,kharif,estimated
PBD001,2020,7,260.9,248.5,5.0,kharif,estimated
PBD001,2020,8,193.8,184.6,5.0,kharif,estimated
PBD001,2020,9,82.0,78.1,5.0,kharif,estimated
PBD001,2020,10,22.4,21.3,5.2,rabi,estimated
PBD001,2020,11,7.5,7.1,5.6,rabi,estimated
PBD001,2020,12,0.0,0.0,0.0,rabi,estimated
PBD001,2021,1,6.2,7.1,-12.7,rabi,estimated
PBD001,2021,2,6.2,7.1,-12.7,rabi,estimated
PBD001,2021,3,6.2,7.1,-12.7,rabi,estimated
PBD001,2021,4,12.5,14.2,-12.0,summer,estimated
PBD001,2021,5,18.7,21.3,-12.2,summer,estimated
PBD001,2021,6,112.5,127.8,-12.0,kharif,estimated
PBD001,2021,7,218.7,248.5,-12.0,kharif,estimated
PBD001,2021,8,162.4,184.6,-12.0,kharif,estimated
PBD001,2021,9,68.7,78.1,-12.0,kharif,estimated
PBD001,2021,10,18.7,21.3,-12.2,rabi,estimated
PBD001,2021,11,6.2,7.1,-12.7,rabi,estimated
PBD001,2021,12,0.0,0.0,0.0,rabi,estimated
PBD001,2022,1,6.7,7.1,-5.6,rabi,estimated
PBD001,2022,2,6.7,7.1,-5.6,rabi,estimated
PBD001,2022,3,6.7,7.1,-5.6,rabi,estimated
PBD001,2022,4,13.3,14.2,-6.3,summer,estimated
PBD001,2022,5,20.0,21.3,-6.1,summer,estimated
PBD001,2022,6,120.1,127.8,-6.0,kharif,estimated
PBD001,2022,7,233.6,248.5,-6.0,kharif,estimated
PBD001,2022,8,173.5,184.6,-6.0,kharif,estimated
PBD001,2022,9,73.4,78.1,-6.0,kharif,estimated
PBD001,2022,10,20.0,21.3,-6.1,rabi,estimated
PBD001,2022,11,6.7,7.1,-5.6,rabi,estimated
PBD001,2022,12,0.0,0.0,0.0,rabi,estimated
PBD001,2023,1,5.8,7.1,-18.3,rabi,estimated
PBD001,2023,2,5.8,7.1,-18.3,rabi,estimated
PBD001,2023,3,5.8,7.1,-18.3,rabi,estimated
PBD001,2023,4,11.6,14.2,-18.3,summer,estimated
PBD001,2023,5,17.5,21.3,-17.8,summer,estimated
PBD001,2023,6,104.8,127.8,-18.0,kharif,estimated
PBD001,2023,7,203.8,248.5,-18.0,kharif,estimated
PBD001,2023,8,151.4,184.6,-18.0,kharif,estimated
PBD001,2023,9,64.0,78.1,-18.1,kharif,estimated
PBD001,2023,10,17.5,21.3,-17.8,rabi,estimated
PBD001,2023,11,5.8,7.1,-18.3,rabi,estimated
PBD001,2023,12,0.0,0.0,0.0,rabi,estimated
PBD001,2024,1,7.0,7.1,-1.4,rabi,estimated
PBD001,2024,2,7.0,7.1,-1.4,rabi,estimated
PBD001,2024,3,7.0,7.1,-1.4,rabi,estimated
PBD001,2024,4,13.9,14.2,-2.1,summer,estimated
PBD001,2024,5,20.9,21.3,-1.9,summer,estimated
PBD001,2024,6,125.2,127.8,-2.0,kharif,estimated
PBD001,2024,7,243.5,248.5,-2.0,kharif,estimated
PBD001,2024,8,180.9,184.6,-2.0,kharif,estimated
PBD001,2024,9,76.5,78.1,-2.0,kharif,estimated
PBD001,2024,10,20.9,21.3,-1.9,rabi,estimated
PBD001,2024,11,7.0,7.1,-1.4,rabi,estimated
PBD001,2024,12,0.0,0.0,0.0,rabi,estimated
PBD002,2019,1,8.1,7.2,12.5,rabi,estimated
PBD002,2019,2,8.1,7.2,12.5,rabi,estimated
PBD002,2019,3,8.1,7.2,12.5,rabi,estimated
PBD002,2019,4,16.2,14.5,11.7,summer,estimated
PBD002,2019,5,24.4,21.8,11.9,summer,estimated
PBD002,2019,6,146.2,130.5,12.0,kharif,estimated
PBD002,2019,7,284.1,253.7,12.0,kharif,estimated
PBD002,2019,8,211.1,188.5,12.0,kharif,estimated
PBD002,2019,9,89.4,79.8,12.0,kharif,estimated
PBD002,2019,10,24.4,21.8,11.9,rabi,estimated
PBD002,2019,11,8.1,7.2,12.5,rabi,estimated
PBD002,2019,12,0.0,0.0,0.0,rabi,estimated
PBD002,2020,1,7.6,7.2,5.6,rabi,estimated
PBD002,2020,2,7.6,7.2,5.6,rabi,estimated
PBD002,2020,3,7.6,7.2,5.6,rabi,estimated
PBD002,2020,4,15.2,14.5,4.8,summer,estimated
PBD002,2020,5,22.9,21.8,5.0,summer,estimated
PBD002,2020,6,137.0,130.5,5.0,kharif,estimated
PBD002,2020,7,266.4,253.7,5.0,kharif,estimated
PBD002,2020,8,197.9,188.5,5.0,kharif,estimated
PBD002,2020,9,83.8,79.8,5.0,kharif,estimated
PBD002,2020,10,22.9,21.8,5.0,rabi,estimated
PBD002,2020,11,7.6,7.2,5.6,rabi,estimated
PBD002,2020,12,0.0,0.0,0.0,rabi,estimated
PBD002,2021,1,6.3,7.2,-12.5,rabi,estimated
PBD002,2021,2,6.3,7.2,-12.5,rabi,estimated
PBD002,2021,3,6.3,7.2,-12.5,rabi,estimated
PBD002,2021,4,12.8,14.5,-11.7,summer,estimated
PBD002,2021,5,19.2,21.8,-11.9,summer,estimated
PBD002,2021,6,114.8,130.5,-12.0,kharif,estimated
PBD002,2021,7,223.3,253.7,-12.0,kharif,estimated
PBD002,2021,8,165.9,188.5,-12.0,kharif,estimated
PBD002,2021,9,70.2,79.8,-12.0,kharif,estimated
PBD002,2021,10,19.2,21.8,-11.9,rabi,estimated
PBD002,2021,11,6.3,7.2,-12.5,rabi,estimated
PBD002,2021,12,0.0,0.0,0.0,rabi,estimated
PBD002,2022,1,6.8,7.2,-5.6,rabi,estimated
PBD002,2022,2,6.8,7.2,-5.6,rabi,estimated
PBD002,2022,3,6.8,7.2,-5.6,rabi,estimated
PBD002,2022,4,13.6,14.5,-6.2,summer,estimated
PBD002,2022,5,20.5,21.8,-6.0,summer,estimated
PBD002,2022,6,122.7,130.5,-6.0,kharif,estimated
PBD002,2022,7,238.5,253.7,-6.0,kharif,estimated
PBD002,2022,8,177.2,188.5,-6.0,kharif,estimated
PBD002,2022,9,75.0,79.8,-6.0,kharif,estimated
PBD002,2022,10,20.5,21.8,-6.0,rabi,estimated
PBD002,2022,11,6.8,7.2,-5.6,rabi,estimated
PBD002,2022,12,0.0,0.0,0.0,rabi,estimated
PBD002,2023,1,5.9,7.2,-18.1,rabi,estimated
PBD002,2023,2,5.9,7.2,-18.1,rabi,estimated
PBD002,2023,3,5.9,7.2,-18.1,rabi,estimated
PBD002,2023,4,11.9,14.5,-17.9,summer,estimated
PBD002,2023,5,17.9,21.8,-17.9,summer,estimated
PBD002,2023,6,107.0,130.5,-18.0,kharif,estimated
PBD002,2023,7,208.0,253.7,-18.0,kharif,estimated
PBD002,2023,8,154.6,188.5,-18.0,kharif,estimated
PBD002,2023,9,65.4,79.8,-18.0,kharif,estimated
PBD002,2023,10,17.9,21.8,-17.9,rabi,estimated
PBD002,2023,11,5.9,7.2,-18.1,rabi,estimated
PBD002,2023,12,0.0,0.0,0.0,rabi,estimated
PBD002,2024,1,7.1,7.2,-1.4,rabi,estimated
PBD002,2024,2,7.1,7.2,-1.4,rabi,estimated
PBD002,2024,3,7.1,7.2,-1.4,rabi,estimated
PBD002,2024,4,14.2,14.5,-2.1,summer,estimated
PBD002,2024,5,21.4,21.8,-1.8,summer,estimated
PBD002,2024,6,127.9,130.5,-2.0,kharif,estimated
PBD002,2024,7,248.6,253.7,-2.0,kharif,estimated
PBD002,2024,8,184.7,188.5,-2.0,kharif,estimated
PBD002,2024,9,78.2,79.8,-2.0,kharif,estimated
PBD002,2024,10,21.4,21.8,-1.8,rabi,estimated
PBD002,2024,11,7.1,7.2,-1.4,rabi,estimated
PBD002,2024,12,0.0,0.0,0.0,rabi,estimated
PBD003,2019,1,8.3,7.4,12.2,rabi,estimated
PBD003,2019,2,8.3,7.4,12.2,rabi,estimated
PBD003,2019,3,8.3,7.4,12.2,rabi,estimated
PBD003,2019,4,16.6,14.8,12.2,summer,estimated
PBD003,2019,5,24.9,22.2,12.2,summer,estimated
PBD003,2019,6,149.2,133.2,12.0,kharif,estimated
PBD003,2019,7,290.1,259.0,12.0,kharif,estimated
PBD003,2019,8,215.5,192.4,12.0,kharif,estimated
PBD003,2019,9,91.2,81.4,12.0,kharif,estimated
PBD003,2019,10,24.9,22.2,12.2,rabi,estimated
PBD003,2019,11,8.3,7.4,12.2,rabi,estimated
PBD003,2019,12,0.0,0.0,0.0,rabi,estimated
PBD003,2020,1,7.8,7.4,5.4,rabi,estimated
PBD003,2020,2,7.8,7.4,5.4,rabi,estimated
PBD003,2020,3,7.8,7.4,5.4,rabi,estimated
PBD003,2020,4,15.5,14.8,4.7,summer,estimated
PBD003,2020,5,23.3,22.2,5.0,summer,estimated
PBD003,2020,6,139.9,133.2,5.0,kharif,estimated
PBD003,2020,7,271.9,259.0,5.0,kharif,estimated
PBD003,2020,8,202.0,192.4,5.0,kharif,estimated
PBD003,2020,9,85.5,81.4,5.0,kharif,estimated
PBD003,2020,10,23.3,22.2,5.0,rabi,estimated
PBD003,2020,11,7.8,7.4,5.4,rabi,estimated
PBD003,2020,12,0.0,0.0,0.0,rabi,estimated
PBD003,2021,1,6.5,7.4,-12.2,rabi,estimated
PBD003,2021,2,6.5,7.4,-12.2,rabi,estimated
PBD003,2021,3,6.5,7.4,-12.2,rabi,estimated
PBD003,2021,4,13.0,14.8,-12.2,summer,estimated
PBD003,2021,5,19.5,22.2,-12.2,summer,estimated
PBD003,2021,6,117.2,133.2,-12.0,kharif,estimated
PBD003,2021,7,227.9,259.0,-12.0,kharif,estimated
PBD003,2021,8,169.3,192.4,-12.0,kharif,estimated
PBD003,2021,9,71.6,81.4,-12.0,kharif,estimated
PBD003,2021,10,19.5,22.2,-12.2,rabi,estimated
PBD003,2021,11,6.5,7.4,-12.2,rabi,estimated
PBD003,2021,12,0.0,0.0,0.0,rabi,estimated
PBD003,2022,1,7.0,7.4,-5.4,rabi,estimated
PBD003,2022,2,7.0,7.4,-5.4,rabi,estimated
PBD003,2022,3,7.0,7.4,-5.4,rabi,estimated
PBD003,2022,4,13.9,14.8,-6.1,summer,estimated
PBD003,2022,5,20.9,22.2,-5.9,summer,estimated
PBD003,2022,6,125.2,133.2,-6.0,kharif,estimated
PBD003,2022,7,243.5,259.0,-6.0,kharif,estimated
PBD003,2022,8,180.9,192.4,-6.0,kharif,estimated
PBD003,2022,9,76.5,81.4,-6.0,kharif,estimated
PBD003,2022,10,20.9,22.2,-5.9,rabi,estimated
PBD003,2022,11,7.0,7.4,-5.4,rabi,estimated
PBD003,2022,12,0.0,0.0,0.0,rabi,estimated
PBD003,2023,1,6.1,7.4,-17.6,rabi,estimated
PBD003,2023,2,6.1,7.4,-17.6,rabi,estimated
PBD003,2023,3,6.1,7.4,-17.6,rabi,estimated
PBD003,2023,4,12.1,14.8,-18.2,summer,estimated
PBD003,2023,5,18.2,22.2,-18.0,summer,estimated
PBD003,2023,6,109.2,133.2,-18.0,kharif,estimated
PBD003,2023,7,212.4,259.0,-18.0,kharif,estimated
PBD003,2023,8,157.8,192.4,-18.0,kharif,estimated
PBD003,2023,9,66.7,81.4,-18.1,kharif,estimated
PBD003,2023,10,18.2,22.2,-18.0,rabi,estimated
PBD003,2023,11,6.1,7.4,-17.6,rabi,estimated
PBD003,2023,12,0.0,0.0,0.0,rabi,estimated
PBD003,2024,1,7.3,7.4,-1.4,rabi,estimated
PBD003,2024,2,7.3,7.4,-1.4,rabi,estimated
PBD003,2024,3,7.3,7.4,-1.4,rabi,estimated
PBD003,2024,4,14.5,14.8,-2.0,summer,estimated
PBD003,2024,5,21.8,22.2,-1.8,summer,estimated
PBD003,2024,6,130.5,133.2,-2.0,kharif,estimated
PBD003,2024,7,253.8,259.0,-2.0,kharif,estimated
PBD003,2024,8,188.6,192.4,-2.0,kharif,estimated
PBD003,2024,9,79.8,81.4,-2.0,kharif,estimated
PBD003,2024,10,21.8,22.2,-1.8,rabi,estimated
PBD003,2024,11,7.3,7.4,-1.4,rabi,estimated
PBD003,2024,12,0.0,0.0,0.0,rabi,estimated
DWK001,2019,1,6.6,5.9,11.9,rabi,estimated
DWK001,2019,2,6.6,5.9,11.9,rabi,estimated
DWK001,2019,3,6.6,5.9,11.9,rabi,estimated
DWK001,2019,4,13.2,11.8,11.9,summer,estimated
DWK001,2019,5,19.8,17.7,11.9,summer,estimated
DWK001,2019,6,118.9,106.2,12.0,kharif,estimated
DWK001,2019,7,231.3,206.5,12.0,kharif,estimated
DWK001,2019,8,171.8,153.4,12.0,kharif,estimated
DWK001,2019,9,72.7,64.9,12.0,kharif,estimated
DWK001,2019,10,19.8,17.7,11.9,rabi,estimated
DWK001,2019,11,6.6,5.9,11.9,rabi,estimated
DWK001,2019,12,0.0,0.0,0.0,rabi,estimated
DWK001,2020,1,6.2,5.9,5.1,rabi,estimated
DWK001,2020,2,6.2,5.9,5.1,rabi,estimated
DWK001,2020,3,6.2,5.9,5.1,rabi,estimated
DWK001,2020,4,12.4,11.8,5.1,summer,estimated
DWK001,2020,5,18.6,17.7,5.1,summer,estimated
DWK001,2020,6,111.5,106.2,5.0,kharif,estimated
DWK001,2020,7,216.8,206.5,5.0,kharif,estimated
DWK001,2020,8,161.1,153.4,5.0,kharif,estimated
DWK001,2020,9,68.1,64.9,4.9,kharif,estimated
DWK001,2020,10,18.6,17.7,5.1,rabi,estimated
DWK001,2020,11,6.2,5.9,5.1,rabi,estimated
DWK001,2020,12,0.0,0.0,0.0,rabi,estimated
DWK001,2021,1,5.2,5.9,-11.9,rabi,estimated
DWK001,2021,2,5.2,5.9,-11.9,rabi,estimated
DWK001,2021,3,5.2,5.9,-11.9,rabi,estimated
DWK001,2021,4,10.4,11.8,-11.9,summer,estimated
DWK001,2021,5,15.6,17.7,-11.9,summer,estimated
DWK001,2021,6,93.5,106.2,-12.0,kharif,estimated
DWK001,2021,7,181.7,206.5,-12.0,kharif,estimated
DWK001,2021,8,135.0,153.4,-12.0,kharif,estimated
DWK001,2021,9,57.1,64.9,-12.0,kharif,estimated
DWK001,2021,10,15.6,17.7,-11.9,rabi,estimated
DWK001,2021,11,5.2,5.9,-11.9,rabi,estimated
DWK001,2021,12,0.0,0.0,0.0,rabi,estimated
DWK001,2022,1,5.5,5.9,-6.8,rabi,estimated
DWK001,2022,2,5.5,5.9,-6.8,rabi,estimated
DWK001,2022,3,5.5,5.9,-6.8,rabi,estimated
DWK001,2022,4,11.1,11.8,-5.9,summer,estimated
DWK001,2022,5,16.6,17.7,-6.2,summer,estimated
DWK001,2022,6,99.8,106.2,-6.0,kharif,estimated
DWK001,2022,7,194.1,206.5,-6.0,kharif,estimated
DWK001,2022,8,144.2,153.4,-6.0,kharif,estimated
DWK001,2022,9,61.0,64.9,-6.0,kharif,estimated
DWK001,2022,10,16.6,17.7,-6.2,rabi,estimated
DWK001,2022,11,5.5,5.9,-6.8,rabi,estimated
DWK001,2022,12,0.0,0.0,0.0,rabi,estimated
DWK001,2023,1,4.8,5.9,-18.6,rabi,estimated
DWK001,2023,2,4.8,5.9,-18.6,rabi,estimated
DWK001,2023,3,4.8,5.9,-18.6,rabi,estimated
DWK001,2023,4,9.7,11.8,-17.8,summer,estimated
DWK001,2023,5,14.5,17.7,-18.1,summer,estimated
DWK001,2023,6,87.1,106.2,-18.0,kharif,estimated
DWK001,2023,7,169.3,206.5,-18.0,kharif,estimated
DWK001,2023,8,125.8,153.4,-18.0,kharif,estimated
DWK001,2023,9,53.2,64.9,-18.0,kharif,estimated
DWK001,2023,10,14.5,17.7,-18.1,rabi,estimated
DWK001,2023,11,4.8,5.9,-18.6,rabi,estimated
DWK001,2023,12,0.0,0.0,0.0,rabi,estimated
DWK001,2024,1,5.8,5.9,-1.7,rabi,estimated
DWK001,2024,2,5.8,5.9,-1.7,rabi,estimated
DWK001,2024,3,5.8,5.9,-1.7,rabi,estimated
DWK001,2024,4,11.6,11.8,-1.7,summer,estimated
DWK001,2024,5,17.3,17.7,-2.3,summer,estimated
DWK001,2024,6,104.1,106.2,-2.0,kharif,estimated
DWK001,2024,7,202.4,206.5,-2.0,kharif,estimated
DWK001,2024,8,150.3,153.4,-2.0,kharif,estimated
DWK001,2024,9,63.6,64.9,-2.0,kharif,estimated
DWK001,2024,10,17.3,17.7,-2.3,rabi,estimated
DWK001,2024,11,5.8,5.9,-1.7,rabi,estimated
DWK001,2024,12,0.0,0.0,0.0,rabi,estimated
DWK002,2019,1,6.7,6.0,11.7,rabi,estimated
DWK002,2019,2,6.7,6.0,11.7,rabi,estimated
DWK002,2019,3,6.7,6.0,11.7,rabi,estimated
DWK002,2019,4,13.6,12.1,12.4,summer,estimated
DWK002,2019,5,20.3,18.1,12.2,summer,estimated
DWK002,2019,6,122.0,108.9,12.0,kharif,estimated
DWK002,2019,7,237.2,211.8,12.0,kharif,estimated
DWK002,2019,8,176.2,157.3,12.0,kharif,estimated
DWK002,2019,9,74.5,66.5,12.0,kharif,estimated
DWK002,2019,10,20.3,18.1,12.2,rabi,estimated
DWK002,2019,11,6.7,6.0,11.7,rabi,estimated
DWK002,2019,12,0.0,0.0,0.0,rabi,estimated
DWK002,2020,1,6.3,6.0,5.0,rabi,estimated
DWK002,2020,2,6.3,6.0,5.0,rabi,estimated
DWK002,2020,3,6.3,6.0,5.0,rabi,estimated
DWK002,2020,4,12.7,12.1,5.0,summer,estimated
DWK002,2020,5,19.0,18.1,5.0,summer,estimated
DWK002,2020,6,114.3,108.9,5.0,kharif,estimated
DWK002,2020,7,222.4,211.8,5.0,kharif,estimated
DWK002,2020,8,165.2,157.3,5.0,kharif,estimated
DWK002,2020,9,69.8,66.5,5.0,kharif,estimated
DWK002,2020,10,19.0,18.1,5.0,rabi,estimated
DWK002,2020,11,6.3,6.0,5.0,rabi,estimated
DWK002,2020,12,0.0,0.0,0.0,rabi,estimated
DWK002,2021,1,5.3,6.0,-11.7,rabi,estimated
DWK002,2021,2,5.3,6.0,-11.7,rabi,estimated
DWK002,2021,3,5.3,6.0,-11.7,rabi,estimated
DWK002,2021,4,10.6,12.1,-12.4,summer,estimated
DWK002,2021,5,15.9,18.1,-12.2,summer,estimated
DWK002,2021,6,95.8,108.9,-12.0,kharif,estimated
DWK002,2021,7,186.4,211.8,-12.0,kharif,estimated
DWK002,2021,8,138.4,157.3,-12.0,kharif,estimated
DWK002,2021,9,58.5,66.5,-12.0,kharif,estimated
DWK002,2021,10,15.9,18.1,-12.2,rabi,estimated
DWK002,2021,11,5.3,6.0,-11.7,rabi,estimated
DWK002,2021,12,0.0,0.0,0.0,rabi,estimated
DWK002,2022,1,5.6,6.0,-6.7,rabi,estimated
DWK002,2022,2,5.6,6.0,-6.7,rabi,estimated
DWK002,2022,3,5.6,6.0,-6.7,rabi,estimated
DWK002,2022,4,11.4,12.1,-5.8,summer,estimated
DWK002,2022,5,17.0,18.1,-6.1,summer,estimated
DWK002,2022,6,102.4,108.9,-6.0,kharif,estimated
DWK002,2022,7,199.1,211.8,-6.0,kharif,estimated
DWK002,2022,8,147.9,157.3,-6.0,kharif,estimated
DWK002,2022,9,62.5,66.5,-6.0,kharif,estimated
DWK002,2022,10,17.0,18.1,-6.1,rabi,estimated
DWK002,2022,11,5.6,6.0,-6.7,rabi,estimated
DWK002,2022,12,0.0,0.0,0.0,rabi,estimated
DWK002,2023,1,4.9,6.0,-18.3,rabi,estimated
DWK002,2023,2,4.9,6.0,-18.3,rabi,estimated
DWK002,2023,3,4.9,6.0,-18.3,rabi,estimated
DWK002,2023,4,9.9,12.1,-18.2,summer,estimated
DWK002,2023,5,14.8,18.1,-18.2,summer,estimated
DWK002,2023,6,89.3,108.9,-18.0,kharif,estimated
DWK002,2023,7,173.7,211.8,-18.0,kharif,estimated
DWK002,2023,8,129.0,157.3,-18.0,kharif,estimated
DWK002,2023,9,54.5,66.5,-18.0,kharif,estimated
DWK002,2023,10,14.8,18.1,-18.2,rabi,estimated
DWK002,2023,11,4.9,6.0,-18.3,rabi,estimated
DWK002,2023,12,0.0,0.0,0.0,rabi,estimated
DWK002,2024,1,5.9,6.0,-1.7,rabi,estimated
DWK002,2024,2,5.9,6.0,-1.7,rabi,estimated
DWK002,2024,3,5.9,6.0,-1.7,rabi,estimated
DWK002,2024,4,11.9,12.1,-1.7,summer,estimated
DWK002,2024,5,17.7,18.1,-2.2,summer,estimated
DWK002,2024,6,106.7,108.9,-2.0,kharif,estimated
DWK002,2024,7,207.6,211.8,-2.0,kharif,estimated
DWK002,2024,8,154.2,157.3,-2.0,kharif,estimated
DWK002,2024,9,65.2,66.5,-2.0,kharif,estimated
DWK002,2024,10,17.7,18.1,-2.2,rabi,estimated
DWK002,2024,11,5.9,6.0,-1.7,rabi,estimated
DWK002,2024,12,0.0,0.0,0.0,rabi,estimated
DWK003,2019,1,6.9,6.2,11.3,rabi,estimated
DWK003,2019,2,6.9,6.2,11.3,rabi,estimated
DWK003,2019,3,6.9,6.2,11.3,rabi,estimated
DWK003,2019,4,13.8,12.3,12.2,summer,estimated
DWK003,2019,5,20.6,18.4,12.0,summer,estimated
DWK003,2019,6,124.0,110.7,12.0,kharif,estimated
DWK003,2019,7,241.0,215.2,12.0,kharif,estimated
DWK003,2019,8,179.1,159.9,12.0,kharif,estimated
DWK003,2019,9,75.8,67.7,12.0,kharif,estimated
DWK003,2019,10,20.6,18.4,12.0,rabi,estimated
DWK003,2019,11,6.9,6.2,11.3,rabi,estimated
DWK003,2019,12,0.0,0.0,0.0,rabi,estimated
DWK003,2020,1,6.5,6.2,4.8,rabi,estimated
DWK003,2020,2,6.5,6.2,4.8,rabi,estimated
DWK003,2020,3,6.5,6.2,4.8,rabi,estimated
DWK003,2020,4,12.9,12.3,4.9,summer,estimated
DWK003,2020,5,19.3,18.4,4.9,summer,estimated
DWK003,2020,6,116.2,110.7,5.0,kharif,estimated
DWK003,2020,7,226.0,215.2,5.0,kharif,estimated
DWK003,2020,8,167.9,159.9,5.0,kharif,estimated
DWK003,2020,9,71.1,67.7,5.0,kharif,estimated
DWK003,2020,10,19.3,18.4,4.9,rabi,estimated
DWK003,2020,11,6.5,6.2,4.8,rabi,estimated
DWK003,2020,12,0.0,0.0,0.0,rabi,estimated
DWK003,2021,1,5.5,6.2,-11.3,rabi,estimated
DWK003,2021,2,5.5,6.2,-11.3,rabi,estimated
DWK003,2021,3,5.5,6.2,-11.3,rabi,estimated
DWK003,2021,4,10.8,12.3,-12.2,summer,estimated
DWK003,2021,5,16.2,18.4,-12.0,summer,estimated
DWK003,2021,6,97.4,110.7,-12.0,kharif,estimated
DWK003,2021,7,189.4,215.2,-12.0,kharif,estimated
DWK003,2021,8,140.7,159.9,-12.0,kharif,estimated
DWK003,2021,9,59.6,67.7,-12.0,kharif,estimated
DWK003,2021,10,16.2,18.4,-12.0,rabi,estimated
DWK003,2021,11,5.5,6.2,-11.3,rabi,estimated
DWK003,2021,12,0.0,0.0,0.0,rabi,estimated
DWK003,2022,1,5.8,6.2,-6.5,rabi,estimated
DWK003,2022,2,5.8,6.2,-6.5,rabi,estimated
DWK003,2022,3,5.8,6.2,-6.5,rabi,estimated
DWK003,2022,4,11.6,12.3,-5.7,summer,estimated
DWK003,2022,5,17.3,18.4,-6.0,summer,estimated
DWK003,2022,6,104.1,110.7,-6.0,kharif,estimated
DWK003,2022,7,202.3,215.2,-6.0,kharif,estimated
DWK003,2022,8,150.3,159.9,-6.0,kharif,estimated
DWK003,2022,9,63.6,67.7,-6.1,kharif,estimated
DWK003,2022,10,17.3,18.4,-6.0,rabi,estimated
DWK003,2022,11,5.8,6.2,-6.5,rabi,estimated
DWK003,2022,12,0.0,0.0,0.0,rabi,estimated
DWK003,2023,1,5.1,6.2,-17.7,rabi,estimated
DWK003,2023,2,5.1,6.2,-17.7,rabi,estimated
DWK003,2023,3,5.1,6.2,-17.7,rabi,estimated
DWK003,2023,4,10.1,12.3,-17.9,summer,estimated
DWK003,2023,5,15.1,18.4,-17.9,summer,estimated
DWK003,2023,6,90.8,110.7,-18.0,kharif,estimated
DWK003,2023,7,176.5,215.2,-18.0,kharif,estimated
DWK003,2023,8,131.1,159.9,-18.0,kharif,estimated
DWK003,2023,9,55.5,67.7,-18.0,kharif,estimated
DWK003,2023,10,15.1,18.4,-17.9,rabi,estimated
DWK003,2023,11,5.1,6.2,-17.7,rabi,estimated
DWK003,2023,12,0.0,0.0,0.0,rabi,estimated
DWK003,2024,1,6.1,6.2,-1.6,rabi,estimated
DWK003,2024,2,6.1,6.2,-1.6,rabi,estimated
DWK003,2024,3,6.1,6.2,-1.6,rabi,estimated
DWK003,2024,4,12.1,12.3,-1.6,summer,estimated
DWK003,2024,5,18.0,18.4,-2.2,summer,estimated
DWK003,2024,6,108.5,110.7,-2.0,kharif,estimated
DWK003,2024,7,210.9,215.2,-2.0,kharif,estimated
DWK003,2024,8,156.7,159.9,-2.0,kharif,estimated
DWK003,2024,9,66.3,67.7,-2.1,kharif,estimated
DWK003,2024,10,18.0,18.4,-2.2,rabi,estimated
DWK003,2024,11,6.1,6.2,-1.6,rabi,estimated
DWK003,2024,12,0.0,0.0,0.0,rabi,estimated
DWK004,2019,1,6.5,5.8,12.1,rabi,estimated
DWK004,2019,2,6.5,5.8,12.1,rabi,estimated
DWK004,2019,3,6.5,5.8,12.1,rabi,estimated
DWK004,2019,4,13.0,11.6,12.1,summer,estimated
DWK004,2019,5,19.5,17.4,12.1,summer,estimated
DWK004,2019,6,116.9,104.4,12.0,kharif,estimated
DWK004,2019,7,227.4,203.0,12.0,kharif,estimated
DWK004,2019,8,168.9,150.8,12.0,kharif,estimated
DWK004,2019,9,71.5,63.8,12.1,kharif,estimated
DWK004,2019,10,19.5,17.4,12.1,rabi,estimated
DWK004,2019,11,6.5,5.8,12.1,rabi,estimated
DWK004,2019,12,0.0,0.0,0.0,rabi,estimated
DWK004,2020,1,6.1,5.8,5.2,rabi,estimated
DWK004,2020,2,6.1,5.8,5.2,rabi,estimated
DWK004,2020,3,6.1,5.8,5.2,rabi,estimated
DWK004,2020,4,12.2,11.6,5.2,summer,estimated
DWK004,2020,5,18.3,17.4,5.2,summer,estimated
DWK004,2020,6,109.6,104.4,5.0,kharif,estimated
DWK004,2020,7,213.2,203.0,5.0,kharif,estimated
DWK004,2020,8,158.3,150.8,5.0,kharif,estimated
DWK004,2020,9,67.0,63.8,5.0,kharif,estimated
DWK004,2020,10,18.3,17.4,5.2,rabi,estimated
DWK004,2020,11,6.1,5.8,5.2,rabi,estimated
DWK004,2020,12,0.0,0.0,0.0,rabi,estimated
DWK004,2021,1,5.1,5.8,-12.1,rabi,estimated
DWK004,2021,2,5.1,5.8,-12.1,rabi,estimated
DWK004,2021,3,5.1,5.8,-12.1,rabi,estimated
DWK004,2021,4,10.2,11.6,-12.1,summer,estimated
DWK004,2021,5,15.3,17.4,-12.1,summer,estimated
DWK004,2021,6,91.9,104.4,-12.0,kharif,estimated
DWK004,2021,7,178.6,203.0,-12.0,kharif,estimated
DWK004,2021,8,132.7,150.8,-12.0,kharif,estimated
DWK004,2021,9,56.1,63.8,-12.1,kharif,estimated
DWK004,2021,10,15.3,17.4,-12.1,rabi,estimated
DWK004,2021,11,5.1,5.8,-12.1,rabi,estimated
DWK004,2021,12,0.0,0.0,0.0,rabi,estimated
DWK004,2022,1,5.5,5.8,-5.2,rabi,estimated
DWK004,2022,2,5.5,5.8,-5.2,rabi,estimated
DWK004,2022,3,5.5,5.8,-5.2,rabi,estimated
DWK004,2022,4,10.9,11.6,-6.0,summer,estimated
DWK004,2022,5,16.4,17.4,-5.7,summer,estimated
DWK004,2022,6,98.1,104.4,-6.0,kharif,estimated
DWK004,2022,7,190.8,203.0,-6.0,kharif,estimated
DWK004,2022,8,141.8,150.8,-6.0,kharif,estimated
DWK004,2022,9,60.0,63.8,-6.0,kharif,estimated
DWK004,2022,10,16.4,17.4,-5.7,rabi,estimated
DWK004,2022,11,5.5,5.8,-5.2,rabi,estimated
DWK004,2022,12,0.0,0.0,0.0,rabi,estimated
DWK004,2023,1,4.8,5.8,-17.2,rabi,estimated
DWK004,2023,2,4.8,5.8,-17.2,rabi,estimated
DWK004,2023,3,4.8,5.8,-17.2,rabi,estimated
DWK004,2023,4,9.5,11.6,-18.1,summer,estimated
DWK004,2023,5,14.3,17.4,-17.8,summer,estimated
DWK004,2023,6,85.6,104.4,-18.0,kharif,estimated
DWK004,2023,7,166.5,203.0,-18.0,kharif,estimated
DWK004,2023,8,123.7,150.8,-18.0,kharif,estimated
DWK004,2023,9,52.3,63.8,-18.0,kharif,estimated
DWK004,2023,10,14.3,17.4,-17.8,rabi,estimated
DWK004,2023,11,4.8,5.8,-17.2,rabi,estimated
DWK004,2023,12,0.0,0.0,0.0,rabi,estimated
DWK004,2024,1,5.7,5.8,-1.7,rabi,estimated
DWK004,2024,2,5.7,5.8,-1.7,rabi,estimated
DWK004,2024,3,5.7,5.8,-1.7,rabi,estimated
DWK004,2024,4,11.4,11.6,-1.7,summer,estimated
DWK004,2024,5,17.1,17.4,-1.7,summer,estimated
DWK004,2024,6,102.3,104.4,-2.0,kharif,estimated
DWK004,2024,7,198.9,203.0,-2.0,kharif,estimated
DWK004,2024,8,147.8,150.8,-2.0,kharif,estimated
DWK004,2024,9,62.5,63.8,-2.0,kharif,estimated
DWK004,2024,10,17.1,17.4,-1.7,rabi,estimated
DWK004,2024,11,5.7,5.8,-1.7,rabi,estimated
DWK004,2024,12,0.0,0.0,0.0,rabi,estimated
BTD001,2019,1,6.3,5.6,12.5,rabi,estimated
BTD001,2019,2,6.3,5.6,12.5,rabi,estimated
BTD001,2019,3,6.3,5.6,12.5,rabi,estimated
BTD001,2019,4,12.5,11.2,11.6,summer,estimated
BTD001,2019,5,18.8,16.8,11.9,summer,estimated
BTD001,2019,6,112.9,100.8,12.0,kharif,estimated
BTD001,2019,7,219.5,196.0,12.0,kharif,estimated
BTD001,2019,8,163.1,145.6,12.0,kharif,estimated
BTD001,2019,9,69.0,61.6,12.0,kharif,estimated
BTD001,2019,10,18.8,16.8,11.9,rabi,estimated
BTD001,2019,11,6.3,5.6,12.5,rabi,estimated
BTD001,2019,12,0.0,0.0,0.0,rabi,estimated
BTD001,2020,1,5.9,5.6,5.4,rabi,estimated
BTD001,2020,2,5.9,5.6,5.4,rabi,estimated
BTD001,2020,3,5.9,5.6,5.4,rabi,estimated
BTD001,2020,4,11.8,11.2,5.4,summer,estimated
BTD001,2020,5,17.6,16.8,4.8,summer,estimated
BTD001,2020,6,105.8,100.8,5.0,kharif,estimated
BTD001,2020,7,205.8,196.0,5.0,kharif,estimated
BTD001,2020,8,152.9,145.6,5.0,kharif,estimated
BTD001,2020,9,64.7,61.6,5.0,kharif,estimated
BTD001,2020,10,17.6,16.8,4.8,rabi,estimated
BTD001,2020,11,5.9,5.6,5.4,rabi,estimated
BTD001,2020,12,0.0,0.0,0.0,rabi,estimated
BTD001,2021,1,4.9,5.6,-12.5,rabi,estimated
BTD001,2021,2,4.9,5.6,-12.5,rabi,estimated
BTD001,2021,3,4.9,5.6,-12.5,rabi,estimated
BTD001,2021,4,9.9,11.2,-11.6,summer,estimated
BTD001,2021,5,14.8,16.8,-11.9,summer,estimated
BTD001,2021,6,88.7,100.8,-12.0,kharif,estimated
BTD001,2021,7,172.5,196.0,-12.0,kharif,estimated
BTD001,2021,8,128.1,145.6,-12.0,kharif,estimated
BTD001,2021,9,54.2,61.6,-12.0,kharif,estimated
BTD001,2021,10,14.8,16.8,-11.9,rabi,estimated
BTD001,2021,11,4.9,5.6,-12.5,rabi,estimated
BTD001,2021,12,0.0,0.0,0.0,rabi,estimated
BTD001,2022,1,5.3,5.6,-5.4,rabi,estimated
BTD001,2022,2,5.3,5.6,-5.4,rabi,estimated
BTD001,2022,3,5.3,5.6,-5.4,rabi,estimated
BTD001,2022,4,10.5,11.2,-6.2,summer,estimated
BTD001,2022,5,15.8,16.8,-6.0,summer,estimated
BTD001,2022,6,94.8,100.8,-6.0,kharif,estimated
BTD001,2022,7,184.2,196.0,-6.0,kharif,estimated
BTD001,2022,8,136.9,145.6,-6.0,kharif,estimated
BTD001,2022,9,57.9,61.6,-6.0,kharif,estimated
BTD001,2022,10,15.8,16.8,-6.0,rabi,estimated
BTD001,2022,11,5.3,5.6,-5.4,rabi,estimated
BTD001,2022,12,0.0,0.0,0.0,rabi,estimated
BTD001,2023,1,4.6,5.6,-17.9,rabi,estimated
BTD001,2023,2,4.6,5.6,-17.9,rabi,estimated
BTD001,2023,3,4.6,5.6,-17.9,rabi,estimated
BTD001,2023,4,9.2,11.2,-17.9,summer,estimated
BTD001,2023,5,13.8,16.8,-17.9,summer,estimated
BTD001,2023,6,82.7,100.8,-18.0,kharif,estimated
BTD001,2023,7,160.7,196.0,-18.0,kharif,estimated
BTD001,2023,8,119.4,145.6,-18.0,kharif,estimated
BTD001,2023,9,50.5,61.6,-18.0,kharif,estimated
BTD001,2023,10,13.8,16.8,-17.9,rabi,estimated
BTD001,2023,11,4.6,5.6,-17.9,rabi,estimated
BTD001,2023,12,0.0,0.0,0.0,rabi,estimated
BTD001,2024,1,5.5,5.6,-1.8,rabi,estimated
BTD001,2024,2,5.5,5.6,-1.8,rabi,estimated
BTD001,2024,3,5.5,5.6,-1.8,rabi,estimated
BTD001,2024,4,11.0,11.2,-1.8,summer,estimated
BTD001,2024,5,16.5,16.8,-1.8,summer,estimated
BTD001,2024,6,98.8,100.8,-2.0,kharif,estimated
BTD001,2024,7,192.1,196.0,-2.0,kharif,estimated
BTD001,2024,8,142.7,145.6,-2.0,kharif,estimated
BTD001,2024,9,60.4,61.6,-1.9,kharif,estimated
BTD001,2024,10,16.5,16.8,-1.8,rabi,estimated
BTD001,2024,11,5.5,5.6,-1.8,rabi,estimated
BTD001,2024,12,0.0,0.0,0.0,rabi,estimated
BTD002,2019,1,6.0,5.4,11.1,rabi,estimated
BTD002,2019,2,6.0,5.4,11.1,rabi,estimated
BTD002,2019,3,6.0,5.4,11.1,rabi,estimated
BTD002,2019,4,12.1,10.8,12.0,summer,estimated
BTD002,2019,5,18.1,16.2,11.7,summer,estimated
BTD002,2019,6,108.9,97.2,12.0,kharif,estimated
BTD002,2019,7,211.7,189.0,12.0,kharif,estimated
BTD002,2019,8,157.2,140.4,12.0,kharif,estimated
BTD002,2019,9,66.5,59.4,12.0,kharif,estimated
BTD002,2019,10,18.1,16.2,11.7,rabi,estimated
BTD002,2019,11,6.0,5.4,11.1,rabi,estimated
BTD002,2019,12,0.0,0.0,0.0,rabi,estimated
BTD002,2020,1,5.7,5.4,5.6,rabi,estimated
BTD002,2020,2,5.7,5.4,5.6,rabi,estimated
BTD002,2020,3,5.7,5.4,5.6,rabi,estimated
BTD002,2020,4,11.3,10.8,4.6,summer,estimated
BTD002,2020,5,17.0,16.2,4.9,summer,estimated
BTD002,2020,6,102.1,97.2,5.0,kharif,estimated
BTD002,2020,7,198.5,189.0,5.0,kharif,estimated
BTD002,2020,8,147.4,140.4,5.0,kharif,estimated
BTD002,2020,9,62.4,59.4,5.1,kharif,estimated
BTD002,2020,10,17.0,16.2,4.9,rabi,estimated
BTD002,2020,11,5.7,5.4,5.6,rabi,estimated
BTD002,2020,12,0.0,0.0,0.0,rabi,estimated
BTD002,2021,1,4.8,5.4,-11.1,rabi,estimated
BTD002,2021,2,4.8,5.4,-11.1,rabi,estimated
BTD002,2021,3,4.8,5.4,-11.1,rabi,estimated
BTD002,2021,4,9.5,10.8,-12.0,summer,estimated
BTD002,2021,5,14.3,16.2,-11.7,summer,estimated
BTD002,2021,6,85.5,97.2,-12.0,kharif,estimated
BTD002,2021,7,166.3,189.0,-12.0,kharif,estimated
BTD002,2021,8,123.6,140.4,-12.0,kharif,estimated
BTD002,2021,9,52.3,59.4,-12.0,kharif,estimated
BTD002,2021,10,14.3,16.2,-11.7,rabi,estimated
BTD002,2021,11,4.8,5.4,-11.1,rabi,estimated
BTD002,2021,12,0.0,0.0,0.0,rabi,estimated
BTD002,2022,1,5.1,5.4,-5.6,rabi,estimated
BTD002,2022,2,5.1,5.4,-5.6,rabi,estimated
BTD002,2022,3,5.1,5.4,-5.6,rabi,estimated
BTD002,2022,4,10.2,10.8,-5.6,summer,estimated
BTD002,2022,5,15.2,16.2,-6.2,summer,estimated
BTD002,2022,6,91.4,97.2,-6.0,kharif,estimated
BTD002,2022,7,177.7,189.0,-6.0,kharif,estimated
BTD002,2022,8,132.0,140.4,-6.0,kharif,estimated
BTD002,2022,9,55.8,59.4,-6.1,kharif,estimated
BTD002,2022,10,15.2,16.2,-6.2,rabi,estimated
BTD002,2022,11,5.1,5.4,-5.6,rabi,estimated
BTD002,2022,12,0.0,0.0,0.0,rabi,estimated
BTD002,2023,1,4.4,5.4,-18.5,rabi,estimated
BTD002,2023,2,4.4,5.4,-18.5,rabi,estimated
BTD002,2023,3,4.4,5.4,-18.5,rabi,estimated
BTD002,2023,4,8.9,10.8,-17.6,summer,estimated
BTD002,2023,5,13.3,16.2,-17.9,summer,estimated
BTD002,2023,6,79.7,97.2,-18.0,kharif,estimated
BTD002,2023,7,155.0,189.0,-18.0,kharif,estimated
BTD002,2023,8,115.1,140.4,-18.0,kharif,estimated
BTD002,2023,9,48.7,59.4,-18.0,kharif,estimated
BTD002,2023,10,13.3,16.2,-17.9,rabi,estimated
BTD002,2023,11,4.4,5.4,-18.5,rabi,estimated
BTD002,2023,12,0.0,0.0,0.0,rabi,estimated
BTD002,2024,1,5.3,5.4,-1.9,rabi,estimated
BTD002,2024,2,5.3,5.4,-1.9,rabi,estimated
BTD002,2024,3,5.3,5.4,-1.9,rabi,estimated
BTD002,2024,4,10.6,10.8,-1.9,summer,estimated
BTD002,2024,5,15.9,16.2,-1.9,summer,estimated
BTD002,2024,6,95.3,97.2,-2.0,kharif,estimated
BTD002,2024,7,185.2,189.0,-2.0,kharif,estimated
BTD002,2024,8,137.6,140.4,-2.0,kharif,estimated
BTD002,2024,9,58.2,59.4,-2.0,kharif,estimated
BTD002,2024,10,15.9,16.2,-1.9,rabi,estimated
BTD002,2024,11,5.3,5.4,-1.9,rabi,estimated
BTD002,2024,12,0.0,0.0,0.0,rabi,estimated
BTD003,2019,1,5.9,5.3,11.3,rabi,estimated
BTD003,2019,2,5.9,5.3,11.3,rabi,estimated
BTD003,2019,3,5.9,5.3,11.3,rabi,estimated
BTD003,2019,4,11.9,10.6,12.3,summer,estimated
BTD003,2019,5,17.8,15.9,11.9,summer,estimated
BTD003,2019,6,106.8,95.4,11.9,kharif,estimated
BTD003,2019,7,207.8,185.5,12.0,kharif,estimated
BTD003,2019,8,154.3,137.8,12.0,kharif,estimated
BTD003,2019,9,65.3,58.3,12.0,kharif,estimated
BTD003,2019,10,17.8,15.9,11.9,rabi,estimated
BTD003,2019,11,5.9,5.3,11.3,rabi,estimated
BTD003,2019,12,0.0,0.0,0.0,rabi,estimated
BTD003,2020,1,5.6,5.3,5.7,rabi,estimated
BTD003,2020,2,5.6,5.3,5.7,rabi,estimated
BTD003,2020,3,5.6,5.3,5.7,rabi,estimated
BTD003,2020,4,11.1,10.6,4.7,summer,estimated
BTD003,2020,5,16.7,15.9,5.0,summer,estimated
BTD003,2020,6,100.2,95.4,5.0,kharif,estimated
BTD003,2020,7,194.8,185.5,5.0,kharif,estimated
BTD003,2020,8,144.7,137.8,5.0,kharif,estimated
BTD003,2020,9,61.2,58.3,5.0,kharif,estimated
BTD003,2020,10,16.7,15.9,5.0,rabi,estimated
BTD003,2020,11,5.6,5.3,5.7,rabi,estimated
BTD003,2020,12,0.0,0.0,0.0,rabi,estimated
BTD003,2021,1,4.7,5.3,-11.3,rabi,estimated
BTD003,2021,2,4.7,5.3,-11.3,rabi,estimated
BTD003,2021,3,4.7,5.3,-11.3,rabi,estimated
BTD003,2021,4,9.3,10.6,-12.3,summer,estimated
BTD003,2021,5,14.0,15.9,-11.9,summer,estimated
BTD003,2021,6,84.0,95.4,-11.9,kharif,estimated
BTD003,2021,7,163.2,185.5,-12.0,kharif,estimated
BTD003,2021,8,121.3,137.8,-12.0,kharif,estimated
BTD003,2021,9,51.3,58.3,-12.0,kharif,estimated
BTD003,2021,10,14.0,15.9,-11.9,rabi,estimated
BTD003,2021,11,4.7,5.3,-11.3,rabi,estimated
BTD003,2021,12,0.0,0.0,0.0,rabi,estimated
BTD003,2022,1,5.0,5.3,-5.7,rabi,estimated
BTD003,2022,2,5.0,5.3,-5.7,rabi,estimated
BTD003,2022,3,5.0,5.3,-5.7,rabi,estimated
BTD003,2022,4,10.0,10.6,-5.7,summer,estimated
BTD003,2022,5,14.9,15.9,-6.3,summer,estimated
BTD003,2022,6,89.7,95.4,-6.0,kharif,estimated
BTD003,2022,7,174.4,185.5,-6.0,kharif,estimated
BTD003,2022,8,129.5,137.8,-6.0,kharif,estimated
BTD003,2022,9,54.8,58.3,-6.0,kharif,estimated
BTD003,2022,10,14.9,15.9,-6.3,rabi,estimated
BTD003,2022,11,5.0,5.3,-5.7,rabi,estimated
BTD003,2022,12,0.0,0.0,0.0,rabi,estimated
BTD003,2023,1,4.3,5.3,-18.9,rabi,estimated
BTD003,2023,2,4.3,5.3,-18.9,rabi,estimated
BTD003,2023,3,4.3,5.3,-18.9,rabi,estimated
BTD003,2023,4,8.7,10.6,-17.9,summer,estimated
BTD003,2023,5,13.0,15.9,-18.2,summer,estimated
BTD003,2023,6,78.2,95.4,-18.0,kharif,estimated
BTD003,2023,7,152.1,185.5,-18.0,kharif,estimated
BTD003,2023,8,113.0,137.8,-18.0,kharif,estimated
BTD003,2023,9,47.8,58.3,-18.0,kharif,estimated
BTD003,2023,10,13.0,15.9,-18.2,rabi,estimated
BTD003,2023,11,4.3,5.3,-18.9,rabi,estimated
BTD003,2023,12,0.0,0.0,0.0,rabi,estimated
BTD003,2024,1,5.2,5.3,-1.9,rabi,estimated
BTD003,2024,2,5.2,5.3,-1.9,rabi,estimated
BTD003,2024,3,5.2,5.3,-1.9,rabi,estimated
BTD003,2024,4,10.4,10.6,-1.9,summer,estimated
BTD003,2024,5,15.6,15.9,-1.9,summer,estimated
BTD003,2024,6,93.5,95.4,-2.0,kharif,estimated
BTD003,2024,7,181.8,185.5,-2.0,kharif,estimated
BTD003,2024,8,135.0,137.8,-2.0,kharif,estimated
BTD003,2024,9,57.1,58.3,-2.1,kharif,estimated
BTD003,2024,10,15.6,15.9,-1.9,rabi,estimated
BTD003,2024,11,5.2,5.3,-1.9,rabi,estimated
BTD003,2024,12,0.0,0.0,0.0,rabi,estimated
